{
"type": "FeatureCollection",
"name": "philaSF",
"crs": { "type": "name", "properties": { "name": "urn:ogc:def:crs:EPSG::4269" } },
"features": [
{ "type": "Feature", "properties": { "STATEFP": "42", "COUNTYFP": "101", "TRACTCE": "001700", "GEOIDFQ": "1400000US42101001700", "GEOID": "42101001700", "NAME": "17", "NAMELSAD": "Census Tract 17", "STUSPS": "PA", "NAMELSADCO": "Philadelphia County", "STATE_NAME": "Pennsylvania", "LSAD": "CT", "ALAND": 212720.0, "AWATER": 0.0 }, "geometry": { "type": "MultiPolygon", "coordinates": [ [ [ [ -75.153065, 39.938763 ], [ -75.152771, 39.940039 ], [ -75.151773, 39.939548 ], [ -75.148157, 39.938899 ], [ -75.144646, 39.938373 ], [ -75.144529, 39.938873 ], [ -75.143877, 39.938784 ], [ -75.144888, 39.935465 ], [ -75.146808, 39.935982 ], [ -75.148694, 39.936486 ], [ -75.150229, 39.936921 ], [ -75.151759, 39.937331 ], [ -75.153286, 39.937736 ], [ -75.153065, 39.938763 ] ] ] ] } },
{ "type": "Feature", "properties": { "STATEFP": "42", "COUNTYFP": "101", "TRACTCE": "002500", "GEOIDFQ": "1400000US42101002500", "GEOID": "42101002500", "NAME": "25", "NAMELSAD": "Census Tract 25", "STUSPS": "PA", "NAMELSADCO": "Philadelphia County", "STATE_NAME": "Pennsylvania", "LSAD": "CT", "ALAND": 393627.0, "AWATER": 0.0 }, "geometry": { "type": "MultiPolygon", "coordinates": [ [ [ [ -75.154194, 39.933649 ], [ -75.153861, 39.935126 ], [ -75.153774, 39.935516 ], [ -75.153589, 39.936377 ], [ -75.153286, 39.937736 ], [ -75.151759, 39.937331 ], [ -75.150229, 39.936921 ], [ -75.148694, 39.936486 ], [ -75.146808, 39.935982 ], [ -75.144888, 39.935465 ], [ -75.145392, 39.933378 ], [ -75.14617, 39.931321 ], [ -75.149728, 39.931793 ], [ -75.151309, 39.932007 ], [ -75.152893, 39.932208 ], [ -75.154454, 39.93242 ], [ -75.154194, 39.933649 ] ] ] ] } },
{ "type": "Feature", "properties": { "STATEFP": "42", "COUNTYFP": "101", "TRACTCE": "006100", "GEOIDFQ": "1400000US42101006100", "GEOID": "42101006100", "NAME": "61", "NAMELSAD": "Census Tract 61", "STUSPS": "PA", "NAMELSADCO": "Philadelphia County", "STATE_NAME": "Pennsylvania", "LSAD": "CT", "ALAND": 535234.0, "AWATER": 0.0 }, "geometry": { "type": "MultiPolygon", "coordinates": [ [ [ [ -75.23463, 39.914848 ], [ -75.232692, 39.916219 ], [ -75.231092, 39.917343 ], [ -75.230094, 39.918046 ], [ -75.22943, 39.918507 ], [ -75.227538, 39.91984 ], [ -75.225839, 39.918503 ], [ -75.22421, 39.917832 ], [ -75.223236, 39.917589 ], [ -75.225226, 39.914719 ], [ -75.229266, 39.909028 ], [ -75.230507, 39.911203 ], [ -75.231662, 39.912252 ], [ -75.23374, 39.914073 ], [ -75.23463, 39.914848 ] ] ] ] } },
{ "type": "Feature", "properties": { "STATEFP": "42", "COUNTYFP": "101", "TRACTCE": "007700", "GEOIDFQ": "1400000US42101007700", "GEOID": "42101007700", "NAME": "77", "NAMELSAD": "Census Tract 77", "STUSPS": "PA", "NAMELSADCO": "Philadelphia County", "STATE_NAME": "Pennsylvania", "LSAD": "CT", "ALAND": 322266.0, "AWATER": 0.0 }, "geometry": { "type": "MultiPolygon", "coordinates": [ [ [ [ -75.21292, 39.949065 ], [ -75.209259, 39.949541 ], [ -75.208044, 39.949748 ], [ -75.205759, 39.949832 ], [ -75.205656, 39.948053 ], [ -75.207046, 39.946754 ], [ -75.205373, 39.945058 ], [ -75.20506, 39.943624 ], [ -75.207838, 39.941286 ], [ -75.208799, 39.941644 ], [ -75.207649, 39.942475 ], [ -75.211401, 39.945802 ], [ -75.210103, 39.946697 ], [ -75.211389, 39.947796 ], [ -75.21292, 39.949065 ] ] ] ] } },
{ "type": "Feature", "properties": { "STATEFP": "42", "COUNTYFP": "101", "TRACTCE": "009200", "GEOIDFQ": "1400000US42101009200", "GEOID": "42101009200", "NAME": "92", "NAMELSAD": "Census Tract 92", "STUSPS": "PA", "NAMELSADCO": "Philadelphia County", "STATE_NAME": "Pennsylvania", "LSAD": "CT", "ALAND": 512010.0, "AWATER": 0.0 }, "geometry": { "type": "MultiPolygon", "coordinates": [ [ [ [ -75.21306, 39.962577 ], [ -75.21056, 39.962571 ], [ -75.209058, 39.962329 ], [ -75.206889, 39.962485 ], [ -75.20236, 39.962859 ], [ -75.202235, 39.961643 ], [ -75.201971, 39.959176 ], [ -75.201824, 39.957827 ], [ -75.201953, 39.957149 ], [ -75.204145, 39.957422 ], [ -75.208128, 39.957915 ], [ -75.211039, 39.958276 ], [ -75.214018, 39.958643 ], [ -75.21306, 39.962577 ] ] ] ] } },
{ "type": "Feature", "properties": { "STATEFP": "42", "COUNTYFP": "101", "TRACTCE": "011300", "GEOIDFQ": "1400000US42101011300", "GEOID": "42101011300", "NAME": "113", "NAMELSAD": "Census Tract 113", "STUSPS": "PA", "NAMELSADCO": "Philadelphia County", "STATE_NAME": "Pennsylvania", "LSAD": "CT", "ALAND": 335526.0, "AWATER": 0.0 }, "geometry": { "type": "MultiPolygon", "coordinates": [ [ [ [ -75.239335, 39.981447 ], [ -75.239042, 39.98195 ], [ -75.235689, 39.980803 ], [ -75.234068, 39.980402 ], [ -75.230171, 39.978794 ], [ -75.229855, 39.977069 ], [ -75.231783, 39.976852 ], [ -75.233691, 39.976642 ], [ -75.236087, 39.97638 ], [ -75.23857, 39.976101 ], [ -75.238891, 39.977818 ], [ -75.239124, 39.979069 ], [ -75.239467, 39.980914 ], [ -75.239335, 39.981447 ] ] ] ] } },
{ "type": "Feature", "properties": { "STATEFP": "42", "COUNTYFP": "101", "TRACTCE": "011500", "GEOIDFQ": "1400000US42101011500", "GEOID": "42101011500", "NAME": "115", "NAMELSAD": "Census Tract 115", "STUSPS": "PA", "NAMELSADCO": "Philadelphia County", "STATE_NAME": "Pennsylvania", "LSAD": "CT", "ALAND": 370456.0, "AWATER": 0.0 }, "geometry": { "type": "MultiPolygon", "coordinates": [ [ [ [ -75.255918, 39.978122 ], [ -75.253929, 39.979067 ], [ -75.253104, 39.98018 ], [ -75.252544, 39.98077 ], [ -75.251063, 39.981601 ], [ -75.248944, 39.979106 ], [ -75.248628, 39.978707 ], [ -75.247797, 39.975079 ], [ -75.250203, 39.974815 ], [ -75.251914, 39.974623 ], [ -75.255196, 39.97426 ], [ -75.255661, 39.976755 ], [ -75.255918, 39.978122 ] ] ] ] } },
{ "type": "Feature", "properties": { "STATEFP": "42", "COUNTYFP": "101", "TRACTCE": "013200", "GEOIDFQ": "1400000US42101013200", "GEOID": "42101013200", "NAME": "132", "NAMELSAD": "Census Tract 132", "STUSPS": "PA", "NAMELSADCO": "Philadelphia County", "STATE_NAME": "Pennsylvania", "LSAD": "CT", "ALAND": 426669.0, "AWATER": 0.0 }, "geometry": { "type": "MultiPolygon", "coordinates": [ [ [ [ -75.160957, 39.964469 ], [ -75.160804, 39.965159 ], [ -75.160678, 39.96577 ], [ -75.160395, 39.967064 ], [ -75.159702, 39.970202 ], [ -75.154549, 39.968931 ], [ -75.153018, 39.968549 ], [ -75.153739, 39.965261 ], [ -75.154013, 39.963976 ], [ -75.154312, 39.962614 ], [ -75.161188, 39.963422 ], [ -75.160957, 39.964469 ] ] ] ] } },
{ "type": "Feature", "properties": { "STATEFP": "42", "COUNTYFP": "101", "TRACTCE": "014000", "GEOIDFQ": "1400000US42101014000", "GEOID": "42101014000", "NAME": "140", "NAMELSAD": "Census Tract 140", "STUSPS": "PA", "NAMELSADCO": "Philadelphia County", "STATE_NAME": "Pennsylvania", "LSAD": "CT", "ALAND": 439804.0, "AWATER": 0.0 }, "geometry": { "type": "MultiPolygon", "coordinates": [ [ [ [ -75.16722, 39.973397 ], [ -75.166463, 39.976877 ], [ -75.164888, 39.976668 ], [ -75.163325, 39.976471 ], [ -75.16175, 39.976262 ], [ -75.158526, 39.97585 ], [ -75.158782, 39.974482 ], [ -75.159237, 39.972384 ], [ -75.159702, 39.970202 ], [ -75.164555, 39.970816 ], [ -75.167703, 39.971211 ], [ -75.16722, 39.973397 ] ] ] ] } },
{ "type": "Feature", "properties": { "STATEFP": "42", "COUNTYFP": "101", "TRACTCE": "016500", "GEOIDFQ": "1400000US42101016500", "GEOID": "42101016500", "NAME": "165", "NAMELSAD": "Census Tract 165", "STUSPS": "PA", "NAMELSADCO": "Philadelphia County", "STATE_NAME": "Pennsylvania", "LSAD": "CT", "ALAND": 394661.0, "AWATER": 0.0 }, "geometry": { "type": "MultiPolygon", "coordinates": [ [ [ [ -75.152389, 39.993659 ], [ -75.150813, 39.99346 ], [ -75.149238, 39.993253 ], [ -75.147887, 39.993078 ], [ -75.148305, 39.990968 ], [ -75.147542, 39.989863 ], [ -75.145126, 39.986485 ], [ -75.144154, 39.984724 ], [ -75.150197, 39.985504 ], [ -75.151199, 39.987798 ], [ -75.151815, 39.988886 ], [ -75.152871, 39.990551 ], [ -75.152389, 39.993659 ] ] ] ] } },
{ "type": "Feature", "properties": { "STATEFP": "42", "COUNTYFP": "101", "TRACTCE": "018300", "GEOIDFQ": "1400000US42101018300", "GEOID": "42101018300", "NAME": "183", "NAMELSAD": "Census Tract 183", "STUSPS": "PA", "NAMELSADCO": "Philadelphia County", "STATE_NAME": "Pennsylvania", "LSAD": "CT", "ALAND": 1799301.0, "AWATER": 118709.0 }, "geometry": { "type": "MultiPolygon", "coordinates": [ [ [ [ -75.08637, 39.998895 ], [ -75.079781, 40.002337 ], [ -75.077476, 40.004139 ], [ -75.075687, 40.005553 ], [ -75.073149, 40.001517 ], [ -75.070609, 40.001652 ], [ -75.070175, 40.00106 ], [ -75.069049, 39.999566 ], [ -75.065458, 39.99498 ], [ -75.067864, 39.992483 ], [ -75.072258, 39.990202 ], [ -75.069431, 39.986496 ], [ -75.065442755749004, 39.984989396580602 ], [ -75.067701308462702, 39.9831408685653 ], [ -75.070716, 39.985097 ], [ -75.078288, 39.990945 ], [ -75.080785, 39.993572 ], [ -75.083346, 39.99641 ], [ -75.08637, 39.998895 ] ] ] ] } },
{ "type": "Feature", "properties": { "STATEFP": "42", "COUNTYFP": "101", "TRACTCE": "019700", "GEOIDFQ": "1400000US42101019700", "GEOID": "42101019700", "NAME": "197", "NAMELSAD": "Census Tract 197", "STUSPS": "PA", "NAMELSADCO": "Philadelphia County", "STATE_NAME": "Pennsylvania", "LSAD": "CT", "ALAND": 450587.0, "AWATER": 0.0 }, "geometry": { "type": "MultiPolygon", "coordinates": [ [ [ [ -75.141126, 40.015818 ], [ -75.140105, 40.02039 ], [ -75.138463, 40.020171 ], [ -75.13674, 40.019958 ], [ -75.135818, 40.020645 ], [ -75.134194, 40.019619 ], [ -75.135533, 40.013463 ], [ -75.135858, 40.011982 ], [ -75.137826, 40.012233 ], [ -75.139484, 40.012453 ], [ -75.140125, 40.012538 ], [ -75.141745, 40.012939 ], [ -75.141126, 40.015818 ] ] ] ] } },
{ "type": "Feature", "properties": { "STATEFP": "42", "COUNTYFP": "101", "TRACTCE": "038700", "GEOIDFQ": "1400000US42101038700", "GEOID": "42101038700", "NAME": "387", "NAMELSAD": "Census Tract 387", "STUSPS": "PA", "NAMELSADCO": "Philadelphia County", "STATE_NAME": "Pennsylvania", "LSAD": "CT", "ALAND": 2051448.0, "AWATER": 22042.0 }, "geometry": { "type": "MultiPolygon", "coordinates": [ [ [ [ -75.2305, 40.086022 ], [ -75.22361, 40.092907 ], [ -75.21357, 40.087154 ], [ -75.212375, 40.085995 ], [ -75.211868, 40.086086 ], [ -75.209396, 40.084927 ], [ -75.197601, 40.077991 ], [ -75.199361, 40.075928 ], [ -75.199496, 40.07547 ], [ -75.199786, 40.075366 ], [ -75.200878, 40.074958 ], [ -75.202651, 40.073212 ], [ -75.203427, 40.07418 ], [ -75.207985, 40.07695 ], [ -75.217463, 40.080575 ], [ -75.219807, 40.082084 ], [ -75.224012, 40.084218 ], [ -75.227717, 40.084321 ], [ -75.227902, 40.084389 ], [ -75.2305, 40.086022 ] ] ] ] } },
{ "type": "Feature", "properties": { "STATEFP": "42", "COUNTYFP": "101", "TRACTCE": "026100", "GEOIDFQ": "1400000US42101026100", "GEOID": "42101026100", "NAME": "261", "NAMELSAD": "Census Tract 261", "STUSPS": "PA", "NAMELSADCO": "Philadelphia County", "STATE_NAME": "Pennsylvania", "LSAD": "CT", "ALAND": 649365.0, "AWATER": 0.0 }, "geometry": { "type": "MultiPolygon", "coordinates": [ [ [ [ -75.180482, 40.070191 ], [ -75.179448, 40.071261 ], [ -75.176841, 40.07598 ], [ -75.175509, 40.075214 ], [ -75.17394, 40.07431 ], [ -75.171716, 40.073039 ], [ -75.16899, 40.071473 ], [ -75.170657, 40.069832 ], [ -75.172207, 40.068288 ], [ -75.173459, 40.067054 ], [ -75.175327, 40.065216 ], [ -75.176526, 40.065896 ], [ -75.181751, 40.068902 ], [ -75.180482, 40.070191 ] ] ] ] } },
{ "type": "Feature", "properties": { "STATEFP": "42", "COUNTYFP": "101", "TRACTCE": "027901", "GEOIDFQ": "1400000US42101027901", "GEOID": "42101027901", "NAME": "279.01", "NAMELSAD": "Census Tract 279.01", "STUSPS": "PA", "NAMELSADCO": "Philadelphia County", "STATE_NAME": "Pennsylvania", "LSAD": "CT", "ALAND": 415780.0, "AWATER": 0.0 }, "geometry": { "type": "MultiPolygon", "coordinates": [ [ [ [ -75.158217, 40.045076 ], [ -75.158132, 40.046418 ], [ -75.158017, 40.048126 ], [ -75.157958, 40.049025 ], [ -75.154793, 40.048902 ], [ -75.153235, 40.048842 ], [ -75.15082, 40.048518 ], [ -75.150967, 40.046767 ], [ -75.15068, 40.046352 ], [ -75.150148, 40.045658 ], [ -75.149591, 40.04483 ], [ -75.149796, 40.043673 ], [ -75.152081, 40.043608 ], [ -75.153883, 40.043659 ], [ -75.153946, 40.042752 ], [ -75.158306, 40.042861 ], [ -75.158217, 40.045076 ] ] ] ] } },
{ "type": "Feature", "properties": { "STATEFP": "42", "COUNTYFP": "101", "TRACTCE": "029400", "GEOIDFQ": "1400000US42101029400", "GEOID": "42101029400", "NAME": "294", "NAMELSAD": "Census Tract 294", "STUSPS": "PA", "NAMELSADCO": "Philadelphia County", "STATE_NAME": "Pennsylvania", "LSAD": "CT", "ALAND": 647650.0, "AWATER": 2470.0 }, "geometry": { "type": "MultiPolygon", "coordinates": [ [ [ [ -75.091815, 40.006007 ], [ -75.088731, 40.010923 ], [ -75.087577, 40.012516 ], [ -75.085818, 40.014448 ], [ -75.085519, 40.014787 ], [ -75.0817, 40.012736 ], [ -75.080857, 40.011903 ], [ -75.080314, 40.011393 ], [ -75.079279, 40.010409 ], [ -75.078749, 40.009878 ], [ -75.078448, 40.008586 ], [ -75.083087, 40.007437 ], [ -75.087448, 40.006079 ], [ -75.090154, 40.004148 ], [ -75.091749, 40.0047 ], [ -75.092536, 40.005378 ], [ -75.091815, 40.006007 ] ] ] ] } },
{ "type": "Feature", "properties": { "STATEFP": "42", "COUNTYFP": "101", "TRACTCE": "031000", "GEOIDFQ": "1400000US42101031000", "GEOID": "42101031000", "NAME": "310", "NAMELSAD": "Census Tract 310", "STUSPS": "PA", "NAMELSADCO": "Philadelphia County", "STATE_NAME": "Pennsylvania", "LSAD": "CT", "ALAND": 1063414.0, "AWATER": 0.0 }, "geometry": { "type": "MultiPolygon", "coordinates": [ [ [ [ -75.079878, 40.051217 ], [ -75.079334, 40.051809 ], [ -75.075032, 40.056359 ], [ -75.073256, 40.05533 ], [ -75.069721, 40.053284 ], [ -75.068503, 40.05259 ], [ -75.066045, 40.051181 ], [ -75.069073, 40.048109 ], [ -75.070302, 40.046822 ], [ -75.072645, 40.044394 ], [ -75.073836, 40.043174 ], [ -75.077403, 40.045139 ], [ -75.079188, 40.046133 ], [ -75.082888, 40.048197 ], [ -75.079878, 40.051217 ] ] ] ] } },
{ "type": "Feature", "properties": { "STATEFP": "42", "COUNTYFP": "101", "TRACTCE": "032500", "GEOIDFQ": "1400000US42101032500", "GEOID": "42101032500", "NAME": "325", "NAMELSAD": "Census Tract 325", "STUSPS": "PA", "NAMELSADCO": "Philadelphia County", "STATE_NAME": "Pennsylvania", "LSAD": "CT", "ALAND": 839319.0, "AWATER": 0.0 }, "geometry": { "type": "MultiPolygon", "coordinates": [ [ [ [ -75.051104, 40.026407 ], [ -75.047453, 40.028294 ], [ -75.050972, 40.032324 ], [ -75.048574, 40.032982 ], [ -75.04677, 40.033683 ], [ -75.043757, 40.030204 ], [ -75.042858, 40.029185 ], [ -75.041037, 40.027091 ], [ -75.038625, 40.024239 ], [ -75.039452, 40.022917 ], [ -75.040499, 40.022297 ], [ -75.045381, 40.019868 ], [ -75.048375, 40.023291 ], [ -75.049304, 40.024351 ], [ -75.050202, 40.02538 ], [ -75.051104, 40.026407 ] ] ] ] } },
{ "type": "Feature", "properties": { "STATEFP": "42", "COUNTYFP": "101", "TRACTCE": "034600", "GEOIDFQ": "1400000US42101034600", "GEOID": "42101034600", "NAME": "346", "NAMELSAD": "Census Tract 346", "STUSPS": "PA", "NAMELSADCO": "Philadelphia County", "STATE_NAME": "Pennsylvania", "LSAD": "CT", "ALAND": 1855725.0, "AWATER": 3687.0 }, "geometry": { "type": "MultiPolygon", "coordinates": [ [ [ [ -75.035087, 40.074617 ], [ -75.028952, 40.080968 ], [ -75.028774, 40.080864 ], [ -75.023713, 40.077994 ], [ -75.013126, 40.072071 ], [ -75.021707, 40.063392 ], [ -75.022217, 40.06352 ], [ -75.028256, 40.067314 ], [ -75.02966, 40.068154 ], [ -75.035087, 40.074617 ] ] ] ] } },
{ "type": "Feature", "properties": { "STATEFP": "42", "COUNTYFP": "101", "TRACTCE": "034802", "GEOIDFQ": "1400000US42101034802", "GEOID": "42101034802", "NAME": "348.02", "NAMELSAD": "Census Tract 348.02", "STUSPS": "PA", "NAMELSADCO": "Philadelphia County", "STATE_NAME": "Pennsylvania", "LSAD": "CT", "ALAND": 1232182.0, "AWATER": 8015.0 }, "geometry": { "type": "MultiPolygon", "coordinates": [ [ [ [ -75.021707, 40.063392 ], [ -75.013126, 40.072071 ], [ -75.01135, 40.071189 ], [ -75.007269, 40.069161 ], [ -75.008128, 40.068585 ], [ -75.008788, 40.06735 ], [ -75.009331, 40.065812 ], [ -75.009421, 40.061365 ], [ -75.008801, 40.058401 ], [ -75.008621, 40.058224 ], [ -75.008245, 40.057796 ], [ -75.008639, 40.057773 ], [ -75.011241, 40.056667 ], [ -75.012828, 40.056404 ], [ -75.014444, 40.057424 ], [ -75.020622, 40.061282 ], [ -75.021185, 40.061691 ], [ -75.021992, 40.063113 ], [ -75.021707, 40.063392 ] ] ] ] } },
{ "type": "Feature", "properties": { "STATEFP": "42", "COUNTYFP": "101", "TRACTCE": "035900", "GEOIDFQ": "1400000US42101035900", "GEOID": "42101035900", "NAME": "359", "NAMELSAD": "Census Tract 359", "STUSPS": "PA", "NAMELSADCO": "Philadelphia County", "STATE_NAME": "Pennsylvania", "LSAD": "CT", "ALAND": 2244712.0, "AWATER": 2511.0 }, "geometry": { "type": "MultiPolygon", "coordinates": [ [ [ [ -75.028883, 40.102543 ], [ -75.026305, 40.108324 ], [ -75.025585, 40.109312 ], [ -75.024306, 40.111181 ], [ -75.023041, 40.112998 ], [ -75.018457, 40.118119 ], [ -75.018005, 40.118909 ], [ -75.015384, 40.123599 ], [ -75.010453, 40.120681 ], [ -75.008712, 40.119612 ], [ -75.006991, 40.118599 ], [ -75.005391, 40.114802 ], [ -75.018145, 40.105095 ], [ -75.023927, 40.100702 ], [ -75.027635, 40.101765 ], [ -75.028883, 40.102543 ] ] ] ] } },
{ "type": "Feature", "properties": { "STATEFP": "42", "COUNTYFP": "101", "TRACTCE": "017602", "GEOIDFQ": "1400000US42101017602", "GEOID": "42101017602", "NAME": "176.02", "NAMELSAD": "Census Tract 176.02", "STUSPS": "PA", "NAMELSADCO": "Philadelphia County", "STATE_NAME": "Pennsylvania", "LSAD": "CT", "ALAND": 400461.0, "AWATER": 0.0 }, "geometry": { "type": "MultiPolygon", "coordinates": [ [ [ [ -75.138524, 39.999743 ], [ -75.133236, 39.999057 ], [ -75.132172, 39.998913 ], [ -75.12926, 39.998539 ], [ -75.12538, 39.998043 ], [ -75.125737, 39.996451 ], [ -75.126054, 39.994957 ], [ -75.126374, 39.993462 ], [ -75.126915, 39.991834 ], [ -75.128748, 39.993458 ], [ -75.130122, 39.994573 ], [ -75.13191, 39.995754 ], [ -75.133777, 39.996591 ], [ -75.138713, 39.998891 ], [ -75.138524, 39.999743 ] ] ] ] } },
{ "type": "Feature", "properties": { "STATEFP": "42", "COUNTYFP": "101", "TRACTCE": "980500", "GEOIDFQ": "1400000US42101980500", "GEOID": "42101980500", "NAME": "9805", "NAMELSAD": "Census Tract 9805", "STUSPS": "PA", "NAMELSADCO": "Philadelphia County", "STATE_NAME": "Pennsylvania", "LSAD": "CT", "ALAND": 416088.0, "AWATER": 0.0 }, "geometry": { "type": "MultiPolygon", "coordinates": [ [ [ [ -75.147143, 40.01901 ], [ -75.147139, 40.019518 ], [ -75.14711, 40.02128 ], [ -75.146379, 40.021204 ], [ -75.143223, 40.020796 ], [ -75.142027, 40.020635 ], [ -75.141589, 40.020811 ], [ -75.140105, 40.02039 ], [ -75.141126, 40.015818 ], [ -75.141745, 40.012939 ], [ -75.146473, 40.014862 ], [ -75.147212, 40.014965 ], [ -75.147143, 40.01901 ] ] ] ] } },
{ "type": "Feature", "properties": { "STATEFP": "42", "COUNTYFP": "101", "TRACTCE": "010300", "GEOIDFQ": "1400000US42101010300", "GEOID": "42101010300", "NAME": "103", "NAMELSAD": "Census Tract 103", "STUSPS": "PA", "NAMELSADCO": "Philadelphia County", "STATE_NAME": "Pennsylvania", "LSAD": "CT", "ALAND": 281275.0, "AWATER": 0.0 }, "geometry": { "type": "MultiPolygon", "coordinates": [ [ [ [ -75.228735, 39.971107 ], [ -75.225834, 39.971364 ], [ -75.225372, 39.969517 ], [ -75.223118, 39.969747 ], [ -75.222501, 39.966878 ], [ -75.222444, 39.966531 ], [ -75.222431, 39.966487 ], [ -75.221952, 39.96425 ], [ -75.223531, 39.964601 ], [ -75.224105, 39.964739 ], [ -75.22623, 39.965571 ], [ -75.22786, 39.966191 ], [ -75.228149, 39.967843 ], [ -75.228248, 39.968409 ], [ -75.228735, 39.971107 ] ] ] ] } },
{ "type": "Feature", "properties": { "STATEFP": "42", "COUNTYFP": "101", "TRACTCE": "000500", "GEOIDFQ": "1400000US42101000500", "GEOID": "42101000500", "NAME": "5", "NAMELSAD": "Census Tract 5", "STUSPS": "PA", "NAMELSADCO": "Philadelphia County", "STATE_NAME": "Pennsylvania", "LSAD": "CT", "ALAND": 428760.0, "AWATER": 0.0 }, "geometry": { "type": "MultiPolygon", "coordinates": [ [ [ [ -75.165063, 39.953608 ], [ -75.163323, 39.953355 ], [ -75.163093, 39.9544 ], [ -75.159435, 39.953953 ], [ -75.157864, 39.953748 ], [ -75.154717, 39.953348 ], [ -75.151539, 39.952948 ], [ -75.152, 39.950936 ], [ -75.152337, 39.949421 ], [ -75.157062, 39.950006 ], [ -75.158634, 39.950203 ], [ -75.160209, 39.950395 ], [ -75.163857, 39.950856 ], [ -75.164011, 39.950876 ], [ -75.163996, 39.951625 ], [ -75.165299, 39.952284 ], [ -75.165063, 39.953608 ] ] ] ] } },
{ "type": "Feature", "properties": { "STATEFP": "42", "COUNTYFP": "101", "TRACTCE": "014800", "GEOIDFQ": "1400000US42101014800", "GEOID": "42101014800", "NAME": "148", "NAMELSAD": "Census Tract 148", "STUSPS": "PA", "NAMELSADCO": "Philadelphia County", "STATE_NAME": "Pennsylvania", "LSAD": "CT", "ALAND": 191125.0, "AWATER": 0.0 }, "geometry": { "type": "MultiPolygon", "coordinates": [ [ [ [ -75.172503, 39.980592 ], [ -75.172161, 39.9821 ], [ -75.170557, 39.981901 ], [ -75.165511, 39.981244 ], [ -75.165849, 39.979714 ], [ -75.16616, 39.978308 ], [ -75.170287, 39.978845 ], [ -75.171213, 39.978952 ], [ -75.172799, 39.97916 ], [ -75.172503, 39.980592 ] ] ] ] } },
{ "type": "Feature", "properties": { "STATEFP": "42", "COUNTYFP": "101", "TRACTCE": "001204", "GEOIDFQ": "1400000US42101001204", "GEOID": "42101001204", "NAME": "12.04", "NAMELSAD": "Census Tract 12.04", "STUSPS": "PA", "NAMELSADCO": "Philadelphia County", "STATE_NAME": "Pennsylvania", "LSAD": "CT", "ALAND": 206147.0, "AWATER": 0.0 }, "geometry": { "type": "MultiPolygon", "coordinates": [ [ [ [ -75.171488, 39.946353 ], [ -75.17118, 39.947784 ], [ -75.169614, 39.94758 ], [ -75.16803, 39.947386 ], [ -75.166458, 39.947196 ], [ -75.164845, 39.946999 ], [ -75.165341, 39.944664 ], [ -75.165575, 39.943664 ], [ -75.168762, 39.94405 ], [ -75.171906, 39.944443 ], [ -75.171488, 39.946353 ] ] ] ] } },
{ "type": "Feature", "properties": { "STATEFP": "42", "COUNTYFP": "101", "TRACTCE": "000101", "GEOIDFQ": "1400000US42101000101", "GEOID": "42101000101", "NAME": "1.01", "NAMELSAD": "Census Tract 1.01", "STUSPS": "PA", "NAMELSADCO": "Philadelphia County", "STATE_NAME": "Pennsylvania", "LSAD": "CT", "ALAND": 351883.0, "AWATER": 0.0 }, "geometry": { "type": "MultiPolygon", "coordinates": [ [ [ [ -75.152, 39.950936 ], [ -75.151539, 39.952948 ], [ -75.148472, 39.952578 ], [ -75.146806, 39.952369 ], [ -75.14523, 39.952175 ], [ -75.143303, 39.951935 ], [ -75.141469, 39.951698 ], [ -75.142466, 39.948174 ], [ -75.14408, 39.948379 ], [ -75.149186, 39.949032 ], [ -75.150767, 39.949223 ], [ -75.152337, 39.949421 ], [ -75.152, 39.950936 ] ] ] ] } },
{ "type": "Feature", "properties": { "STATEFP": "42", "COUNTYFP": "101", "TRACTCE": "980903", "GEOIDFQ": "1400000US42101980903", "GEOID": "42101980903", "NAME": "9809.03", "NAMELSAD": "Census Tract 9809.03", "STUSPS": "PA", "NAMELSADCO": "Philadelphia County", "STATE_NAME": "Pennsylvania", "LSAD": "CT", "ALAND": 171154.0, "AWATER": 0.0 }, "geometry": { "type": "MultiPolygon", "coordinates": [ [ [ [ -75.203047, 39.93496 ], [ -75.199344, 39.938366 ], [ -75.197924, 39.938063 ], [ -75.198817, 39.937009 ], [ -75.199503, 39.934508 ], [ -75.199855, 39.93266 ], [ -75.199649, 39.931912 ], [ -75.204223, 39.932852 ], [ -75.203047, 39.93496 ] ] ] ] } },
{ "type": "Feature", "properties": { "STATEFP": "42", "COUNTYFP": "101", "TRACTCE": "000600", "GEOIDFQ": "1400000US42101000600", "GEOID": "42101000600", "NAME": "6", "NAMELSAD": "Census Tract 6", "STUSPS": "PA", "NAMELSADCO": "Philadelphia County", "STATE_NAME": "Pennsylvania", "LSAD": "CT", "ALAND": 172652.0, "AWATER": 0.0 }, "geometry": { "type": "MultiPolygon", "coordinates": [ [ [ [ -75.164338, 39.949346 ], [ -75.164011, 39.950876 ], [ -75.163857, 39.950856 ], [ -75.160209, 39.950395 ], [ -75.158634, 39.950203 ], [ -75.157062, 39.950006 ], [ -75.152337, 39.949421 ], [ -75.153174, 39.947962 ], [ -75.156646, 39.948394 ], [ -75.157392, 39.94849 ], [ -75.158965, 39.948681 ], [ -75.159751, 39.948783 ], [ -75.162114, 39.94908 ], [ -75.164192, 39.949334 ], [ -75.164338, 39.949346 ] ] ] ] } },
{ "type": "Feature", "properties": { "STATEFP": "42", "COUNTYFP": "101", "TRACTCE": "001500", "GEOIDFQ": "1400000US42101001500", "GEOID": "42101001500", "NAME": "15", "NAMELSAD": "Census Tract 15", "STUSPS": "PA", "NAMELSADCO": "Philadelphia County", "STATE_NAME": "Pennsylvania", "LSAD": "CT", "ALAND": 239383.0, "AWATER": 0.0 }, "geometry": { "type": "MultiPolygon", "coordinates": [ [ [ [ -75.165575, 39.943664 ], [ -75.160205, 39.942997 ], [ -75.157058, 39.942596 ], [ -75.156673, 39.942551 ], [ -75.155488, 39.942407 ], [ -75.153916, 39.942205 ], [ -75.152334, 39.942015 ], [ -75.152546, 39.941148 ], [ -75.152771, 39.940039 ], [ -75.156388, 39.940627 ], [ -75.160533, 39.941146 ], [ -75.165988, 39.94182 ], [ -75.165575, 39.943664 ] ] ] ] } },
{ "type": "Feature", "properties": { "STATEFP": "42", "COUNTYFP": "101", "TRACTCE": "002100", "GEOIDFQ": "1400000US42101002100", "GEOID": "42101002100", "NAME": "21", "NAMELSAD": "Census Tract 21", "STUSPS": "PA", "NAMELSADCO": "Philadelphia County", "STATE_NAME": "Pennsylvania", "LSAD": "CT", "ALAND": 237519.0, "AWATER": 0.0 }, "geometry": { "type": "MultiPolygon", "coordinates": [ [ [ [ -75.179839, 39.939478 ], [ -75.178251, 39.939268 ], [ -75.17631, 39.939021 ], [ -75.173173, 39.938641 ], [ -75.17385, 39.93545 ], [ -75.17397, 39.934974 ], [ -75.178514, 39.935544 ], [ -75.179035, 39.935612 ], [ -75.180621, 39.935816 ], [ -75.179839, 39.939478 ] ] ] ] } },
{ "type": "Feature", "properties": { "STATEFP": "42", "COUNTYFP": "101", "TRACTCE": "002900", "GEOIDFQ": "1400000US42101002900", "GEOID": "42101002900", "NAME": "29", "NAMELSAD": "Census Tract 29", "STUSPS": "PA", "NAMELSADCO": "Philadelphia County", "STATE_NAME": "Pennsylvania", "LSAD": "CT", "ALAND": 370256.0, "AWATER": 0.0 }, "geometry": { "type": "MultiPolygon", "coordinates": [ [ [ [ -75.169228, 39.926806 ], [ -75.168689, 39.929256 ], [ -75.168423, 39.930465 ], [ -75.16815, 39.931701 ], [ -75.16764, 39.93415 ], [ -75.159517, 39.9331 ], [ -75.163504, 39.92983 ], [ -75.16735, 39.926579 ], [ -75.169499, 39.925531 ], [ -75.169228, 39.926806 ] ] ] ] } },
{ "type": "Feature", "properties": { "STATEFP": "42", "COUNTYFP": "101", "TRACTCE": "003600", "GEOIDFQ": "1400000US42101003600", "GEOID": "42101003600", "NAME": "36", "NAMELSAD": "Census Tract 36", "STUSPS": "PA", "NAMELSADCO": "Philadelphia County", "STATE_NAME": "Pennsylvania", "LSAD": "CT", "ALAND": 964586.0, "AWATER": 0.0 }, "geometry": { "type": "MultiPolygon", "coordinates": [ [ [ [ -75.199855, 39.93266 ], [ -75.199503, 39.934508 ], [ -75.197537, 39.934232 ], [ -75.194408, 39.933822 ], [ -75.192826, 39.933628 ], [ -75.193353, 39.931185 ], [ -75.192322, 39.931054 ], [ -75.191783, 39.930982 ], [ -75.190222, 39.930779 ], [ -75.188636, 39.930583 ], [ -75.18524, 39.930146 ], [ -75.186029, 39.926481 ], [ -75.186937, 39.922318 ], [ -75.189653, 39.921807 ], [ -75.190392, 39.921664 ], [ -75.192494, 39.921266 ], [ -75.195045, 39.921011 ], [ -75.193156, 39.924592 ], [ -75.194439, 39.92661 ], [ -75.199649, 39.931912 ], [ -75.199855, 39.93266 ] ] ] ] } },
{ "type": "Feature", "properties": { "STATEFP": "42", "COUNTYFP": "101", "TRACTCE": "004101", "GEOIDFQ": "1400000US42101004101", "GEOID": "42101004101", "NAME": "41.01", "NAMELSAD": "Census Tract 41.01", "STUSPS": "PA", "NAMELSADCO": "Philadelphia County", "STATE_NAME": "Pennsylvania", "LSAD": "CT", "ALAND": 374000.0, "AWATER": 0.0 }, "geometry": { "type": "MultiPolygon", "coordinates": [ [ [ [ -75.163142, 39.922263 ], [ -75.162876, 39.923489 ], [ -75.162338, 39.92592 ], [ -75.159204, 39.925511 ], [ -75.156095, 39.925103 ], [ -75.154526, 39.924895 ], [ -75.155056, 39.922495 ], [ -75.155328, 39.921262 ], [ -75.155597, 39.920013 ], [ -75.160275, 39.920611 ], [ -75.163412, 39.921015 ], [ -75.163142, 39.922263 ] ] ] ] } },
{ "type": "Feature", "properties": { "STATEFP": "42", "COUNTYFP": "101", "TRACTCE": "004201", "GEOIDFQ": "1400000US42101004201", "GEOID": "42101004201", "NAME": "42.01", "NAMELSAD": "Census Tract 42.01", "STUSPS": "PA", "NAMELSADCO": "Philadelphia County", "STATE_NAME": "Pennsylvania", "LSAD": "CT", "ALAND": 337995.0, "AWATER": 0.0 }, "geometry": { "type": "MultiPolygon", "coordinates": [ [ [ [ -75.155328, 39.921262 ], [ -75.155056, 39.922495 ], [ -75.154526, 39.924895 ], [ -75.152938, 39.924679 ], [ -75.149405, 39.924207 ], [ -75.147842, 39.924015 ], [ -75.148035, 39.921581 ], [ -75.148223, 39.920148 ], [ -75.148079, 39.919035 ], [ -75.150461, 39.919345 ], [ -75.155597, 39.920013 ], [ -75.155328, 39.921262 ] ] ] ] } },
{ "type": "Feature", "properties": { "STATEFP": "42", "COUNTYFP": "101", "TRACTCE": "006200", "GEOIDFQ": "1400000US42101006200", "GEOID": "42101006200", "NAME": "62", "NAMELSAD": "Census Tract 62", "STUSPS": "PA", "NAMELSADCO": "Philadelphia County", "STATE_NAME": "Pennsylvania", "LSAD": "CT", "ALAND": 509635.0, "AWATER": 0.0 }, "geometry": { "type": "MultiPolygon", "coordinates": [ [ [ [ -75.236789, 39.920899 ], [ -75.234991, 39.922169 ], [ -75.232438, 39.92397 ], [ -75.230327, 39.922201 ], [ -75.228931, 39.921025 ], [ -75.227538, 39.91984 ], [ -75.22943, 39.918507 ], [ -75.230094, 39.918046 ], [ -75.231092, 39.917343 ], [ -75.232692, 39.916219 ], [ -75.23463, 39.914848 ], [ -75.236026, 39.916036 ], [ -75.239511, 39.918979 ], [ -75.236789, 39.920899 ] ] ] ] } },
{ "type": "Feature", "properties": { "STATEFP": "42", "COUNTYFP": "101", "TRACTCE": "006600", "GEOIDFQ": "1400000US42101006600", "GEOID": "42101006600", "NAME": "66", "NAMELSAD": "Census Tract 66", "STUSPS": "PA", "NAMELSADCO": "Philadelphia County", "STATE_NAME": "Pennsylvania", "LSAD": "CT", "ALAND": 651243.0, "AWATER": 0.0 }, "geometry": { "type": "MultiPolygon", "coordinates": [ [ [ [ -75.236986, 39.927821 ], [ -75.235478, 39.928877 ], [ -75.232305, 39.931115 ], [ -75.227252, 39.934661 ], [ -75.224592, 39.93241 ], [ -75.223302, 39.931315 ], [ -75.222696, 39.930808 ], [ -75.227309, 39.927571 ], [ -75.22869, 39.926602 ], [ -75.229818, 39.925811 ], [ -75.232438, 39.92397 ], [ -75.233121, 39.924558 ], [ -75.234328, 39.925573 ], [ -75.235594, 39.92664 ], [ -75.236986, 39.927821 ] ] ] ] } },
{ "type": "Feature", "properties": { "STATEFP": "42", "COUNTYFP": "101", "TRACTCE": "007300", "GEOIDFQ": "1400000US42101007300", "GEOID": "42101007300", "NAME": "73", "NAMELSAD": "Census Tract 73", "STUSPS": "PA", "NAMELSADCO": "Philadelphia County", "STATE_NAME": "Pennsylvania", "LSAD": "CT", "ALAND": 386471.0, "AWATER": 0.0 }, "geometry": { "type": "MultiPolygon", "coordinates": [ [ [ [ -75.229449, 39.947779 ], [ -75.227419, 39.94777 ], [ -75.224946, 39.947744 ], [ -75.223315, 39.947925 ], [ -75.222369, 39.947135 ], [ -75.219002, 39.944283 ], [ -75.219138, 39.944186 ], [ -75.217136, 39.94374 ], [ -75.220175, 39.941602 ], [ -75.221545, 39.940652 ], [ -75.222753, 39.941654 ], [ -75.224129, 39.942836 ], [ -75.22498, 39.943534 ], [ -75.226805, 39.945083 ], [ -75.228686, 39.945913 ], [ -75.228342, 39.946167 ], [ -75.229449, 39.947779 ] ] ] ] } },
{ "type": "Feature", "properties": { "STATEFP": "42", "COUNTYFP": "101", "TRACTCE": "008301", "GEOIDFQ": "1400000US42101008301", "GEOID": "42101008301", "NAME": "83.01", "NAMELSAD": "Census Tract 83.01", "STUSPS": "PA", "NAMELSADCO": "Philadelphia County", "STATE_NAME": "Pennsylvania", "LSAD": "CT", "ALAND": 510556.0, "AWATER": 6714.0 }, "geometry": { "type": "MultiPolygon", "coordinates": [ [ [ [ -75.250883, 39.959024 ], [ -75.248546, 39.960269 ], [ -75.247688, 39.962817 ], [ -75.246753, 39.962705 ], [ -75.242735, 39.962202 ], [ -75.243371, 39.959166 ], [ -75.243608, 39.95802 ], [ -75.243975, 39.95626 ], [ -75.244084, 39.955743 ], [ -75.24441, 39.954226 ], [ -75.244719, 39.952676 ], [ -75.250816, 39.953475 ], [ -75.249006, 39.956907 ], [ -75.249499, 39.957189 ], [ -75.250883, 39.959024 ] ] ] ] } },
{ "type": "Feature", "properties": { "STATEFP": "42", "COUNTYFP": "101", "TRACTCE": "009300", "GEOIDFQ": "1400000US42101009300", "GEOID": "42101009300", "NAME": "93", "NAMELSAD": "Census Tract 93", "STUSPS": "PA", "NAMELSADCO": "Philadelphia County", "STATE_NAME": "Pennsylvania", "LSAD": "CT", "ALAND": 401596.0, "AWATER": 0.0 }, "geometry": { "type": "MultiPolygon", "coordinates": [ [ [ [ -75.227679, 39.965072 ], [ -75.22786, 39.966191 ], [ -75.22623, 39.965571 ], [ -75.224105, 39.964739 ], [ -75.223531, 39.964601 ], [ -75.221952, 39.96425 ], [ -75.220044, 39.963819 ], [ -75.219693, 39.962523 ], [ -75.219439, 39.960941 ], [ -75.219175, 39.959288 ], [ -75.22092, 39.959505 ], [ -75.224868, 39.960005 ], [ -75.227443, 39.960311 ], [ -75.228645, 39.960463 ], [ -75.227679, 39.965072 ] ] ] ] } },
{ "type": "Feature", "properties": { "STATEFP": "42", "COUNTYFP": "101", "TRACTCE": "010100", "GEOIDFQ": "1400000US42101010100", "GEOID": "42101010100", "NAME": "101", "NAMELSAD": "Census Tract 101", "STUSPS": "PA", "NAMELSADCO": "Philadelphia County", "STATE_NAME": "Pennsylvania", "LSAD": "CT", "ALAND": 601423.0, "AWATER": 0.0 }, "geometry": { "type": "MultiPolygon", "coordinates": [ [ [ [ -75.246935, 39.972111 ], [ -75.247494, 39.975113 ], [ -75.24554, 39.97533 ], [ -75.24358, 39.975546 ], [ -75.241013, 39.975833 ], [ -75.23857, 39.976101 ], [ -75.237983, 39.972957 ], [ -75.237455, 39.970141 ], [ -75.239132, 39.969849 ], [ -75.239479, 39.968097 ], [ -75.244416, 39.968706 ], [ -75.246531, 39.968967 ], [ -75.247518, 39.969093 ], [ -75.246935, 39.972111 ] ] ] ] } },
{ "type": "Feature", "properties": { "STATEFP": "42", "COUNTYFP": "101", "TRACTCE": "016300", "GEOIDFQ": "1400000US42101016300", "GEOID": "42101016300", "NAME": "163", "NAMELSAD": "Census Tract 163", "STUSPS": "PA", "NAMELSADCO": "Philadelphia County", "STATE_NAME": "Pennsylvania", "LSAD": "CT", "ALAND": 572226.0, "AWATER": 0.0 }, "geometry": { "type": "MultiPolygon", "coordinates": [ [ [ [ -75.139021, 39.988764 ], [ -75.138352, 39.991851 ], [ -75.134868, 39.991407 ], [ -75.132893, 39.991144 ], [ -75.130898, 39.99089 ], [ -75.127031, 39.990386 ], [ -75.125491, 39.989836 ], [ -75.127363, 39.988792 ], [ -75.129641, 39.987546 ], [ -75.130794, 39.986928 ], [ -75.131907, 39.986306 ], [ -75.132208, 39.984741 ], [ -75.136759, 39.985402 ], [ -75.139669, 39.985802 ], [ -75.139021, 39.988764 ] ] ] ] } },
{ "type": "Feature", "properties": { "STATEFP": "42", "COUNTYFP": "101", "TRACTCE": "016901", "GEOIDFQ": "1400000US42101016901", "GEOID": "42101016901", "NAME": "169.01", "NAMELSAD": "Census Tract 169.01", "STUSPS": "PA", "NAMELSADCO": "Philadelphia County", "STATE_NAME": "Pennsylvania", "LSAD": "CT", "ALAND": 512906.0, "AWATER": 0.0 }, "geometry": { "type": "MultiPolygon", "coordinates": [ [ [ [ -75.179748, 39.991715 ], [ -75.179584, 39.992463 ], [ -75.179248, 39.993963 ], [ -75.178576, 39.99704 ], [ -75.175539, 39.996639 ], [ -75.173948, 39.996432 ], [ -75.172355, 39.99624 ], [ -75.170767, 39.996036 ], [ -75.171173, 39.994165 ], [ -75.171441, 39.992946 ], [ -75.171594, 39.9922 ], [ -75.173182, 39.992412 ], [ -75.173682, 39.990167 ], [ -75.175803, 39.988812 ], [ -75.177206, 39.988991 ], [ -75.180257, 39.989388 ], [ -75.179748, 39.991715 ] ] ] ] } },
{ "type": "Feature", "properties": { "STATEFP": "42", "COUNTYFP": "101", "TRACTCE": "017500", "GEOIDFQ": "1400000US42101017500", "GEOID": "42101017500", "NAME": "175", "NAMELSAD": "Census Tract 175", "STUSPS": "PA", "NAMELSADCO": "Philadelphia County", "STATE_NAME": "Pennsylvania", "LSAD": "CT", "ALAND": 719916.0, "AWATER": 6252.0 }, "geometry": { "type": "MultiPolygon", "coordinates": [ [ [ [ -75.147461, 39.994656 ], [ -75.14708, 39.996143 ], [ -75.146731, 39.997627 ], [ -75.147404, 39.99924 ], [ -75.147717, 39.999974 ], [ -75.139876, 40.002845 ], [ -75.137669, 40.003645 ], [ -75.137847, 40.002799 ], [ -75.138524, 39.999743 ], [ -75.138713, 39.998891 ], [ -75.139851, 39.993672 ], [ -75.140198, 39.992086 ], [ -75.142173, 39.992343 ], [ -75.142999, 39.992449 ], [ -75.146089, 39.992848 ], [ -75.147887, 39.993078 ], [ -75.147461, 39.994656 ] ] ] ] } },
{ "type": "Feature", "properties": { "STATEFP": "42", "COUNTYFP": "101", "TRACTCE": "018001", "GEOIDFQ": "1400000US42101018001", "GEOID": "42101018001", "NAME": "180.01", "NAMELSAD": "Census Tract 180.01", "STUSPS": "PA", "NAMELSADCO": "Philadelphia County", "STATE_NAME": "Pennsylvania", "LSAD": "CT", "ALAND": 387384.0, "AWATER": 0.0 }, "geometry": { "type": "MultiPolygon", "coordinates": [ [ [ [ -75.116075, 39.982938 ], [ -75.115605, 39.983551 ], [ -75.115251, 39.983157 ], [ -75.11345, 39.984105 ], [ -75.111221, 39.985268 ], [ -75.109463, 39.98254 ], [ -75.108828, 39.981673 ], [ -75.109756, 39.981194 ], [ -75.110525, 39.980787 ], [ -75.108971, 39.979021 ], [ -75.113227, 39.976803 ], [ -75.114768, 39.978568 ], [ -75.117355, 39.981481 ], [ -75.116075, 39.982938 ] ] ] ] } },
{ "type": "Feature", "properties": { "STATEFP": "42", "COUNTYFP": "101", "TRACTCE": "019502", "GEOIDFQ": "1400000US42101019502", "GEOID": "42101019502", "NAME": "195.02", "NAMELSAD": "Census Tract 195.02", "STUSPS": "PA", "NAMELSADCO": "Philadelphia County", "STATE_NAME": "Pennsylvania", "LSAD": "CT", "ALAND": 370299.0, "AWATER": 0.0 }, "geometry": { "type": "MultiPolygon", "coordinates": [ [ [ [ -75.137669, 40.003645 ], [ -75.133692, 40.005003 ], [ -75.131937, 40.005156 ], [ -75.127863, 40.005057 ], [ -75.123949, 40.004814 ], [ -75.12441, 40.002634 ], [ -75.124732, 40.001124 ], [ -75.128604, 40.001619 ], [ -75.131501, 40.001999 ], [ -75.132578, 40.002134 ], [ -75.133561, 40.002265 ], [ -75.137847, 40.002799 ], [ -75.137669, 40.003645 ] ] ] ] } },
{ "type": "Feature", "properties": { "STATEFP": "42", "COUNTYFP": "101", "TRACTCE": "019900", "GEOIDFQ": "1400000US42101019900", "GEOID": "42101019900", "NAME": "199", "NAMELSAD": "Census Tract 199", "STUSPS": "PA", "NAMELSADCO": "Philadelphia County", "STATE_NAME": "Pennsylvania", "LSAD": "CT", "ALAND": 661885.0, "AWATER": 0.0 }, "geometry": { "type": "MultiPolygon", "coordinates": [ [ [ [ -75.148277, 40.005697 ], [ -75.147603, 40.008779 ], [ -75.143346, 40.008227 ], [ -75.142772, 40.008153 ], [ -75.140472, 40.007878 ], [ -75.139652, 40.007755 ], [ -75.136858, 40.007394 ], [ -75.137529, 40.004304 ], [ -75.137669, 40.003645 ], [ -75.139876, 40.002845 ], [ -75.147717, 39.999974 ], [ -75.148148, 40.000987 ], [ -75.148817, 40.002698 ], [ -75.148277, 40.005697 ] ] ] ] } },
{ "type": "Feature", "properties": { "STATEFP": "42", "COUNTYFP": "101", "TRACTCE": "020200", "GEOIDFQ": "1400000US42101020200", "GEOID": "42101020200", "NAME": "202", "NAMELSAD": "Census Tract 202", "STUSPS": "PA", "NAMELSADCO": "Philadelphia County", "STATE_NAME": "Pennsylvania", "LSAD": "CT", "ALAND": 756812.0, "AWATER": 0.0 }, "geometry": { "type": "MultiPolygon", "coordinates": [ [ [ [ -75.167945, 40.009378 ], [ -75.167292, 40.009695 ], [ -75.166871, 40.009901 ], [ -75.161886, 40.012186 ], [ -75.156652, 40.014618 ], [ -75.156653, 40.014419 ], [ -75.158106, 40.007736 ], [ -75.158926, 40.004009 ], [ -75.160495, 40.004215 ], [ -75.160843, 40.002634 ], [ -75.165896, 40.003269 ], [ -75.165554, 40.004859 ], [ -75.16914, 40.008832 ], [ -75.167945, 40.009378 ] ] ] ] } },
{ "type": "Feature", "properties": { "STATEFP": "42", "COUNTYFP": "101", "TRACTCE": "021300", "GEOIDFQ": "1400000US42101021300", "GEOID": "42101021300", "NAME": "213", "NAMELSAD": "Census Tract 213", "STUSPS": "PA", "NAMELSADCO": "Philadelphia County", "STATE_NAME": "Pennsylvania", "LSAD": "CT", "ALAND": 538872.0, "AWATER": 0.0 }, "geometry": { "type": "MultiPolygon", "coordinates": [ [ [ [ -75.225849, 40.033506 ], [ -75.222011, 40.035206 ], [ -75.218759, 40.036654 ], [ -75.217925, 40.03616 ], [ -75.216638, 40.034833 ], [ -75.214493, 40.032838 ], [ -75.213692, 40.032135 ], [ -75.211308, 40.02997 ], [ -75.214188, 40.028699 ], [ -75.216632, 40.027602 ], [ -75.219114, 40.029931 ], [ -75.220448, 40.031211 ], [ -75.222391, 40.033052 ], [ -75.224657, 40.031899 ], [ -75.225849, 40.033506 ] ] ] ] } },
{ "type": "Feature", "properties": { "STATEFP": "42", "COUNTYFP": "101", "TRACTCE": "021800", "GEOIDFQ": "1400000US42101021800", "GEOID": "42101021800", "NAME": "218", "NAMELSAD": "Census Tract 218", "STUSPS": "PA", "NAMELSADCO": "Philadelphia County", "STATE_NAME": "Pennsylvania", "LSAD": "CT", "ALAND": 1006008.0, "AWATER": 0.0 }, "geometry": { "type": "MultiPolygon", "coordinates": [ [ [ [ -75.238182, 40.059771 ], [ -75.231724, 40.064099 ], [ -75.230082, 40.0663 ], [ -75.228211, 40.064678 ], [ -75.228446, 40.06254 ], [ -75.226912, 40.061721 ], [ -75.228493, 40.060331 ], [ -75.229675, 40.059776 ], [ -75.227325, 40.056645 ], [ -75.232003, 40.054395 ], [ -75.230978, 40.053587 ], [ -75.227161, 40.052534 ], [ -75.230049, 40.051219 ], [ -75.235419, 40.048775 ], [ -75.236301, 40.051037 ], [ -75.236042, 40.056711 ], [ -75.236386, 40.057398 ], [ -75.238182, 40.059771 ] ] ] ] } },
{ "type": "Feature", "properties": { "STATEFP": "42", "COUNTYFP": "101", "TRACTCE": "024300", "GEOIDFQ": "1400000US42101024300", "GEOID": "42101024300", "NAME": "243", "NAMELSAD": "Census Tract 243", "STUSPS": "PA", "NAMELSADCO": "Philadelphia County", "STATE_NAME": "Pennsylvania", "LSAD": "CT", "ALAND": 679034.0, "AWATER": 0.0 }, "geometry": { "type": "MultiPolygon", "coordinates": [ [ [ [ -75.178141, 40.022595 ], [ -75.174043, 40.026588 ], [ -75.172523, 40.025758 ], [ -75.170583, 40.024667 ], [ -75.169124, 40.023865 ], [ -75.168482, 40.023512 ], [ -75.163915, 40.02099 ], [ -75.162782, 40.020368 ], [ -75.163758, 40.019234 ], [ -75.166005, 40.01862 ], [ -75.172342, 40.017604 ], [ -75.173246, 40.018411 ], [ -75.174963, 40.019891 ], [ -75.176861, 40.021501 ], [ -75.178141, 40.022595 ] ] ] ] } },
{ "type": "Feature", "properties": { "STATEFP": "42", "COUNTYFP": "101", "TRACTCE": "024800", "GEOIDFQ": "1400000US42101024800", "GEOID": "42101024800", "NAME": "248", "NAMELSAD": "Census Tract 248", "STUSPS": "PA", "NAMELSADCO": "Philadelphia County", "STATE_NAME": "Pennsylvania", "LSAD": "CT", "ALAND": 319262.0, "AWATER": 0.0 }, "geometry": { "type": "MultiPolygon", "coordinates": [ [ [ [ -75.171755, 40.048359 ], [ -75.170884, 40.049199 ], [ -75.167701, 40.047245 ], [ -75.164529, 40.050306 ], [ -75.161656, 40.048559 ], [ -75.163175, 40.047076 ], [ -75.16483, 40.045468 ], [ -75.167207, 40.043149 ], [ -75.169492, 40.044531 ], [ -75.170725, 40.046151 ], [ -75.171536, 40.047888 ], [ -75.171755, 40.048359 ] ] ] ] } },
{ "type": "Feature", "properties": { "STATEFP": "42", "COUNTYFP": "101", "TRACTCE": "026200", "GEOIDFQ": "1400000US42101026200", "GEOID": "42101026200", "NAME": "262", "NAMELSAD": "Census Tract 262", "STUSPS": "PA", "NAMELSADCO": "Philadelphia County", "STATE_NAME": "Pennsylvania", "LSAD": "CT", "ALAND": 555958.0, "AWATER": 0.0 }, "geometry": { "type": "MultiPolygon", "coordinates": [ [ [ [ -75.173459, 40.067054 ], [ -75.172207, 40.068288 ], [ -75.170657, 40.069832 ], [ -75.16899, 40.071473 ], [ -75.166725, 40.070165 ], [ -75.165348, 40.069372 ], [ -75.164106, 40.068662 ], [ -75.162495, 40.067732 ], [ -75.163822, 40.066357 ], [ -75.166072, 40.067194 ], [ -75.168099, 40.065219 ], [ -75.165714, 40.06439 ], [ -75.168641, 40.061373 ], [ -75.170787, 40.0626 ], [ -75.175327, 40.065216 ], [ -75.173459, 40.067054 ] ] ] ] } },
{ "type": "Feature", "properties": { "STATEFP": "42", "COUNTYFP": "101", "TRACTCE": "026700", "GEOIDFQ": "1400000US42101026700", "GEOID": "42101026700", "NAME": "267", "NAMELSAD": "Census Tract 267", "STUSPS": "PA", "NAMELSADCO": "Philadelphia County", "STATE_NAME": "Pennsylvania", "LSAD": "CT", "ALAND": 644274.0, "AWATER": 0.0 }, "geometry": { "type": "MultiPolygon", "coordinates": [ [ [ [ -75.155554, 40.054074 ], [ -75.152594, 40.056367 ], [ -75.149219, 40.058432 ], [ -75.147057, 40.058326 ], [ -75.145445, 40.058254 ], [ -75.143167, 40.058143 ], [ -75.142292, 40.057941 ], [ -75.143189, 40.05381 ], [ -75.143841, 40.050771 ], [ -75.147004, 40.051175 ], [ -75.148578, 40.051383 ], [ -75.150142, 40.051578 ], [ -75.152881, 40.052844 ], [ -75.155214, 40.053922 ], [ -75.155554, 40.054074 ] ] ] ] } },
{ "type": "Feature", "properties": { "STATEFP": "42", "COUNTYFP": "101", "TRACTCE": "027401", "GEOIDFQ": "1400000US42101027401", "GEOID": "42101027401", "NAME": "274.01", "NAMELSAD": "Census Tract 274.01", "STUSPS": "PA", "NAMELSADCO": "Philadelphia County", "STATE_NAME": "Pennsylvania", "LSAD": "CT", "ALAND": 326659.0, "AWATER": 0.0 }, "geometry": { "type": "MultiPolygon", "coordinates": [ [ [ [ -75.130518, 40.036437 ], [ -75.129498, 40.041048 ], [ -75.128834, 40.044086 ], [ -75.128495, 40.045626 ], [ -75.126639, 40.045392 ], [ -75.126987, 40.043857 ], [ -75.127317, 40.04232 ], [ -75.126311, 40.042203 ], [ -75.126643, 40.040681 ], [ -75.127641, 40.036063 ], [ -75.128428, 40.032472 ], [ -75.13129, 40.032818 ], [ -75.130518, 40.036437 ] ] ] ] } },
{ "type": "Feature", "properties": { "STATEFP": "42", "COUNTYFP": "101", "TRACTCE": "028700", "GEOIDFQ": "1400000US42101028700", "GEOID": "42101028700", "NAME": "287", "NAMELSAD": "Census Tract 287", "STUSPS": "PA", "NAMELSADCO": "Philadelphia County", "STATE_NAME": "Pennsylvania", "LSAD": "CT", "ALAND": 384526.0, "AWATER": 0.0 }, "geometry": { "type": "MultiPolygon", "coordinates": [ [ [ [ -75.135657, 40.023275 ], [ -75.135724, 40.023602 ], [ -75.133207, 40.024144 ], [ -75.13061, 40.024699 ], [ -75.128126, 40.025222 ], [ -75.125387, 40.025647 ], [ -75.125462, 40.025184 ], [ -75.127217, 40.024779 ], [ -75.127922, 40.021979 ], [ -75.128883, 40.018945 ], [ -75.134194, 40.019619 ], [ -75.135818, 40.020645 ], [ -75.135657, 40.023275 ] ] ] ] } },
{ "type": "Feature", "properties": { "STATEFP": "42", "COUNTYFP": "101", "TRACTCE": "028901", "GEOIDFQ": "1400000US42101028901", "GEOID": "42101028901", "NAME": "289.01", "NAMELSAD": "Census Tract 289.01", "STUSPS": "PA", "NAMELSADCO": "Philadelphia County", "STATE_NAME": "Pennsylvania", "LSAD": "CT", "ALAND": 611259.0, "AWATER": 0.0 }, "geometry": { "type": "MultiPolygon", "coordinates": [ [ [ [ -75.120136, 40.022627 ], [ -75.117959, 40.022349 ], [ -75.116106, 40.022109 ], [ -75.116243, 40.020558 ], [ -75.114099, 40.020291 ], [ -75.112217, 40.020056 ], [ -75.113951, 40.018603 ], [ -75.108678, 40.017942 ], [ -75.109024, 40.016286 ], [ -75.11136, 40.015867 ], [ -75.111811, 40.013662 ], [ -75.112161, 40.012085 ], [ -75.11782, 40.012812 ], [ -75.119439, 40.013026 ], [ -75.117475, 40.015783 ], [ -75.11751, 40.019054 ], [ -75.12073, 40.019469 ], [ -75.120136, 40.022627 ] ] ] ] } },
{ "type": "Feature", "properties": { "STATEFP": "42", "COUNTYFP": "101", "TRACTCE": "030100", "GEOIDFQ": "1400000US42101030100", "GEOID": "42101030100", "NAME": "301", "NAMELSAD": "Census Tract 301", "STUSPS": "PA", "NAMELSADCO": "Philadelphia County", "STATE_NAME": "Pennsylvania", "LSAD": "CT", "ALAND": 725114.0, "AWATER": 0.0 }, "geometry": { "type": "MultiPolygon", "coordinates": [ [ [ [ -75.095897, 40.019604 ], [ -75.094374, 40.021159 ], [ -75.092729, 40.023597 ], [ -75.091879, 40.024435 ], [ -75.090563, 40.025791 ], [ -75.085089, 40.022761 ], [ -75.084426, 40.022417 ], [ -75.081309, 40.02076 ], [ -75.083508, 40.018365 ], [ -75.086382, 40.015257 ], [ -75.090325, 40.017356 ], [ -75.091304, 40.017883 ], [ -75.09441, 40.019534 ], [ -75.095897, 40.019604 ] ] ] ] } },
{ "type": "Feature", "properties": { "STATEFP": "42", "COUNTYFP": "101", "TRACTCE": "030700", "GEOIDFQ": "1400000US42101030700", "GEOID": "42101030700", "NAME": "307", "NAMELSAD": "Census Tract 307", "STUSPS": "PA", "NAMELSADCO": "Philadelphia County", "STATE_NAME": "Pennsylvania", "LSAD": "CT", "ALAND": 655249.0, "AWATER": 0.0 }, "geometry": { "type": "MultiPolygon", "coordinates": [ [ [ [ -75.093644, 40.057429 ], [ -75.087425, 40.063599 ], [ -75.08699, 40.063321 ], [ -75.085729, 40.062589 ], [ -75.08478, 40.062044 ], [ -75.083525, 40.06127 ], [ -75.08498, 40.058893 ], [ -75.085676, 40.057208 ], [ -75.085847, 40.05441 ], [ -75.0868, 40.052744 ], [ -75.085989, 40.050878 ], [ -75.088344, 40.051235 ], [ -75.092131, 40.053178 ], [ -75.092807, 40.056329 ], [ -75.093504, 40.057241 ], [ -75.093644, 40.057429 ] ] ] ] } },
{ "type": "Feature", "properties": { "STATEFP": "42", "COUNTYFP": "101", "TRACTCE": "031300", "GEOIDFQ": "1400000US42101031300", "GEOID": "42101031300", "NAME": "313", "NAMELSAD": "Census Tract 313", "STUSPS": "PA", "NAMELSADCO": "Philadelphia County", "STATE_NAME": "Pennsylvania", "LSAD": "CT", "ALAND": 688086.0, "AWATER": 0.0 }, "geometry": { "type": "MultiPolygon", "coordinates": [ [ [ [ -75.076652, 40.040257 ], [ -75.075452, 40.041477 ], [ -75.073836, 40.043174 ], [ -75.072645, 40.044394 ], [ -75.070634, 40.043272 ], [ -75.068864, 40.042292 ], [ -75.067663, 40.041634 ], [ -75.06558, 40.040442 ], [ -75.061544, 40.038213 ], [ -75.063057, 40.03714 ], [ -75.064433, 40.036738 ], [ -75.07016, 40.035425 ], [ -75.07355, 40.037298 ], [ -75.075336, 40.038281 ], [ -75.077394, 40.039464 ], [ -75.076652, 40.040257 ] ] ] ] } },
{ "type": "Feature", "properties": { "STATEFP": "42", "COUNTYFP": "101", "TRACTCE": "032600", "GEOIDFQ": "1400000US42101032600", "GEOID": "42101032600", "NAME": "326", "NAMELSAD": "Census Tract 326", "STUSPS": "PA", "NAMELSADCO": "Philadelphia County", "STATE_NAME": "Pennsylvania", "LSAD": "CT", "ALAND": 809320.0, "AWATER": 0.0 }, "geometry": { "type": "MultiPolygon", "coordinates": [ [ [ [ -75.044671, 40.034771 ], [ -75.044053, 40.035096 ], [ -75.04086, 40.036757 ], [ -75.04034, 40.036458 ], [ -75.037753, 40.033308 ], [ -75.036906, 40.032252 ], [ -75.03517, 40.030116 ], [ -75.032752, 40.02705 ], [ -75.039452, 40.022917 ], [ -75.038625, 40.024239 ], [ -75.041037, 40.027091 ], [ -75.042858, 40.029185 ], [ -75.043757, 40.030204 ], [ -75.04677, 40.033683 ], [ -75.044671, 40.034771 ] ] ] ] } },
{ "type": "Feature", "properties": { "STATEFP": "42", "COUNTYFP": "101", "TRACTCE": "033600", "GEOIDFQ": "1400000US42101033600", "GEOID": "42101033600", "NAME": "336", "NAMELSAD": "Census Tract 336", "STUSPS": "PA", "NAMELSADCO": "Philadelphia County", "STATE_NAME": "Pennsylvania", "LSAD": "CT", "ALAND": 1153470.0, "AWATER": 0.0 }, "geometry": { "type": "MultiPolygon", "coordinates": [ [ [ [ -75.064491, 40.064588 ], [ -75.06304, 40.066143 ], [ -75.061118, 40.068122 ], [ -75.059221, 40.067297 ], [ -75.057477, 40.066268 ], [ -75.055477, 40.065149 ], [ -75.051677, 40.063082 ], [ -75.052408, 40.059739 ], [ -75.053574, 40.058477 ], [ -75.057125, 40.054722 ], [ -75.060891, 40.056823 ], [ -75.062485, 40.057721 ], [ -75.068074, 40.060824 ], [ -75.064491, 40.064588 ] ] ] ] } },
{ "type": "Feature", "properties": { "STATEFP": "42", "COUNTYFP": "101", "TRACTCE": "036501", "GEOIDFQ": "1400000US42101036501", "GEOID": "42101036501", "NAME": "365.01", "NAMELSAD": "Census Tract 365.01", "STUSPS": "PA", "NAMELSADCO": "Philadelphia County", "STATE_NAME": "Pennsylvania", "LSAD": "CT", "ALAND": 1816210.0, "AWATER": 7169.0 }, "geometry": { "type": "MultiPolygon", "coordinates": [ [ [ [ -75.024891, 40.129216 ], [ -75.020571, 40.132274 ], [ -75.015066, 40.137992 ], [ -75.009117, 40.134355 ], [ -75.005946, 40.132524 ], [ -75.003255, 40.131012 ], [ -75.005095, 40.128198 ], [ -75.00527, 40.12605 ], [ -75.010453, 40.120681 ], [ -75.015384, 40.123599 ], [ -75.021931, 40.127467 ], [ -75.024891, 40.129216 ] ] ] ] } },
{ "type": "Feature", "properties": { "STATEFP": "42", "COUNTYFP": "101", "TRACTCE": "008302", "GEOIDFQ": "1400000US42101008302", "GEOID": "42101008302", "NAME": "83.02", "NAMELSAD": "Census Tract 83.02", "STUSPS": "PA", "NAMELSADCO": "Philadelphia County", "STATE_NAME": "Pennsylvania", "LSAD": "CT", "ALAND": 425236.0, "AWATER": 0.0 }, "geometry": { "type": "MultiPolygon", "coordinates": [ [ [ [ -75.24441, 39.954226 ], [ -75.244084, 39.955743 ], [ -75.243975, 39.95626 ], [ -75.243608, 39.95802 ], [ -75.243371, 39.959166 ], [ -75.242735, 39.962202 ], [ -75.240762, 39.96196 ], [ -75.238785, 39.961715 ], [ -75.239658, 39.957534 ], [ -75.239909, 39.956313 ], [ -75.240137, 39.955252 ], [ -75.238166, 39.955011 ], [ -75.238476, 39.953485 ], [ -75.238796, 39.951942 ], [ -75.242754, 39.952432 ], [ -75.244719, 39.952676 ], [ -75.24441, 39.954226 ] ] ] ] } },
{ "type": "Feature", "properties": { "STATEFP": "42", "COUNTYFP": "101", "TRACTCE": "980600", "GEOIDFQ": "1400000US42101980600", "GEOID": "42101980600", "NAME": "9806", "NAMELSAD": "Census Tract 9806", "STUSPS": "PA", "NAMELSADCO": "Philadelphia County", "STATE_NAME": "Pennsylvania", "LSAD": "CT", "ALAND": 1286762.0, "AWATER": 0.0 }, "geometry": { "type": "MultiPolygon", "coordinates": [ [ [ [ -75.1828, 39.909208 ], [ -75.178512, 39.90867 ], [ -75.173234, 39.908002 ], [ -75.17081, 39.908594 ], [ -75.169806, 39.911326 ], [ -75.171928, 39.912348 ], [ -75.165482, 39.911531 ], [ -75.163535, 39.910831 ], [ -75.16566, 39.899583 ], [ -75.166321, 39.899305 ], [ -75.170885, 39.898848 ], [ -75.174808, 39.899179 ], [ -75.173536, 39.90539 ], [ -75.174141, 39.905433 ], [ -75.183387, 39.906617 ], [ -75.1828, 39.909208 ] ] ] ] } },
{ "type": "Feature", "properties": { "STATEFP": "42", "COUNTYFP": "101", "TRACTCE": "037600", "GEOIDFQ": "1400000US42101037600", "GEOID": "42101037600", "NAME": "376", "NAMELSAD": "Census Tract 376", "STUSPS": "PA", "NAMELSADCO": "Philadelphia County", "STATE_NAME": "Pennsylvania", "LSAD": "CT", "ALAND": 694156.0, "AWATER": 0.0 }, "geometry": { "type": "MultiPolygon", "coordinates": [ [ [ [ -75.161959, 39.959571 ], [ -75.161645, 39.961021 ], [ -75.161384, 39.962474 ], [ -75.161188, 39.963422 ], [ -75.154312, 39.962614 ], [ -75.152146, 39.962452 ], [ -75.148029, 39.962265 ], [ -75.148181, 39.961418 ], [ -75.148877, 39.957664 ], [ -75.150881, 39.957421 ], [ -75.152893, 39.956884 ], [ -75.153846, 39.956784 ], [ -75.155538, 39.956923 ], [ -75.157898, 39.957247 ], [ -75.162339, 39.957825 ], [ -75.161959, 39.959571 ] ] ] ] } },
{ "type": "Feature", "properties": { "STATEFP": "42", "COUNTYFP": "101", "TRACTCE": "034501", "GEOIDFQ": "1400000US42101034501", "GEOID": "42101034501", "NAME": "345.01", "NAMELSAD": "Census Tract 345.01", "STUSPS": "PA", "NAMELSADCO": "Philadelphia County", "STATE_NAME": "Pennsylvania", "LSAD": "CT", "ALAND": 447469.0, "AWATER": 0.0 }, "geometry": { "type": "MultiPolygon", "coordinates": [ [ [ [ -75.04312, 40.077166 ], [ -75.040252, 40.079994 ], [ -75.036758, 40.079083 ], [ -75.03536, 40.074939 ], [ -75.035087, 40.074617 ], [ -75.036627, 40.073019 ], [ -75.039163, 40.070369 ], [ -75.040265, 40.068747 ], [ -75.0406, 40.068042 ], [ -75.042114, 40.070038 ], [ -75.039748, 40.072411 ], [ -75.041869, 40.075429 ], [ -75.04312, 40.077166 ] ] ] ] } },
{ "type": "Feature", "properties": { "STATEFP": "42", "COUNTYFP": "101", "TRACTCE": "002000", "GEOIDFQ": "1400000US42101002000", "GEOID": "42101002000", "NAME": "20", "NAMELSAD": "Census Tract 20", "STUSPS": "PA", "NAMELSADCO": "Philadelphia County", "STATE_NAME": "Pennsylvania", "LSAD": "CT", "ALAND": 290083.0, "AWATER": 0.0 }, "geometry": { "type": "MultiPolygon", "coordinates": [ [ [ [ -75.18824, 39.939878 ], [ -75.187445, 39.940364 ], [ -75.184956, 39.940084 ], [ -75.181494, 39.939687 ], [ -75.179839, 39.939478 ], [ -75.180621, 39.935816 ], [ -75.183916, 39.93624 ], [ -75.188885, 39.936887 ], [ -75.18824, 39.939878 ] ] ] ] } },
{ "type": "Feature", "properties": { "STATEFP": "42", "COUNTYFP": "101", "TRACTCE": "015600", "GEOIDFQ": "1400000US42101015600", "GEOID": "42101015600", "NAME": "156", "NAMELSAD": "Census Tract 156", "STUSPS": "PA", "NAMELSADCO": "Philadelphia County", "STATE_NAME": "Pennsylvania", "LSAD": "CT", "ALAND": 429566.0, "AWATER": 0.0 }, "geometry": { "type": "MultiPolygon", "coordinates": [ [ [ [ -75.14501, 39.978597 ], [ -75.144169, 39.983092 ], [ -75.139868, 39.982536 ], [ -75.138137, 39.982312 ], [ -75.138768, 39.979323 ], [ -75.139715, 39.974897 ], [ -75.141976, 39.97519 ], [ -75.145559, 39.975638 ], [ -75.14501, 39.978597 ] ] ] ] } },
{ "type": "Feature", "properties": { "STATEFP": "42", "COUNTYFP": "101", "TRACTCE": "025800", "GEOIDFQ": "1400000US42101025800", "GEOID": "42101025800", "NAME": "258", "NAMELSAD": "Census Tract 258", "STUSPS": "PA", "NAMELSADCO": "Philadelphia County", "STATE_NAME": "Pennsylvania", "LSAD": "CT", "ALAND": 586720.0, "AWATER": 0.0 }, "geometry": { "type": "MultiPolygon", "coordinates": [ [ [ [ -75.188461, 40.07275 ], [ -75.186096, 40.075123 ], [ -75.182053, 40.079102 ], [ -75.180238, 40.078084 ], [ -75.176841, 40.07598 ], [ -75.179448, 40.071261 ], [ -75.180482, 40.070191 ], [ -75.181751, 40.068902 ], [ -75.188052, 40.072503 ], [ -75.188461, 40.07275 ] ] ] ] } },
{ "type": "Feature", "properties": { "STATEFP": "42", "COUNTYFP": "101", "TRACTCE": "000701", "GEOIDFQ": "1400000US42101000701", "GEOID": "42101000701", "NAME": "7.01", "NAMELSAD": "Census Tract 7.01", "STUSPS": "PA", "NAMELSADCO": "Philadelphia County", "STATE_NAME": "Pennsylvania", "LSAD": "CT", "ALAND": 140499.0, "AWATER": 0.0 }, "geometry": { "type": "MultiPolygon", "coordinates": [ [ [ [ -75.173489, 39.952052 ], [ -75.171916, 39.951856 ], [ -75.168767, 39.951468 ], [ -75.164011, 39.950876 ], [ -75.164338, 39.949346 ], [ -75.16594, 39.949553 ], [ -75.167517, 39.949744 ], [ -75.169102, 39.949943 ], [ -75.170667, 39.950131 ], [ -75.172244, 39.950338 ], [ -75.172752, 39.950398 ], [ -75.173813, 39.950531 ], [ -75.173489, 39.952052 ] ] ] ] } },
{ "type": "Feature", "properties": { "STATEFP": "42", "COUNTYFP": "101", "TRACTCE": "980003", "GEOIDFQ": "1400000US42101980003", "GEOID": "42101980003", "NAME": "9800.03", "NAMELSAD": "Census Tract 9800.03", "STUSPS": "PA", "NAMELSADCO": "Philadelphia County", "STATE_NAME": "Pennsylvania", "LSAD": "CT", "ALAND": 454315.0, "AWATER": 62922.0 }, "geometry": { "type": "MultiPolygon", "coordinates": [ [ [ [ -75.186574, 39.956251 ], [ -75.18449, 39.956914 ], [ -75.186286, 39.957641 ], [ -75.186675, 39.960685 ], [ -75.186668, 39.963081 ], [ -75.186742, 39.963445 ], [ -75.18521, 39.963757 ], [ -75.183323, 39.964374 ], [ -75.179937, 39.960028 ], [ -75.179126, 39.958004 ], [ -75.179327, 39.95738 ], [ -75.17972, 39.956164 ], [ -75.180223, 39.954472 ], [ -75.187064, 39.955295 ], [ -75.186574, 39.956251 ] ] ] ] } },
{ "type": "Feature", "properties": { "STATEFP": "42", "COUNTYFP": "101", "TRACTCE": "038301", "GEOIDFQ": "1400000US42101038301", "GEOID": "42101038301", "NAME": "383.01", "NAMELSAD": "Census Tract 383.01", "STUSPS": "PA", "NAMELSADCO": "Philadelphia County", "STATE_NAME": "Pennsylvania", "LSAD": "CT", "ALAND": 753750.0, "AWATER": 0.0 }, "geometry": { "type": "MultiPolygon", "coordinates": [ [ [ [ -75.137529, 40.004304 ], [ -75.136858, 40.007394 ], [ -75.135858, 40.011982 ], [ -75.135533, 40.013463 ], [ -75.134194, 40.019619 ], [ -75.128883, 40.018945 ], [ -75.131937, 40.005156 ], [ -75.133692, 40.005003 ], [ -75.137669, 40.003645 ], [ -75.137529, 40.004304 ] ] ] ] } },
{ "type": "Feature", "properties": { "STATEFP": "42", "COUNTYFP": "101", "TRACTCE": "000102", "GEOIDFQ": "1400000US42101000102", "GEOID": "42101000102", "NAME": "1.02", "NAMELSAD": "Census Tract 1.02", "STUSPS": "PA", "NAMELSADCO": "Philadelphia County", "STATE_NAME": "Pennsylvania", "LSAD": "CT", "ALAND": 444406.0, "AWATER": 0.0 }, "geometry": { "type": "MultiPolygon", "coordinates": [ [ [ [ -75.151323, 39.956527 ], [ -75.151102, 39.957139 ], [ -75.150881, 39.957421 ], [ -75.148877, 39.957664 ], [ -75.148539, 39.957637 ], [ -75.144255, 39.956784 ], [ -75.142177, 39.956184 ], [ -75.141586, 39.955754 ], [ -75.141612, 39.954246 ], [ -75.141469, 39.951698 ], [ -75.143303, 39.951935 ], [ -75.14523, 39.952175 ], [ -75.146806, 39.952369 ], [ -75.148472, 39.952578 ], [ -75.151539, 39.952948 ], [ -75.151323, 39.956527 ] ] ] ] } },
{ "type": "Feature", "properties": { "STATEFP": "42", "COUNTYFP": "101", "TRACTCE": "020701", "GEOIDFQ": "1400000US42101020701", "GEOID": "42101020701", "NAME": "207.01", "NAMELSAD": "Census Tract 207.01", "STUSPS": "PA", "NAMELSADCO": "Philadelphia County", "STATE_NAME": "Pennsylvania", "LSAD": "CT", "ALAND": 625472.0, "AWATER": 33771.0 }, "geometry": { "type": "MultiPolygon", "coordinates": [ [ [ [ -75.194364, 40.012039 ], [ -75.192879, 40.01162 ], [ -75.191874, 40.014201 ], [ -75.189997, 40.01551 ], [ -75.188382, 40.016986 ], [ -75.182239, 40.011676 ], [ -75.183611, 40.010905 ], [ -75.185674, 40.01012 ], [ -75.186537, 40.009831 ], [ -75.190514, 40.008407 ], [ -75.19281, 40.006733 ], [ -75.197451, 40.008315 ], [ -75.194364, 40.012039 ] ] ] ] } },
{ "type": "Feature", "properties": { "STATEFP": "42", "COUNTYFP": "101", "TRACTCE": "980902", "GEOIDFQ": "1400000US42101980902", "GEOID": "42101980902", "NAME": "9809.02", "NAMELSAD": "Census Tract 9809.02", "STUSPS": "PA", "NAMELSADCO": "Philadelphia County", "STATE_NAME": "Pennsylvania", "LSAD": "CT", "ALAND": 132548.0, "AWATER": 50536.0 }, "geometry": { "type": "MultiPolygon", "coordinates": [ [ [ [ -75.206322, 39.934759 ], [ -75.206072, 39.935371 ], [ -75.205643, 39.936882 ], [ -75.205468, 39.938355 ], [ -75.20114, 39.937468 ], [ -75.199344, 39.938366 ], [ -75.203047, 39.93496 ], [ -75.204223, 39.932852 ], [ -75.207433, 39.933513 ], [ -75.206322, 39.934759 ] ] ] ] } },
{ "type": "Feature", "properties": { "STATEFP": "42", "COUNTYFP": "101", "TRACTCE": "036700", "GEOIDFQ": "1400000US42101036700", "GEOID": "42101036700", "NAME": "367", "NAMELSAD": "Census Tract 367", "STUSPS": "PA", "NAMELSADCO": "Philadelphia County", "STATE_NAME": "Pennsylvania", "LSAD": "CT", "ALAND": 729908.0, "AWATER": 0.0 }, "geometry": { "type": "MultiPolygon", "coordinates": [ [ [ [ -75.148877, 39.957664 ], [ -75.148181, 39.961418 ], [ -75.148029, 39.962265 ], [ -75.147796, 39.963527 ], [ -75.147146, 39.967126 ], [ -75.144002, 39.96567 ], [ -75.142528, 39.964985 ], [ -75.140706, 39.964138 ], [ -75.138827, 39.963129 ], [ -75.138081, 39.962936 ], [ -75.139954, 39.956928 ], [ -75.141412, 39.957117 ], [ -75.141586, 39.955754 ], [ -75.142177, 39.956184 ], [ -75.144255, 39.956784 ], [ -75.148539, 39.957637 ], [ -75.148877, 39.957664 ] ] ] ] } },
{ "type": "Feature", "properties": { "STATEFP": "42", "COUNTYFP": "101", "TRACTCE": "014500", "GEOIDFQ": "1400000US42101014500", "GEOID": "42101014500", "NAME": "145", "NAMELSAD": "Census Tract 145", "STUSPS": "PA", "NAMELSADCO": "Philadelphia County", "STATE_NAME": "Pennsylvania", "LSAD": "CT", "ALAND": 321465.0, "AWATER": 0.0 }, "geometry": { "type": "MultiPolygon", "coordinates": [ [ [ [ -75.150661, 39.979325 ], [ -75.149759, 39.97921 ], [ -75.14501, 39.978597 ], [ -75.145559, 39.975638 ], [ -75.146082, 39.972833 ], [ -75.150315, 39.973382 ], [ -75.151915, 39.973588 ], [ -75.150661, 39.979325 ] ] ] ] } },
{ "type": "Feature", "properties": { "STATEFP": "42", "COUNTYFP": "101", "TRACTCE": "001800", "GEOIDFQ": "1400000US42101001800", "GEOID": "42101001800", "NAME": "18", "NAMELSAD": "Census Tract 18", "STUSPS": "PA", "NAMELSADCO": "Philadelphia County", "STATE_NAME": "Pennsylvania", "LSAD": "CT", "ALAND": 242440.0, "AWATER": 0.0 }, "geometry": { "type": "MultiPolygon", "coordinates": [ [ [ [ -75.166204, 39.940813 ], [ -75.165988, 39.94182 ], [ -75.160533, 39.941146 ], [ -75.156388, 39.940627 ], [ -75.152771, 39.940039 ], [ -75.153065, 39.938763 ], [ -75.153286, 39.937736 ], [ -75.156317, 39.938569 ], [ -75.157848, 39.938982 ], [ -75.16092, 39.939367 ], [ -75.16636, 39.94003 ], [ -75.166204, 39.940813 ] ] ] ] } },
{ "type": "Feature", "properties": { "STATEFP": "42", "COUNTYFP": "101", "TRACTCE": "003002", "GEOIDFQ": "1400000US42101003002", "GEOID": "42101003002", "NAME": "30.02", "NAMELSAD": "Census Tract 30.02", "STUSPS": "PA", "NAMELSADCO": "Philadelphia County", "STATE_NAME": "Pennsylvania", "LSAD": "CT", "ALAND": 226952.0, "AWATER": 0.0 }, "geometry": { "type": "MultiPolygon", "coordinates": [ [ [ [ -75.174495, 39.932523 ], [ -75.17397, 39.934974 ], [ -75.172389, 39.934765 ], [ -75.17034, 39.934498 ], [ -75.16764, 39.93415 ], [ -75.16815, 39.931701 ], [ -75.168423, 39.930465 ], [ -75.171065, 39.930827 ], [ -75.17319, 39.931104 ], [ -75.174764, 39.931307 ], [ -75.174495, 39.932523 ] ] ] ] } },
{ "type": "Feature", "properties": { "STATEFP": "42", "COUNTYFP": "101", "TRACTCE": "006700", "GEOIDFQ": "1400000US42101006700", "GEOID": "42101006700", "NAME": "67", "NAMELSAD": "Census Tract 67", "STUSPS": "PA", "NAMELSADCO": "Philadelphia County", "STATE_NAME": "Pennsylvania", "LSAD": "CT", "ALAND": 1001468.0, "AWATER": 0.0 }, "geometry": { "type": "MultiPolygon", "coordinates": [ [ [ [ -75.232438, 39.92397 ], [ -75.229818, 39.925811 ], [ -75.22869, 39.926602 ], [ -75.227309, 39.927571 ], [ -75.222696, 39.930808 ], [ -75.220588, 39.929047 ], [ -75.219485, 39.928116 ], [ -75.216768, 39.926956 ], [ -75.21964, 39.922769 ], [ -75.221873, 39.919551 ], [ -75.223236, 39.917589 ], [ -75.22421, 39.917832 ], [ -75.225839, 39.918503 ], [ -75.227538, 39.91984 ], [ -75.228931, 39.921025 ], [ -75.230327, 39.922201 ], [ -75.232438, 39.92397 ] ] ] ] } },
{ "type": "Feature", "properties": { "STATEFP": "42", "COUNTYFP": "101", "TRACTCE": "011200", "GEOIDFQ": "1400000US42101011200", "GEOID": "42101011200", "NAME": "112", "NAMELSAD": "Census Tract 112", "STUSPS": "PA", "NAMELSADCO": "Philadelphia County", "STATE_NAME": "Pennsylvania", "LSAD": "CT", "ALAND": 503153.0, "AWATER": 0.0 }, "geometry": { "type": "MultiPolygon", "coordinates": [ [ [ [ -75.23857, 39.976101 ], [ -75.236087, 39.97638 ], [ -75.233691, 39.976642 ], [ -75.231783, 39.976852 ], [ -75.229855, 39.977069 ], [ -75.229266, 39.973926 ], [ -75.229026, 39.972644 ], [ -75.228735, 39.971107 ], [ -75.231617, 39.970789 ], [ -75.232573, 39.970683 ], [ -75.234203, 39.9705 ], [ -75.235697, 39.970336 ], [ -75.237455, 39.970141 ], [ -75.237983, 39.972957 ], [ -75.23857, 39.976101 ] ] ] ] } },
{ "type": "Feature", "properties": { "STATEFP": "42", "COUNTYFP": "101", "TRACTCE": "013401", "GEOIDFQ": "1400000US42101013401", "GEOID": "42101013401", "NAME": "134.01", "NAMELSAD": "Census Tract 134.01", "STUSPS": "PA", "NAMELSADCO": "Philadelphia County", "STATE_NAME": "Pennsylvania", "LSAD": "CT", "ALAND": 164058.0, "AWATER": 0.0 }, "geometry": { "type": "MultiPolygon", "coordinates": [ [ [ [ -75.178641, 39.967399 ], [ -75.17539, 39.967345 ], [ -75.172108, 39.967284 ], [ -75.17256, 39.965219 ], [ -75.172848, 39.963923 ], [ -75.176219, 39.964409 ], [ -75.176778, 39.964822 ], [ -75.177513, 39.965382 ], [ -75.179683, 39.967416 ], [ -75.178641, 39.967399 ] ] ] ] } },
{ "type": "Feature", "properties": { "STATEFP": "42", "COUNTYFP": "101", "TRACTCE": "017701", "GEOIDFQ": "1400000US42101017701", "GEOID": "42101017701", "NAME": "177.01", "NAMELSAD": "Census Tract 177.01", "STUSPS": "PA", "NAMELSADCO": "Philadelphia County", "STATE_NAME": "Pennsylvania", "LSAD": "CT", "ALAND": 241053.0, "AWATER": 0.0 }, "geometry": { "type": "MultiPolygon", "coordinates": [ [ [ [ -75.119665, 39.995671 ], [ -75.119328, 39.997255 ], [ -75.118994, 39.998852 ], [ -75.117055, 39.998601 ], [ -75.115107, 39.998347 ], [ -75.112923, 39.99806 ], [ -75.110983, 39.997801 ], [ -75.111558, 39.997475 ], [ -75.113387, 39.996493 ], [ -75.115778, 39.995167 ], [ -75.118272, 39.993803 ], [ -75.12031, 39.992672 ], [ -75.119665, 39.995671 ] ] ] ] } },
{ "type": "Feature", "properties": { "STATEFP": "42", "COUNTYFP": "101", "TRACTCE": "021100", "GEOIDFQ": "1400000US42101021100", "GEOID": "42101021100", "NAME": "211", "NAMELSAD": "Census Tract 211", "STUSPS": "PA", "NAMELSADCO": "Philadelphia County", "STATE_NAME": "Pennsylvania", "LSAD": "CT", "ALAND": 554014.0, "AWATER": 0.0 }, "geometry": { "type": "MultiPolygon", "coordinates": [ [ [ [ -75.211308, 40.02997 ], [ -75.207715, 40.031573 ], [ -75.205569, 40.032514 ], [ -75.203407, 40.029561 ], [ -75.205616, 40.028661 ], [ -75.20323, 40.025839 ], [ -75.201854, 40.025293 ], [ -75.202985, 40.024602 ], [ -75.204057, 40.020213 ], [ -75.207595, 40.019536 ], [ -75.207501, 40.023328 ], [ -75.207732, 40.023783 ], [ -75.209437, 40.026929 ], [ -75.210588, 40.02903 ], [ -75.211308, 40.02997 ] ] ] ] } },
{ "type": "Feature", "properties": { "STATEFP": "42", "COUNTYFP": "101", "TRACTCE": "026800", "GEOIDFQ": "1400000US42101026800", "GEOID": "42101026800", "NAME": "268", "NAMELSAD": "Census Tract 268", "STUSPS": "PA", "NAMELSADCO": "Philadelphia County", "STATE_NAME": "Pennsylvania", "LSAD": "CT", "ALAND": 774267.0, "AWATER": 0.0 }, "geometry": { "type": "MultiPolygon", "coordinates": [ [ [ [ -75.143189, 40.05381 ], [ -75.142292, 40.057941 ], [ -75.142182, 40.058424 ], [ -75.140897, 40.064239 ], [ -75.139427, 40.063358 ], [ -75.136719, 40.061821 ], [ -75.135124, 40.060989 ], [ -75.13619, 40.059264 ], [ -75.137025, 40.058773 ], [ -75.136585, 40.058566 ], [ -75.137767, 40.053112 ], [ -75.139107, 40.047011 ], [ -75.142858, 40.047488 ], [ -75.142164, 40.050556 ], [ -75.143841, 40.050771 ], [ -75.143189, 40.05381 ] ] ] ] } },
{ "type": "Feature", "properties": { "STATEFP": "42", "COUNTYFP": "101", "TRACTCE": "031102", "GEOIDFQ": "1400000US42101031102", "GEOID": "42101031102", "NAME": "311.02", "NAMELSAD": "Census Tract 311.02", "STUSPS": "PA", "NAMELSADCO": "Philadelphia County", "STATE_NAME": "Pennsylvania", "LSAD": "CT", "ALAND": 398109.0, "AWATER": 0.0 }, "geometry": { "type": "MultiPolygon", "coordinates": [ [ [ [ -75.087852, 40.036111 ], [ -75.086804, 40.037049 ], [ -75.084412, 40.039499 ], [ -75.082674, 40.04242 ], [ -75.080904, 40.041432 ], [ -75.082114, 40.040147 ], [ -75.07862, 40.038205 ], [ -75.079265, 40.037516 ], [ -75.080981, 40.035713 ], [ -75.081757, 40.034924 ], [ -75.084273, 40.032172 ], [ -75.085313, 40.033521 ], [ -75.087159, 40.03479 ], [ -75.087852, 40.036111 ] ] ] ] } },
{ "type": "Feature", "properties": { "STATEFP": "42", "COUNTYFP": "101", "TRACTCE": "033900", "GEOIDFQ": "1400000US42101033900", "GEOID": "42101033900", "NAME": "339", "NAMELSAD": "Census Tract 339", "STUSPS": "PA", "NAMELSADCO": "Philadelphia County", "STATE_NAME": "Pennsylvania", "LSAD": "CT", "ALAND": 1140699.0, "AWATER": 0.0 }, "geometry": { "type": "MultiPolygon", "coordinates": [ [ [ [ -75.090317, 40.075115 ], [ -75.085044, 40.072141 ], [ -75.08415, 40.071824 ], [ -75.083255, 40.071209 ], [ -75.07966, 40.069203 ], [ -75.080965, 40.067974 ], [ -75.077177, 40.065785 ], [ -75.079179, 40.065175 ], [ -75.083868, 40.063571 ], [ -75.085729, 40.062589 ], [ -75.08699, 40.063321 ], [ -75.087425, 40.063599 ], [ -75.096733, 40.068989 ], [ -75.090317, 40.075115 ] ] ] ] } },
{ "type": "Feature", "properties": { "STATEFP": "42", "COUNTYFP": "101", "TRACTCE": "035500", "GEOIDFQ": "1400000US42101035500", "GEOID": "42101035500", "NAME": "355", "NAMELSAD": "Census Tract 355", "STUSPS": "PA", "NAMELSADCO": "Philadelphia County", "STATE_NAME": "Pennsylvania", "LSAD": "CT", "ALAND": 2290052.0, "AWATER": 1067.0 }, "geometry": { "type": "MultiPolygon", "coordinates": [ [ [ [ -75.041488, 40.087338 ], [ -75.030725, 40.09553 ], [ -75.027032, 40.09834 ], [ -75.023927, 40.100702 ], [ -75.022086, 40.100212 ], [ -75.019726, 40.098346 ], [ -75.018233, 40.097105 ], [ -75.015528, 40.09486 ], [ -75.015367, 40.094734 ], [ -75.017383, 40.092651 ], [ -75.017575, 40.092754 ], [ -75.025229, 40.08482 ], [ -75.028952, 40.080968 ], [ -75.037498, 40.085459 ], [ -75.0384, 40.084472 ], [ -75.039509, 40.085702 ], [ -75.040877, 40.086966 ], [ -75.041488, 40.087338 ] ] ] ] } },
{ "type": "Feature", "properties": { "STATEFP": "42", "COUNTYFP": "101", "TRACTCE": "010400", "GEOIDFQ": "1400000US42101010400", "GEOID": "42101010400", "NAME": "104", "NAMELSAD": "Census Tract 104", "STUSPS": "PA", "NAMELSADCO": "Philadelphia County", "STATE_NAME": "Pennsylvania", "LSAD": "CT", "ALAND": 473022.0, "AWATER": 0.0 }, "geometry": { "type": "MultiPolygon", "coordinates": [ [ [ [ -75.223118, 39.969747 ], [ -75.217172, 39.970351 ], [ -75.216996, 39.968969 ], [ -75.2168, 39.967459 ], [ -75.216516, 39.965214 ], [ -75.216181, 39.962546 ], [ -75.217002, 39.959015 ], [ -75.218954, 39.95926 ], [ -75.219175, 39.959288 ], [ -75.219439, 39.960941 ], [ -75.219693, 39.962523 ], [ -75.220044, 39.963819 ], [ -75.221952, 39.96425 ], [ -75.222431, 39.966487 ], [ -75.222444, 39.966531 ], [ -75.222501, 39.966878 ], [ -75.223118, 39.969747 ] ] ] ] } },
{ "type": "Feature", "properties": { "STATEFP": "42", "COUNTYFP": "101", "TRACTCE": "010600", "GEOIDFQ": "1400000US42101010600", "GEOID": "42101010600", "NAME": "106", "NAMELSAD": "Census Tract 106", "STUSPS": "PA", "NAMELSADCO": "Philadelphia County", "STATE_NAME": "Pennsylvania", "LSAD": "CT", "ALAND": 265467.0, "AWATER": 0.0 }, "geometry": { "type": "MultiPolygon", "coordinates": [ [ [ [ -75.211334, 39.968726 ], [ -75.211189, 39.968634 ], [ -75.208344, 39.966876 ], [ -75.202342, 39.963137 ], [ -75.20236, 39.962859 ], [ -75.206889, 39.962485 ], [ -75.209058, 39.962329 ], [ -75.21056, 39.962571 ], [ -75.211231, 39.967879 ], [ -75.211334, 39.968726 ] ] ] ] } },
{ "type": "Feature", "properties": { "STATEFP": "42", "COUNTYFP": "101", "TRACTCE": "008000", "GEOIDFQ": "1400000US42101008000", "GEOID": "42101008000", "NAME": "80", "NAMELSAD": "Census Tract 80", "STUSPS": "PA", "NAMELSADCO": "Philadelphia County", "STATE_NAME": "Pennsylvania", "LSAD": "CT", "ALAND": 430891.0, "AWATER": 0.0 }, "geometry": { "type": "MultiPolygon", "coordinates": [ [ [ [ -75.230959, 39.949438 ], [ -75.230793, 39.950172 ], [ -75.230635, 39.950922 ], [ -75.230323, 39.952475 ], [ -75.229999, 39.953996 ], [ -75.226224, 39.953528 ], [ -75.222279, 39.95304 ], [ -75.222589, 39.951519 ], [ -75.22275, 39.950754 ], [ -75.222914, 39.949975 ], [ -75.223315, 39.947925 ], [ -75.224946, 39.947744 ], [ -75.227419, 39.94777 ], [ -75.229449, 39.947779 ], [ -75.231289, 39.94782 ], [ -75.230959, 39.949438 ] ] ] ] } },
{ "type": "Feature", "properties": { "STATEFP": "42", "COUNTYFP": "101", "TRACTCE": "010000", "GEOIDFQ": "1400000US42101010000", "GEOID": "42101010000", "NAME": "100", "NAMELSAD": "Census Tract 100", "STUSPS": "PA", "NAMELSADCO": "Philadelphia County", "STATE_NAME": "Pennsylvania", "LSAD": "CT", "ALAND": 497692.0, "AWATER": 0.0 }, "geometry": { "type": "MultiPolygon", "coordinates": [ [ [ [ -75.255196, 39.97426 ], [ -75.251914, 39.974623 ], [ -75.250203, 39.974815 ], [ -75.247797, 39.975079 ], [ -75.247494, 39.975113 ], [ -75.246935, 39.972111 ], [ -75.247518, 39.969093 ], [ -75.246531, 39.968967 ], [ -75.246848, 39.967449 ], [ -75.247169, 39.965927 ], [ -75.251119, 39.966398 ], [ -75.250481, 39.96946 ], [ -75.255123, 39.970036 ], [ -75.254752, 39.971527 ], [ -75.255196, 39.97426 ] ] ] ] } },
{ "type": "Feature", "properties": { "STATEFP": "42", "COUNTYFP": "101", "TRACTCE": "015101", "GEOIDFQ": "1400000US42101015101", "GEOID": "42101015101", "NAME": "151.01", "NAMELSAD": "Census Tract 151.01", "STUSPS": "PA", "NAMELSADCO": "Philadelphia County", "STATE_NAME": "Pennsylvania", "LSAD": "CT", "ALAND": 193072.0, "AWATER": 0.0 }, "geometry": { "type": "MultiPolygon", "coordinates": [ [ [ [ -75.187382, 39.98713 ], [ -75.186713, 39.990215 ], [ -75.183459, 39.9898 ], [ -75.184136, 39.986721 ], [ -75.184794, 39.983706 ], [ -75.188033, 39.984126 ], [ -75.187382, 39.98713 ] ] ] ] } },
{ "type": "Feature", "properties": { "STATEFP": "42", "COUNTYFP": "101", "TRACTCE": "038500", "GEOIDFQ": "1400000US42101038500", "GEOID": "42101038500", "NAME": "385", "NAMELSAD": "Census Tract 385", "STUSPS": "PA", "NAMELSADCO": "Philadelphia County", "STATE_NAME": "Pennsylvania", "LSAD": "CT", "ALAND": 1344519.0, "AWATER": 2576.0 }, "geometry": { "type": "MultiPolygon", "coordinates": [ [ [ [ -75.227717, 40.084321 ], [ -75.224012, 40.084218 ], [ -75.219807, 40.082084 ], [ -75.217463, 40.080575 ], [ -75.207985, 40.07695 ], [ -75.203427, 40.07418 ], [ -75.202651, 40.073212 ], [ -75.204218, 40.071632 ], [ -75.204166, 40.069595 ], [ -75.205815, 40.070106 ], [ -75.208933, 40.067015 ], [ -75.211138, 40.068318 ], [ -75.211625, 40.070754 ], [ -75.215385, 40.073257 ], [ -75.216984, 40.074811 ], [ -75.215755, 40.076447 ], [ -75.21843, 40.075856 ], [ -75.224633, 40.079605 ], [ -75.227717, 40.084321 ] ] ] ] } },
{ "type": "Feature", "properties": { "STATEFP": "42", "COUNTYFP": "101", "TRACTCE": "026400", "GEOIDFQ": "1400000US42101026400", "GEOID": "42101026400", "NAME": "264", "NAMELSAD": "Census Tract 264", "STUSPS": "PA", "NAMELSADCO": "Philadelphia County", "STATE_NAME": "Pennsylvania", "LSAD": "CT", "ALAND": 796819.0, "AWATER": 0.0 }, "geometry": { "type": "MultiPolygon", "coordinates": [ [ [ [ -75.165714, 40.06439 ], [ -75.168099, 40.065219 ], [ -75.166072, 40.067194 ], [ -75.163822, 40.066357 ], [ -75.162495, 40.067732 ], [ -75.159299, 40.065913 ], [ -75.156726, 40.064442 ], [ -75.155254, 40.062431 ], [ -75.15642, 40.061234 ], [ -75.158413, 40.059181 ], [ -75.160691, 40.056831 ], [ -75.163173, 40.058233 ], [ -75.164602, 40.059044 ], [ -75.165453, 40.059541 ], [ -75.168641, 40.061373 ], [ -75.165714, 40.06439 ] ] ] ] } },
{ "type": "Feature", "properties": { "STATEFP": "42", "COUNTYFP": "101", "TRACTCE": "004103", "GEOIDFQ": "1400000US42101004103", "GEOID": "42101004103", "NAME": "41.03", "NAMELSAD": "Census Tract 41.03", "STUSPS": "PA", "NAMELSADCO": "Philadelphia County", "STATE_NAME": "Pennsylvania", "LSAD": "CT", "ALAND": 190517.0, "AWATER": 0.0 }, "geometry": { "type": "MultiPolygon", "coordinates": [ [ [ [ -75.163412, 39.921015 ], [ -75.160275, 39.920611 ], [ -75.155597, 39.920013 ], [ -75.155865, 39.918755 ], [ -75.156139, 39.917515 ], [ -75.159276, 39.917914 ], [ -75.160826, 39.918116 ], [ -75.161362, 39.918177 ], [ -75.163956, 39.918518 ], [ -75.163412, 39.921015 ] ] ] ] } },
{ "type": "Feature", "properties": { "STATEFP": "42", "COUNTYFP": "101", "TRACTCE": "016200", "GEOIDFQ": "1400000US42101016200", "GEOID": "42101016200", "NAME": "162", "NAMELSAD": "Census Tract 162", "STUSPS": "PA", "NAMELSADCO": "Philadelphia County", "STATE_NAME": "Pennsylvania", "LSAD": "CT", "ALAND": 364983.0, "AWATER": 0.0 }, "geometry": { "type": "MultiPolygon", "coordinates": [ [ [ [ -75.145126, 39.986485 ], [ -75.1435, 39.986275 ], [ -75.14152, 39.986016 ], [ -75.139669, 39.985802 ], [ -75.136759, 39.985402 ], [ -75.132208, 39.984741 ], [ -75.132881, 39.981631 ], [ -75.137443, 39.982223 ], [ -75.138137, 39.982312 ], [ -75.139868, 39.982536 ], [ -75.144169, 39.983092 ], [ -75.14405, 39.983721 ], [ -75.144154, 39.984724 ], [ -75.145126, 39.986485 ] ] ] ] } },
{ "type": "Feature", "properties": { "STATEFP": "42", "COUNTYFP": "101", "TRACTCE": "000902", "GEOIDFQ": "1400000US42101000902", "GEOID": "42101000902", "NAME": "9.02", "NAMELSAD": "Census Tract 9.02", "STUSPS": "PA", "NAMELSADCO": "Philadelphia County", "STATE_NAME": "Pennsylvania", "LSAD": "CT", "ALAND": 155167.0, "AWATER": 0.0 }, "geometry": { "type": "MultiPolygon", "coordinates": [ [ [ [ -75.159751, 39.948783 ], [ -75.158965, 39.948681 ], [ -75.157392, 39.94849 ], [ -75.156646, 39.948394 ], [ -75.153174, 39.947962 ], [ -75.153498, 39.946477 ], [ -75.153104, 39.94591 ], [ -75.153184, 39.945536 ], [ -75.156337, 39.945923 ], [ -75.157113, 39.946025 ], [ -75.159481, 39.946325 ], [ -75.160267, 39.946422 ], [ -75.159751, 39.948783 ] ] ] ] } },
{ "type": "Feature", "properties": { "STATEFP": "42", "COUNTYFP": "101", "TRACTCE": "006400", "GEOIDFQ": "1400000US42101006400", "GEOID": "42101006400", "NAME": "64", "NAMELSAD": "Census Tract 64", "STUSPS": "PA", "NAMELSADCO": "Philadelphia County", "STATE_NAME": "Pennsylvania", "LSAD": "CT", "ALAND": 642367.0, "AWATER": 12217.0 }, "geometry": { "type": "MultiPolygon", "coordinates": [ [ [ [ -75.247511, 39.921709 ], [ -75.244336, 39.92625 ], [ -75.243643, 39.930897 ], [ -75.242903, 39.930708 ], [ -75.235478, 39.928877 ], [ -75.236986, 39.927821 ], [ -75.235594, 39.92664 ], [ -75.236833, 39.925765 ], [ -75.23816, 39.924839 ], [ -75.239671, 39.923779 ], [ -75.246856, 39.918759 ], [ -75.247341, 39.918541 ], [ -75.247484, 39.919242 ], [ -75.247511, 39.921709 ] ] ] ] } },
{ "type": "Feature", "properties": { "STATEFP": "42", "COUNTYFP": "101", "TRACTCE": "012100", "GEOIDFQ": "1400000US42101012100", "GEOID": "42101012100", "NAME": "121", "NAMELSAD": "Census Tract 121", "STUSPS": "PA", "NAMELSADCO": "Philadelphia County", "STATE_NAME": "Pennsylvania", "LSAD": "CT", "ALAND": 876796.0, "AWATER": 5378.0 }, "geometry": { "type": "MultiPolygon", "coordinates": [ [ [ [ -75.226402, 40.001255 ], [ -75.220665, 40.003944 ], [ -75.219551, 39.999839 ], [ -75.21828, 39.995318 ], [ -75.217994, 39.994223 ], [ -75.220317, 39.990286 ], [ -75.225109, 39.987582 ], [ -75.225891, 39.988131 ], [ -75.225699, 39.989626 ], [ -75.225662, 39.991469 ], [ -75.225794, 39.996924 ], [ -75.227462, 40.000746 ], [ -75.226402, 40.001255 ] ] ] ] } },
{ "type": "Feature", "properties": { "STATEFP": "42", "COUNTYFP": "101", "TRACTCE": "024400", "GEOIDFQ": "1400000US42101024400", "GEOID": "42101024400", "NAME": "244", "NAMELSAD": "Census Tract 244", "STUSPS": "PA", "NAMELSADCO": "Philadelphia County", "STATE_NAME": "Pennsylvania", "LSAD": "CT", "ALAND": 421189.0, "AWATER": 0.0 }, "geometry": { "type": "MultiPolygon", "coordinates": [ [ [ [ -75.169124, 40.023865 ], [ -75.167644, 40.025372 ], [ -75.166395, 40.026593 ], [ -75.163749, 40.029255 ], [ -75.161425, 40.027764 ], [ -75.160983, 40.027253 ], [ -75.160053, 40.026023 ], [ -75.159551, 40.023925 ], [ -75.162024, 40.022286 ], [ -75.162462, 40.021954 ], [ -75.162782, 40.020368 ], [ -75.163915, 40.02099 ], [ -75.168482, 40.023512 ], [ -75.169124, 40.023865 ] ] ] ] } },
{ "type": "Feature", "properties": { "STATEFP": "42", "COUNTYFP": "101", "TRACTCE": "027100", "GEOIDFQ": "1400000US42101027100", "GEOID": "42101027100", "NAME": "271", "NAMELSAD": "Census Tract 271", "STUSPS": "PA", "NAMELSADCO": "Philadelphia County", "STATE_NAME": "Pennsylvania", "LSAD": "CT", "ALAND": 372281.0, "AWATER": 39344.0 }, "geometry": { "type": "MultiPolygon", "coordinates": [ [ [ [ -75.127488, 40.050217 ], [ -75.127143, 40.051748 ], [ -75.12632, 40.055481 ], [ -75.124916, 40.054684 ], [ -75.122147, 40.053177 ], [ -75.122776, 40.049613 ], [ -75.123566, 40.044993 ], [ -75.125631, 40.045259 ], [ -75.126639, 40.045392 ], [ -75.128495, 40.045626 ], [ -75.127488, 40.050217 ] ] ] ] } },
{ "type": "Feature", "properties": { "STATEFP": "42", "COUNTYFP": "101", "TRACTCE": "034100", "GEOIDFQ": "1400000US42101034100", "GEOID": "42101034100", "NAME": "341", "NAMELSAD": "Census Tract 341", "STUSPS": "PA", "NAMELSADCO": "Philadelphia County", "STATE_NAME": "Pennsylvania", "LSAD": "CT", "ALAND": 1338392.0, "AWATER": 0.0 }, "geometry": { "type": "MultiPolygon", "coordinates": [ [ [ [ -75.090193, 40.075238 ], [ -75.086906, 40.078648 ], [ -75.082456, 40.082884 ], [ -75.078845, 40.082048 ], [ -75.076258, 40.080605 ], [ -75.073705, 40.079182 ], [ -75.071007, 40.077682 ], [ -75.0759, 40.072884 ], [ -75.07966, 40.069203 ], [ -75.083255, 40.071209 ], [ -75.08415, 40.071824 ], [ -75.085044, 40.072141 ], [ -75.090317, 40.075115 ], [ -75.090193, 40.075238 ] ] ] ] } },
{ "type": "Feature", "properties": { "STATEFP": "42", "COUNTYFP": "101", "TRACTCE": "016001", "GEOIDFQ": "1400000US42101016001", "GEOID": "42101016001", "NAME": "160.01", "NAMELSAD": "Census Tract 160.01", "STUSPS": "PA", "NAMELSADCO": "Philadelphia County", "STATE_NAME": "Pennsylvania", "LSAD": "CT", "ALAND": 330018.0, "AWATER": 0.0 }, "geometry": { "type": "MultiPolygon", "coordinates": [ [ [ [ -75.126136, 39.976082 ], [ -75.123334, 39.977514 ], [ -75.124193, 39.9785 ], [ -75.122449, 39.979411 ], [ -75.123266, 39.980344 ], [ -75.120973, 39.981546 ], [ -75.118522, 39.982825 ], [ -75.117355, 39.981481 ], [ -75.117697, 39.980904 ], [ -75.118611, 39.978879 ], [ -75.119763, 39.976369 ], [ -75.119959, 39.975915 ], [ -75.120992, 39.97547 ], [ -75.122592, 39.97388 ], [ -75.123391, 39.974403 ], [ -75.125201, 39.975558 ], [ -75.126136, 39.976082 ] ] ] ] } },
{ "type": "Feature", "properties": { "STATEFP": "42", "COUNTYFP": "101", "TRACTCE": "980906", "GEOIDFQ": "1400000US42101980906", "GEOID": "42101980906", "NAME": "9809.06", "NAMELSAD": "Census Tract 9809.06", "STUSPS": "PA", "NAMELSADCO": "Philadelphia County", "STATE_NAME": "Pennsylvania", "LSAD": "CT", "ALAND": 2945390.0, "AWATER": 383112.0 }, "geometry": { "type": "MultiPolygon", "coordinates": [ [ [ [ -75.216123, 39.909637 ], [ -75.21454, 39.910661 ], [ -75.213906, 39.911072 ], [ -75.212149, 39.911151 ], [ -75.206841, 39.911186 ], [ -75.20209, 39.918555 ], [ -75.2017, 39.919834 ], [ -75.195045, 39.921011 ], [ -75.192494, 39.921266 ], [ -75.190392, 39.921664 ], [ -75.189653, 39.921807 ], [ -75.18943, 39.920822 ], [ -75.190298, 39.91644 ], [ -75.19022, 39.915884 ], [ -75.190285, 39.915588 ], [ -75.192285, 39.906428 ], [ -75.193987, 39.905633 ], [ -75.211762, 39.897747 ], [ -75.214927, 39.901616 ], [ -75.216123, 39.909637 ] ] ] ] } },
{ "type": "Feature", "properties": { "STATEFP": "42", "COUNTYFP": "101", "TRACTCE": "001101", "GEOIDFQ": "1400000US42101001101", "GEOID": "42101001101", "NAME": "11.01", "NAMELSAD": "Census Tract 11.01", "STUSPS": "PA", "NAMELSADCO": "Philadelphia County", "STATE_NAME": "Pennsylvania", "LSAD": "CT", "ALAND": 174011.0, "AWATER": 0.0 }, "geometry": { "type": "MultiPolygon", "coordinates": [ [ [ [ -75.165341, 39.944664 ], [ -75.164845, 39.946999 ], [ -75.16471, 39.946971 ], [ -75.163648, 39.946836 ], [ -75.162627, 39.946713 ], [ -75.161843, 39.94662 ], [ -75.160267, 39.946422 ], [ -75.159481, 39.946325 ], [ -75.159984, 39.944009 ], [ -75.160205, 39.942997 ], [ -75.165575, 39.943664 ], [ -75.165341, 39.944664 ] ] ] ] } },
{ "type": "Feature", "properties": { "STATEFP": "42", "COUNTYFP": "101", "TRACTCE": "007800", "GEOIDFQ": "1400000US42101007800", "GEOID": "42101007800", "NAME": "78", "NAMELSAD": "Census Tract 78", "STUSPS": "PA", "NAMELSADCO": "Philadelphia County", "STATE_NAME": "Pennsylvania", "LSAD": "CT", "ALAND": 426722.0, "AWATER": 0.0 }, "geometry": { "type": "MultiPolygon", "coordinates": [ [ [ [ -75.223315, 39.947925 ], [ -75.221237, 39.948161 ], [ -75.219234, 39.948368 ], [ -75.217121, 39.94861 ], [ -75.21292, 39.949065 ], [ -75.211389, 39.947796 ], [ -75.210103, 39.946697 ], [ -75.211401, 39.945802 ], [ -75.212687, 39.944885 ], [ -75.214999, 39.943265 ], [ -75.215615, 39.943402 ], [ -75.217136, 39.94374 ], [ -75.219138, 39.944186 ], [ -75.219002, 39.944283 ], [ -75.222369, 39.947135 ], [ -75.223315, 39.947925 ] ] ] ] } },
{ "type": "Feature", "properties": { "STATEFP": "42", "COUNTYFP": "101", "TRACTCE": "008801", "GEOIDFQ": "1400000US42101008801", "GEOID": "42101008801", "NAME": "88.01", "NAMELSAD": "Census Tract 88.01", "STUSPS": "PA", "NAMELSADCO": "Philadelphia County", "STATE_NAME": "Pennsylvania", "LSAD": "CT", "ALAND": 184674.0, "AWATER": 0.0 }, "geometry": { "type": "MultiPolygon", "coordinates": [ [ [ [ -75.200525, 39.952695 ], [ -75.20026, 39.95382 ], [ -75.200098, 39.954582 ], [ -75.199622, 39.95686 ], [ -75.196121, 39.956429 ], [ -75.196762, 39.953387 ], [ -75.197243, 39.951021 ], [ -75.199204, 39.951257 ], [ -75.200801, 39.951458 ], [ -75.200525, 39.952695 ] ] ] ] } },
{ "type": "Feature", "properties": { "STATEFP": "42", "COUNTYFP": "101", "TRACTCE": "019501", "GEOIDFQ": "1400000US42101019501", "GEOID": "42101019501", "NAME": "195.01", "NAMELSAD": "Census Tract 195.01", "STUSPS": "PA", "NAMELSADCO": "Philadelphia County", "STATE_NAME": "Pennsylvania", "LSAD": "CT", "ALAND": 393883.0, "AWATER": 0.0 }, "geometry": { "type": "MultiPolygon", "coordinates": [ [ [ [ -75.137847, 40.002799 ], [ -75.133561, 40.002265 ], [ -75.132578, 40.002134 ], [ -75.131501, 40.001999 ], [ -75.128604, 40.001619 ], [ -75.124732, 40.001124 ], [ -75.125058, 39.999628 ], [ -75.12538, 39.998043 ], [ -75.12926, 39.998539 ], [ -75.132172, 39.998913 ], [ -75.133236, 39.999057 ], [ -75.138524, 39.999743 ], [ -75.137847, 40.002799 ] ] ] ] } },
{ "type": "Feature", "properties": { "STATEFP": "42", "COUNTYFP": "101", "TRACTCE": "025400", "GEOIDFQ": "1400000US42101025400", "GEOID": "42101025400", "NAME": "254", "NAMELSAD": "Census Tract 254", "STUSPS": "PA", "NAMELSADCO": "Philadelphia County", "STATE_NAME": "Pennsylvania", "LSAD": "CT", "ALAND": 769759.0, "AWATER": 0.0 }, "geometry": { "type": "MultiPolygon", "coordinates": [ [ [ [ -75.181313, 40.061221 ], [ -75.176526, 40.065896 ], [ -75.175327, 40.065216 ], [ -75.170787, 40.0626 ], [ -75.168641, 40.061373 ], [ -75.172869, 40.057256 ], [ -75.174759, 40.057282 ], [ -75.175743, 40.054577 ], [ -75.179017, 40.05658 ], [ -75.180513, 40.057498 ], [ -75.183366, 40.05922 ], [ -75.181313, 40.061221 ] ] ] ] } },
{ "type": "Feature", "properties": { "STATEFP": "42", "COUNTYFP": "101", "TRACTCE": "029100", "GEOIDFQ": "1400000US42101029100", "GEOID": "42101029100", "NAME": "291", "NAMELSAD": "Census Tract 291", "STUSPS": "PA", "NAMELSADCO": "Philadelphia County", "STATE_NAME": "Pennsylvania", "LSAD": "CT", "ALAND": 1316903.0, "AWATER": 17180.0 }, "geometry": { "type": "MultiPolygon", "coordinates": [ [ [ [ -75.11455, 40.039747 ], [ -75.112319, 40.043276 ], [ -75.111963, 40.04364 ], [ -75.110985, 40.046769 ], [ -75.109431, 40.045874 ], [ -75.110816, 40.042346 ], [ -75.10827, 40.042213 ], [ -75.106729, 40.04132 ], [ -75.104633, 40.040073 ], [ -75.103163, 40.039196 ], [ -75.101572, 40.038293 ], [ -75.098416, 40.036101 ], [ -75.101148, 40.033334 ], [ -75.104244, 40.030261 ], [ -75.104331, 40.029981 ], [ -75.106583, 40.029303 ], [ -75.111601, 40.027698 ], [ -75.11288, 40.027457 ], [ -75.11181, 40.027998 ], [ -75.111139, 40.031038 ], [ -75.110735, 40.033115 ], [ -75.113156, 40.036507 ], [ -75.113854, 40.037292 ], [ -75.11442, 40.039263 ], [ -75.11455, 40.039747 ] ] ] ] } },
{ "type": "Feature", "properties": { "STATEFP": "42", "COUNTYFP": "101", "TRACTCE": "031501", "GEOIDFQ": "1400000US42101031501", "GEOID": "42101031501", "NAME": "315.01", "NAMELSAD": "Census Tract 315.01", "STUSPS": "PA", "NAMELSADCO": "Philadelphia County", "STATE_NAME": "Pennsylvania", "LSAD": "CT", "ALAND": 587249.0, "AWATER": 0.0 }, "geometry": { "type": "MultiPolygon", "coordinates": [ [ [ [ -75.051973, 40.035672 ], [ -75.053584, 40.036574 ], [ -75.053022, 40.037183 ], [ -75.0518, 40.038476 ], [ -75.05122, 40.039091 ], [ -75.049027, 40.041412 ], [ -75.045919, 40.039643 ], [ -75.04086, 40.036757 ], [ -75.044053, 40.035096 ], [ -75.044671, 40.034771 ], [ -75.04677, 40.033683 ], [ -75.048574, 40.032982 ], [ -75.050972, 40.032324 ], [ -75.053701, 40.033844 ], [ -75.051973, 40.035672 ] ] ] ] } },
{ "type": "Feature", "properties": { "STATEFP": "42", "COUNTYFP": "101", "TRACTCE": "980905", "GEOIDFQ": "1400000US42101980905", "GEOID": "42101980905", "NAME": "9809.05", "NAMELSAD": "Census Tract 9809.05", "STUSPS": "PA", "NAMELSADCO": "Philadelphia County", "STATE_NAME": "Pennsylvania", "LSAD": "CT", "ALAND": 884500.0, "AWATER": 195611.0 }, "geometry": { "type": "MultiPolygon", "coordinates": [ [ [ [ -75.211762, 39.897747 ], [ -75.193987, 39.905633 ], [ -75.193465, 39.903433 ], [ -75.193652, 39.902387 ], [ -75.196687, 39.900857 ], [ -75.195421, 39.89903 ], [ -75.196239, 39.893365 ], [ -75.195514, 39.89184 ], [ -75.19726, 39.892618 ], [ -75.208124, 39.895675 ], [ -75.211762, 39.897747 ] ] ] ] } },
{ "type": "Feature", "properties": { "STATEFP": "42", "COUNTYFP": "101", "TRACTCE": "013300", "GEOIDFQ": "1400000US42101013300", "GEOID": "42101013300", "NAME": "133", "NAMELSAD": "Census Tract 133", "STUSPS": "PA", "NAMELSADCO": "Philadelphia County", "STATE_NAME": "Pennsylvania", "LSAD": "CT", "ALAND": 357932.0, "AWATER": 0.0 }, "geometry": { "type": "MultiPolygon", "coordinates": [ [ [ [ -75.165813, 39.965075 ], [ -75.165349, 39.967149 ], [ -75.165256, 39.967563 ], [ -75.164744, 39.970436 ], [ -75.164555, 39.970816 ], [ -75.159702, 39.970202 ], [ -75.160395, 39.967064 ], [ -75.160678, 39.96577 ], [ -75.160804, 39.965159 ], [ -75.160957, 39.964469 ], [ -75.161188, 39.963422 ], [ -75.161384, 39.962474 ], [ -75.164656, 39.96291 ], [ -75.166227, 39.963112 ], [ -75.165813, 39.965075 ] ] ] ] } },
{ "type": "Feature", "properties": { "STATEFP": "42", "COUNTYFP": "101", "TRACTCE": "024000", "GEOIDFQ": "1400000US42101024000", "GEOID": "42101024000", "NAME": "240", "NAMELSAD": "Census Tract 240", "STUSPS": "PA", "NAMELSADCO": "Philadelphia County", "STATE_NAME": "Pennsylvania", "LSAD": "CT", "ALAND": 617080.0, "AWATER": 0.0 }, "geometry": { "type": "MultiPolygon", "coordinates": [ [ [ [ -75.186194, 40.029468 ], [ -75.183731, 40.030637 ], [ -75.183058, 40.03129 ], [ -75.181235, 40.033097 ], [ -75.178913, 40.031737 ], [ -75.176705, 40.03046 ], [ -75.174572, 40.029244 ], [ -75.173611, 40.028691 ], [ -75.175115, 40.027255 ], [ -75.174043, 40.026588 ], [ -75.178141, 40.022595 ], [ -75.181668, 40.025657 ], [ -75.183544, 40.027265 ], [ -75.185463, 40.028875 ], [ -75.186194, 40.029468 ] ] ] ] } },
{ "type": "Feature", "properties": { "STATEFP": "42", "COUNTYFP": "101", "TRACTCE": "020702", "GEOIDFQ": "1400000US42101020702", "GEOID": "42101020702", "NAME": "207.02", "NAMELSAD": "Census Tract 207.02", "STUSPS": "PA", "NAMELSADCO": "Philadelphia County", "STATE_NAME": "Pennsylvania", "LSAD": "CT", "ALAND": 799191.0, "AWATER": 60259.0 }, "geometry": { "type": "MultiPolygon", "coordinates": [ [ [ [ -75.206207, 40.01472 ], [ -75.206139, 40.014753 ], [ -75.201086, 40.012929 ], [ -75.200278, 40.013708 ], [ -75.192405, 40.020495 ], [ -75.190034, 40.018727 ], [ -75.188382, 40.016986 ], [ -75.189997, 40.01551 ], [ -75.191874, 40.014201 ], [ -75.192879, 40.01162 ], [ -75.194364, 40.012039 ], [ -75.197451, 40.008315 ], [ -75.203107, 40.010138 ], [ -75.205978, 40.011723 ], [ -75.207599, 40.012719 ], [ -75.206207, 40.01472 ] ] ] ] } },
{ "type": "Feature", "properties": { "STATEFP": "42", "COUNTYFP": "101", "TRACTCE": "000200", "GEOIDFQ": "1400000US42101000200", "GEOID": "42101000200", "NAME": "2", "NAMELSAD": "Census Tract 2", "STUSPS": "PA", "NAMELSADCO": "Philadelphia County", "STATE_NAME": "Pennsylvania", "LSAD": "CT", "ALAND": 386232.0, "AWATER": 0.0 }, "geometry": { "type": "MultiPolygon", "coordinates": [ [ [ [ -75.162688, 39.956227 ], [ -75.162339, 39.957825 ], [ -75.157898, 39.957247 ], [ -75.155538, 39.956923 ], [ -75.153846, 39.956784 ], [ -75.152893, 39.956884 ], [ -75.150881, 39.957421 ], [ -75.151102, 39.957139 ], [ -75.151323, 39.956527 ], [ -75.151539, 39.952948 ], [ -75.154717, 39.953348 ], [ -75.157864, 39.953748 ], [ -75.159435, 39.953953 ], [ -75.163093, 39.9544 ], [ -75.162688, 39.956227 ] ] ] ] } },
{ "type": "Feature", "properties": { "STATEFP": "42", "COUNTYFP": "101", "TRACTCE": "022000", "GEOIDFQ": "1400000US42101022000", "GEOID": "42101022000", "NAME": "220", "NAMELSAD": "Census Tract 220", "STUSPS": "PA", "NAMELSADCO": "Philadelphia County", "STATE_NAME": "Pennsylvania", "LSAD": "CT", "ALAND": 2940132.0, "AWATER": 99558.0 }, "geometry": { "type": "MultiPolygon", "coordinates": [ [ [ [ -75.264431, 40.054094 ], [ -75.252209, 40.065278 ], [ -75.243288, 40.073494 ], [ -75.242047, 40.071949 ], [ -75.241075, 40.070395 ], [ -75.240092, 40.067344 ], [ -75.23885, 40.060815 ], [ -75.238182, 40.059771 ], [ -75.25412, 40.048324 ], [ -75.254629, 40.047592 ], [ -75.254678, 40.045924 ], [ -75.255098, 40.046122 ], [ -75.257655, 40.047611 ], [ -75.264431, 40.054094 ] ] ] ] } },
{ "type": "Feature", "properties": { "STATEFP": "42", "COUNTYFP": "101", "TRACTCE": "001201", "GEOIDFQ": "1400000US42101001201", "GEOID": "42101001201", "NAME": "12.01", "NAMELSAD": "Census Tract 12.01", "STUSPS": "PA", "NAMELSADCO": "Philadelphia County", "STATE_NAME": "Pennsylvania", "LSAD": "CT", "ALAND": 327555.0, "AWATER": 30728.0 }, "geometry": { "type": "MultiPolygon", "coordinates": [ [ [ [ -75.187231, 39.947176 ], [ -75.185634, 39.948021 ], [ -75.183288, 39.949512 ], [ -75.181134, 39.949008 ], [ -75.180021, 39.948872 ], [ -75.178994, 39.94875 ], [ -75.177843, 39.94861 ], [ -75.176239, 39.948414 ], [ -75.174323, 39.948177 ], [ -75.174627, 39.946753 ], [ -75.175054, 39.944832 ], [ -75.176985, 39.94508 ], [ -75.178578, 39.945269 ], [ -75.179409, 39.945377 ], [ -75.18188, 39.945691 ], [ -75.185685, 39.946159 ], [ -75.187231, 39.947176 ] ] ] ] } },
{ "type": "Feature", "properties": { "STATEFP": "42", "COUNTYFP": "101", "TRACTCE": "004002", "GEOIDFQ": "1400000US42101004002", "GEOID": "42101004002", "NAME": "40.02", "NAMELSAD": "Census Tract 40.02", "STUSPS": "PA", "NAMELSADCO": "Philadelphia County", "STATE_NAME": "Pennsylvania", "LSAD": "CT", "ALAND": 344839.0, "AWATER": 0.0 }, "geometry": { "type": "MultiPolygon", "coordinates": [ [ [ [ -75.171122, 39.918152 ], [ -75.170854, 39.91941 ], [ -75.170581, 39.920653 ], [ -75.170309, 39.921885 ], [ -75.166563, 39.921418 ], [ -75.163412, 39.921015 ], [ -75.163956, 39.918518 ], [ -75.16453, 39.915875 ], [ -75.166914, 39.916189 ], [ -75.167681, 39.916283 ], [ -75.170208, 39.916631 ], [ -75.171423, 39.916757 ], [ -75.171122, 39.918152 ] ] ] ] } },
{ "type": "Feature", "properties": { "STATEFP": "42", "COUNTYFP": "101", "TRACTCE": "010700", "GEOIDFQ": "1400000US42101010700", "GEOID": "42101010700", "NAME": "107", "NAMELSAD": "Census Tract 107", "STUSPS": "PA", "NAMELSADCO": "Philadelphia County", "STATE_NAME": "Pennsylvania", "LSAD": "CT", "ALAND": 461045.0, "AWATER": 0.0 }, "geometry": { "type": "MultiPolygon", "coordinates": [ [ [ [ -75.212148, 39.973012 ], [ -75.208646, 39.972158 ], [ -75.205979, 39.971429 ], [ -75.203722, 39.970929 ], [ -75.203258, 39.968447 ], [ -75.20264, 39.965169 ], [ -75.202342, 39.963137 ], [ -75.208344, 39.966876 ], [ -75.211189, 39.968634 ], [ -75.211334, 39.968726 ], [ -75.211516, 39.969654 ], [ -75.212148, 39.973012 ] ] ] ] } },
{ "type": "Feature", "properties": { "STATEFP": "42", "COUNTYFP": "101", "TRACTCE": "017800", "GEOIDFQ": "1400000US42101017800", "GEOID": "42101017800", "NAME": "178", "NAMELSAD": "Census Tract 178", "STUSPS": "PA", "NAMELSADCO": "Philadelphia County", "STATE_NAME": "Pennsylvania", "LSAD": "CT", "ALAND": 662615.0, "AWATER": 0.0 }, "geometry": { "type": "MultiPolygon", "coordinates": [ [ [ [ -75.124722, 39.990257 ], [ -75.123686, 39.990836 ], [ -75.12031, 39.992672 ], [ -75.118272, 39.993803 ], [ -75.115778, 39.995167 ], [ -75.113387, 39.996493 ], [ -75.111369, 39.994211 ], [ -75.109709, 39.992334 ], [ -75.109528, 39.992123 ], [ -75.114257, 39.989952 ], [ -75.115481, 39.989315 ], [ -75.120138, 39.986877 ], [ -75.121703, 39.987571 ], [ -75.122342, 39.987046 ], [ -75.123386, 39.987916 ], [ -75.125491, 39.989836 ], [ -75.124722, 39.990257 ] ] ] ] } },
{ "type": "Feature", "properties": { "STATEFP": "42", "COUNTYFP": "101", "TRACTCE": "031200", "GEOIDFQ": "1400000US42101031200", "GEOID": "42101031200", "NAME": "312", "NAMELSAD": "Census Tract 312", "STUSPS": "PA", "NAMELSADCO": "Philadelphia County", "STATE_NAME": "Pennsylvania", "LSAD": "CT", "ALAND": 383593.0, "AWATER": 0.0 }, "geometry": { "type": "MultiPolygon", "coordinates": [ [ [ [ -75.081757, 40.034924 ], [ -75.080981, 40.035713 ], [ -75.079265, 40.037516 ], [ -75.07862, 40.038205 ], [ -75.077394, 40.039464 ], [ -75.075336, 40.038281 ], [ -75.07355, 40.037298 ], [ -75.07016, 40.035425 ], [ -75.070806, 40.03528 ], [ -75.075052, 40.034299 ], [ -75.080235, 40.03311 ], [ -75.084273, 40.032172 ], [ -75.081757, 40.034924 ] ] ] ] } },
{ "type": "Feature", "properties": { "STATEFP": "42", "COUNTYFP": "101", "TRACTCE": "035601", "GEOIDFQ": "1400000US42101035601", "GEOID": "42101035601", "NAME": "356.01", "NAMELSAD": "Census Tract 356.01", "STUSPS": "PA", "NAMELSADCO": "Philadelphia County", "STATE_NAME": "Pennsylvania", "LSAD": "CT", "ALAND": 2029700.0, "AWATER": 12503.0 }, "geometry": { "type": "MultiPolygon", "coordinates": [ [ [ [ -75.047299, 40.092762 ], [ -75.046737, 40.09524 ], [ -75.047115, 40.098377 ], [ -75.042613, 40.100504 ], [ -75.039857, 40.101835 ], [ -75.032998, 40.10511 ], [ -75.030235, 40.103387 ], [ -75.028883, 40.102543 ], [ -75.027635, 40.101765 ], [ -75.023927, 40.100702 ], [ -75.027032, 40.09834 ], [ -75.030725, 40.09553 ], [ -75.041488, 40.087338 ], [ -75.045685, 40.089021 ], [ -75.047567, 40.09192 ], [ -75.047299, 40.092762 ] ] ] ] } },
{ "type": "Feature", "properties": { "STATEFP": "42", "COUNTYFP": "101", "TRACTCE": "021900", "GEOIDFQ": "1400000US42101021900", "GEOID": "42101021900", "NAME": "219", "NAMELSAD": "Census Tract 219", "STUSPS": "PA", "NAMELSADCO": "Philadelphia County", "STATE_NAME": "Pennsylvania", "LSAD": "CT", "ALAND": 1410069.0, "AWATER": 51091.0 }, "geometry": { "type": "MultiPolygon", "coordinates": [ [ [ [ -75.254629, 40.047592 ], [ -75.25412, 40.048324 ], [ -75.238182, 40.059771 ], [ -75.236386, 40.057398 ], [ -75.236042, 40.056711 ], [ -75.236301, 40.051037 ], [ -75.235419, 40.048775 ], [ -75.243483, 40.045379 ], [ -75.246129, 40.04758 ], [ -75.245653, 40.049122 ], [ -75.251298, 40.043505 ], [ -75.254678, 40.045924 ], [ -75.254629, 40.047592 ] ] ] ] } },
{ "type": "Feature", "properties": { "STATEFP": "42", "COUNTYFP": "101", "TRACTCE": "008101", "GEOIDFQ": "1400000US42101008101", "GEOID": "42101008101", "NAME": "81.01", "NAMELSAD": "Census Tract 81.01", "STUSPS": "PA", "NAMELSADCO": "Philadelphia County", "STATE_NAME": "Pennsylvania", "LSAD": "CT", "ALAND": 243881.0, "AWATER": 0.0 }, "geometry": { "type": "MultiPolygon", "coordinates": [ [ [ [ -75.239641, 39.947932 ], [ -75.239232, 39.949923 ], [ -75.239118, 39.950446 ], [ -75.235165, 39.949953 ], [ -75.230959, 39.949438 ], [ -75.231289, 39.94782 ], [ -75.233604, 39.947351 ], [ -75.235822, 39.946835 ], [ -75.240052, 39.945917 ], [ -75.239641, 39.947932 ] ] ] ] } },
{ "type": "Feature", "properties": { "STATEFP": "42", "COUNTYFP": "101", "TRACTCE": "033300", "GEOIDFQ": "1400000US42101033300", "GEOID": "42101033300", "NAME": "333", "NAMELSAD": "Census Tract 333", "STUSPS": "PA", "NAMELSADCO": "Philadelphia County", "STATE_NAME": "Pennsylvania", "LSAD": "CT", "ALAND": 1073385.0, "AWATER": 0.0 }, "geometry": { "type": "MultiPolygon", "coordinates": [ [ [ [ -75.051496, 40.050459 ], [ -75.050817, 40.052907 ], [ -75.048291, 40.055538 ], [ -75.047003, 40.056818 ], [ -75.04586, 40.057963 ], [ -75.044507, 40.059365 ], [ -75.04206, 40.064722 ], [ -75.041738, 40.064658 ], [ -75.03908, 40.061669 ], [ -75.038658, 40.056708 ], [ -75.039449, 40.055286 ], [ -75.042279, 40.049992 ], [ -75.045149, 40.048854 ], [ -75.04796, 40.048016 ], [ -75.051057, 40.049022 ], [ -75.050943, 40.050215 ], [ -75.051496, 40.050459 ] ] ] ] } },
{ "type": "Feature", "properties": { "STATEFP": "42", "COUNTYFP": "101", "TRACTCE": "007101", "GEOIDFQ": "1400000US42101007101", "GEOID": "42101007101", "NAME": "71.01", "NAMELSAD": "Census Tract 71.01", "STUSPS": "PA", "NAMELSADCO": "Philadelphia County", "STATE_NAME": "Pennsylvania", "LSAD": "CT", "ALAND": 253257.0, "AWATER": 0.0 }, "geometry": { "type": "MultiPolygon", "coordinates": [ [ [ [ -75.228358, 39.9377 ], [ -75.227831, 39.938077 ], [ -75.226854, 39.938767 ], [ -75.22548, 39.939725 ], [ -75.224113, 39.940691 ], [ -75.222753, 39.941654 ], [ -75.221545, 39.940652 ], [ -75.220278, 39.939572 ], [ -75.222098, 39.938279 ], [ -75.223012, 39.937643 ], [ -75.224388, 39.936676 ], [ -75.225358, 39.936 ], [ -75.225887, 39.935625 ], [ -75.227252, 39.934661 ], [ -75.229726, 39.936743 ], [ -75.228358, 39.9377 ] ] ] ] } },
{ "type": "Feature", "properties": { "STATEFP": "42", "COUNTYFP": "101", "TRACTCE": "000806", "GEOIDFQ": "1400000US42101000806", "GEOID": "42101000806", "NAME": "8.06", "NAMELSAD": "Census Tract 8.06", "STUSPS": "PA", "NAMELSADCO": "Philadelphia County", "STATE_NAME": "Pennsylvania", "LSAD": "CT", "ALAND": 73208.0, "AWATER": 0.0 }, "geometry": { "type": "MultiPolygon", "coordinates": [ [ [ [ -75.167517, 39.949744 ], [ -75.16594, 39.949553 ], [ -75.164338, 39.949346 ], [ -75.164845, 39.946999 ], [ -75.166458, 39.947196 ], [ -75.16803, 39.947386 ], [ -75.167517, 39.949744 ] ] ] ] } },
{ "type": "Feature", "properties": { "STATEFP": "42", "COUNTYFP": "101", "TRACTCE": "980904", "GEOIDFQ": "1400000US42101980904", "GEOID": "42101980904", "NAME": "9809.04", "NAMELSAD": "Census Tract 9809.04", "STUSPS": "PA", "NAMELSADCO": "Philadelphia County", "STATE_NAME": "Pennsylvania", "LSAD": "CT", "ALAND": 1570844.0, "AWATER": 158459.0 }, "geometry": { "type": "MultiPolygon", "coordinates": [ [ [ [ -75.211253, 39.928519 ], [ -75.207433, 39.933513 ], [ -75.204223, 39.932852 ], [ -75.199649, 39.931912 ], [ -75.194439, 39.92661 ], [ -75.193156, 39.924592 ], [ -75.195045, 39.921011 ], [ -75.2017, 39.919834 ], [ -75.203396, 39.921007 ], [ -75.208526, 39.921033 ], [ -75.21079, 39.922095 ], [ -75.212428, 39.92523 ], [ -75.211253, 39.928519 ] ] ] ] } },
{ "type": "Feature", "properties": { "STATEFP": "42", "COUNTYFP": "101", "TRACTCE": "037200", "GEOIDFQ": "1400000US42101037200", "GEOID": "42101037200", "NAME": "372", "NAMELSAD": "Census Tract 372", "STUSPS": "PA", "NAMELSADCO": "Philadelphia County", "STATE_NAME": "Pennsylvania", "LSAD": "CT", "ALAND": 1027185.0, "AWATER": 0.0 }, "geometry": { "type": "MultiPolygon", "coordinates": [ [ [ [ -75.172253, 39.912388 ], [ -75.171423, 39.916757 ], [ -75.170208, 39.916631 ], [ -75.167681, 39.916283 ], [ -75.166914, 39.916189 ], [ -75.16453, 39.915875 ], [ -75.161956, 39.915546 ], [ -75.159844, 39.915286 ], [ -75.156708, 39.914869 ], [ -75.148124, 39.913772 ], [ -75.149181, 39.908642 ], [ -75.149541, 39.908703 ], [ -75.160789, 39.910942 ], [ -75.165482, 39.911531 ], [ -75.171928, 39.912348 ], [ -75.172253, 39.912388 ] ] ] ] } },
{ "type": "Feature", "properties": { "STATEFP": "42", "COUNTYFP": "101", "TRACTCE": "014700", "GEOIDFQ": "1400000US42101014700", "GEOID": "42101014700", "NAME": "147", "NAMELSAD": "Census Tract 147", "STUSPS": "PA", "NAMELSADCO": "Philadelphia County", "STATE_NAME": "Pennsylvania", "LSAD": "CT", "ALAND": 337677.0, "AWATER": 0.0 }, "geometry": { "type": "MultiPolygon", "coordinates": [ [ [ [ -75.16616, 39.978308 ], [ -75.165849, 39.979714 ], [ -75.165511, 39.981244 ], [ -75.159219, 39.980435 ], [ -75.157581, 39.980223 ], [ -75.158526, 39.97585 ], [ -75.16175, 39.976262 ], [ -75.163325, 39.976471 ], [ -75.164888, 39.976668 ], [ -75.166463, 39.976877 ], [ -75.16616, 39.978308 ] ] ] ] } },
{ "type": "Feature", "properties": { "STATEFP": "42", "COUNTYFP": "101", "TRACTCE": "015800", "GEOIDFQ": "1400000US42101015800", "GEOID": "42101015800", "NAME": "158", "NAMELSAD": "Census Tract 158", "STUSPS": "PA", "NAMELSADCO": "Philadelphia County", "STATE_NAME": "Pennsylvania", "LSAD": "CT", "ALAND": 580215.0, "AWATER": 0.0 }, "geometry": { "type": "MultiPolygon", "coordinates": [ [ [ [ -75.134401, 39.972303 ], [ -75.133374, 39.97409 ], [ -75.13267, 39.975304 ], [ -75.131811, 39.976804 ], [ -75.130448, 39.978589 ], [ -75.128628, 39.977533 ], [ -75.126136, 39.976082 ], [ -75.125201, 39.975558 ], [ -75.123391, 39.974403 ], [ -75.122592, 39.97388 ], [ -75.123489, 39.972651 ], [ -75.130452, 39.970189 ], [ -75.134428, 39.968791 ], [ -75.134401, 39.972303 ] ] ] ] } },
{ "type": "Feature", "properties": { "STATEFP": "42", "COUNTYFP": "101", "TRACTCE": "020300", "GEOIDFQ": "1400000US42101020300", "GEOID": "42101020300", "NAME": "203", "NAMELSAD": "Census Tract 203", "STUSPS": "PA", "NAMELSADCO": "Philadelphia County", "STATE_NAME": "Pennsylvania", "LSAD": "CT", "ALAND": 508186.0, "AWATER": 0.0 }, "geometry": { "type": "MultiPolygon", "coordinates": [ [ [ [ -75.153849, 40.015891 ], [ -75.151207, 40.017114 ], [ -75.149347, 40.017957 ], [ -75.147143, 40.01901 ], [ -75.147212, 40.014965 ], [ -75.147247, 40.011906 ], [ -75.147325, 40.010382 ], [ -75.147603, 40.008779 ], [ -75.148277, 40.005697 ], [ -75.148817, 40.002698 ], [ -75.151067, 40.010036 ], [ -75.151428, 40.010903 ], [ -75.152163, 40.01254 ], [ -75.152431, 40.01321 ], [ -75.153849, 40.015891 ] ] ] ] } },
{ "type": "Feature", "properties": { "STATEFP": "42", "COUNTYFP": "101", "TRACTCE": "027300", "GEOIDFQ": "1400000US42101027300", "GEOID": "42101027300", "NAME": "273", "NAMELSAD": "Census Tract 273", "STUSPS": "PA", "NAMELSADCO": "Philadelphia County", "STATE_NAME": "Pennsylvania", "LSAD": "CT", "ALAND": 938006.0, "AWATER": 6986.0 }, "geometry": { "type": "MultiPolygon", "coordinates": [ [ [ [ -75.12386, 40.035562 ], [ -75.123535, 40.038719 ], [ -75.12281, 40.040181 ], [ -75.122078, 40.041664 ], [ -75.121432, 40.044731 ], [ -75.119454, 40.04448 ], [ -75.113833, 40.043483 ], [ -75.113544, 40.042711 ], [ -75.112319, 40.043276 ], [ -75.11455, 40.039747 ], [ -75.11442, 40.039263 ], [ -75.113854, 40.037292 ], [ -75.113156, 40.036507 ], [ -75.114896, 40.034447 ], [ -75.116083, 40.033037 ], [ -75.120713, 40.03364 ], [ -75.121711, 40.03347 ], [ -75.121964, 40.03373 ], [ -75.1236, 40.032771 ], [ -75.124167, 40.032575 ], [ -75.12386, 40.035562 ] ] ] ] } },
{ "type": "Feature", "properties": { "STATEFP": "42", "COUNTYFP": "101", "TRACTCE": "028300", "GEOIDFQ": "1400000US42101028300", "GEOID": "42101028300", "NAME": "283", "NAMELSAD": "Census Tract 283", "STUSPS": "PA", "NAMELSADCO": "Philadelphia County", "STATE_NAME": "Pennsylvania", "LSAD": "CT", "ALAND": 673069.0, "AWATER": 0.0 }, "geometry": { "type": "MultiPolygon", "coordinates": [ [ [ [ -75.148245, 40.022959 ], [ -75.147555, 40.026138 ], [ -75.147218, 40.027644 ], [ -75.14685, 40.029481 ], [ -75.144284, 40.030814 ], [ -75.142304, 40.031676 ], [ -75.141668, 40.0316 ], [ -75.139304, 40.031288 ], [ -75.13998, 40.028245 ], [ -75.140303, 40.026745 ], [ -75.140638, 40.025262 ], [ -75.140979, 40.023667 ], [ -75.141328, 40.022091 ], [ -75.141589, 40.020811 ], [ -75.142027, 40.020635 ], [ -75.143223, 40.020796 ], [ -75.146379, 40.021204 ], [ -75.14711, 40.02128 ], [ -75.148567, 40.021476 ], [ -75.148245, 40.022959 ] ] ] ] } },
{ "type": "Feature", "properties": { "STATEFP": "42", "COUNTYFP": "101", "TRACTCE": "030200", "GEOIDFQ": "1400000US42101030200", "GEOID": "42101030200", "NAME": "302", "NAMELSAD": "Census Tract 302", "STUSPS": "PA", "NAMELSADCO": "Philadelphia County", "STATE_NAME": "Pennsylvania", "LSAD": "CT", "ALAND": 901714.0, "AWATER": 0.0 }, "geometry": { "type": "MultiPolygon", "coordinates": [ [ [ [ -75.086997, 40.029443 ], [ -75.08508, 40.031266 ], [ -75.084197, 40.031438 ], [ -75.080866, 40.029556 ], [ -75.079693, 40.028894 ], [ -75.07908, 40.028552 ], [ -75.077214, 40.027491 ], [ -75.075488, 40.027071 ], [ -75.073364, 40.025369 ], [ -75.073963, 40.025073 ], [ -75.075622, 40.024074 ], [ -75.07684, 40.023257 ], [ -75.078163, 40.022361 ], [ -75.080281, 40.021866 ], [ -75.081309, 40.02076 ], [ -75.084426, 40.022417 ], [ -75.085089, 40.022761 ], [ -75.090563, 40.025791 ], [ -75.086997, 40.029443 ] ] ] ] } },
{ "type": "Feature", "properties": { "STATEFP": "42", "COUNTYFP": "101", "TRACTCE": "031502", "GEOIDFQ": "1400000US42101031502", "GEOID": "42101031502", "NAME": "315.02", "NAMELSAD": "Census Tract 315.02", "STUSPS": "PA", "NAMELSADCO": "Philadelphia County", "STATE_NAME": "Pennsylvania", "LSAD": "CT", "ALAND": 621108.0, "AWATER": 0.0 }, "geometry": { "type": "MultiPolygon", "coordinates": [ [ [ [ -75.059017, 40.040592 ], [ -75.056444, 40.042988 ], [ -75.054646, 40.044645 ], [ -75.054287, 40.044448 ], [ -75.052228, 40.043271 ], [ -75.049027, 40.041412 ], [ -75.05122, 40.039091 ], [ -75.0518, 40.038476 ], [ -75.053022, 40.037183 ], [ -75.053584, 40.036574 ], [ -75.051973, 40.035672 ], [ -75.053701, 40.033844 ], [ -75.055334, 40.034739 ], [ -75.058568, 40.036548 ], [ -75.061544, 40.038213 ], [ -75.059017, 40.040592 ] ] ] ] } },
{ "type": "Feature", "properties": { "STATEFP": "42", "COUNTYFP": "101", "TRACTCE": "001102", "GEOIDFQ": "1400000US42101001102", "GEOID": "42101001102", "NAME": "11.02", "NAMELSAD": "Census Tract 11.02", "STUSPS": "PA", "NAMELSADCO": "Philadelphia County", "STATE_NAME": "Pennsylvania", "LSAD": "CT", "ALAND": 204063.0, "AWATER": 0.0 }, "geometry": { "type": "MultiPolygon", "coordinates": [ [ [ [ -75.159984, 39.944009 ], [ -75.159481, 39.946325 ], [ -75.157113, 39.946025 ], [ -75.156337, 39.945923 ], [ -75.153184, 39.945536 ], [ -75.153694, 39.943218 ], [ -75.153916, 39.942205 ], [ -75.155488, 39.942407 ], [ -75.156673, 39.942551 ], [ -75.157058, 39.942596 ], [ -75.160205, 39.942997 ], [ -75.159984, 39.944009 ] ] ] ] } },
{ "type": "Feature", "properties": { "STATEFP": "42", "COUNTYFP": "101", "TRACTCE": "002400", "GEOIDFQ": "1400000US42101002400", "GEOID": "42101002400", "NAME": "24", "NAMELSAD": "Census Tract 24", "STUSPS": "PA", "NAMELSADCO": "Philadelphia County", "STATE_NAME": "Pennsylvania", "LSAD": "CT", "ALAND": 535423.0, "AWATER": 0.0 }, "geometry": { "type": "MultiPolygon", "coordinates": [ [ [ [ -75.166816, 39.937869 ], [ -75.16636, 39.94003 ], [ -75.16092, 39.939367 ], [ -75.157848, 39.938982 ], [ -75.156317, 39.938569 ], [ -75.153286, 39.937736 ], [ -75.153589, 39.936377 ], [ -75.153774, 39.935516 ], [ -75.153861, 39.935126 ], [ -75.154194, 39.933649 ], [ -75.154454, 39.93242 ], [ -75.157578, 39.932837 ], [ -75.159517, 39.9331 ], [ -75.157351, 39.934897 ], [ -75.158669, 39.935226 ], [ -75.160199, 39.9356 ], [ -75.161678, 39.935849 ], [ -75.167083, 39.936742 ], [ -75.166816, 39.937869 ] ] ] ] } },
{ "type": "Feature", "properties": { "STATEFP": "42", "COUNTYFP": "101", "TRACTCE": "002802", "GEOIDFQ": "1400000US42101002802", "GEOID": "42101002802", "NAME": "28.02", "NAMELSAD": "Census Tract 28.02", "STUSPS": "PA", "NAMELSADCO": "Philadelphia County", "STATE_NAME": "Pennsylvania", "LSAD": "CT", "ALAND": 362691.0, "AWATER": 0.0 }, "geometry": { "type": "MultiPolygon", "coordinates": [ [ [ [ -75.16735, 39.926579 ], [ -75.163504, 39.92983 ], [ -75.159517, 39.9331 ], [ -75.157578, 39.932837 ], [ -75.158393, 39.929177 ], [ -75.159204, 39.925511 ], [ -75.162338, 39.92592 ], [ -75.165483, 39.926333 ], [ -75.16735, 39.926579 ] ] ] ] } },
{ "type": "Feature", "properties": { "STATEFP": "42", "COUNTYFP": "101", "TRACTCE": "003200", "GEOIDFQ": "1400000US42101003200", "GEOID": "42101003200", "NAME": "32", "NAMELSAD": "Census Tract 32", "STUSPS": "PA", "NAMELSADCO": "Philadelphia County", "STATE_NAME": "Pennsylvania", "LSAD": "CT", "ALAND": 491790.0, "AWATER": 0.0 }, "geometry": { "type": "MultiPolygon", "coordinates": [ [ [ [ -75.189148, 39.935671 ], [ -75.188885, 39.936887 ], [ -75.183916, 39.93624 ], [ -75.180621, 39.935816 ], [ -75.181162, 39.933385 ], [ -75.181419, 39.932161 ], [ -75.181589, 39.931366 ], [ -75.181944, 39.929729 ], [ -75.183601, 39.929928 ], [ -75.18524, 39.930146 ], [ -75.188636, 39.930583 ], [ -75.190222, 39.930779 ], [ -75.189148, 39.935671 ] ] ] ] } },
{ "type": "Feature", "properties": { "STATEFP": "42", "COUNTYFP": "101", "TRACTCE": "036303", "GEOIDFQ": "1400000US42101036303", "GEOID": "42101036303", "NAME": "363.03", "NAMELSAD": "Census Tract 363.03", "STUSPS": "PA", "NAMELSADCO": "Philadelphia County", "STATE_NAME": "Pennsylvania", "LSAD": "CT", "ALAND": 2511856.0, "AWATER": 4141.0 }, "geometry": { "type": "MultiPolygon", "coordinates": [ [ [ [ -74.983393, 40.103684 ], [ -74.97896, 40.106169 ], [ -74.970286, 40.113065 ], [ -74.969758, 40.115927 ], [ -74.966621, 40.117932 ], [ -74.96426, 40.117558 ], [ -74.963174, 40.116675 ], [ -74.964137, 40.113462 ], [ -74.96377, 40.109753 ], [ -74.965431, 40.107886 ], [ -74.963682, 40.107047 ], [ -74.963926, 40.105589 ], [ -74.961156, 40.103446 ], [ -74.961088, 40.102777 ], [ -74.961766, 40.097752 ], [ -74.969152, 40.097214 ], [ -74.970828, 40.096674 ], [ -74.971016, 40.096392 ], [ -74.972898, 40.096859 ], [ -74.97577, 40.096412 ], [ -74.976783, 40.095969 ], [ -74.977757, 40.098433 ], [ -74.9781, 40.099212 ], [ -74.981997, 40.102454 ], [ -74.983393, 40.103684 ] ] ] ] } },
{ "type": "Feature", "properties": { "STATEFP": "42", "COUNTYFP": "101", "TRACTCE": "005400", "GEOIDFQ": "1400000US42101005400", "GEOID": "42101005400", "NAME": "54", "NAMELSAD": "Census Tract 54", "STUSPS": "PA", "NAMELSADCO": "Philadelphia County", "STATE_NAME": "Pennsylvania", "LSAD": "CT", "ALAND": 1862632.0, "AWATER": 530013.0 }, "geometry": { "type": "MultiPolygon", "coordinates": [ [ [ [ -75.264563, 39.882123 ], [ -75.261965, 39.88324 ], [ -75.264602, 39.884737 ], [ -75.26273, 39.885554 ], [ -75.264878, 39.887927 ], [ -75.262485, 39.888406 ], [ -75.261743, 39.891774 ], [ -75.259112, 39.892436 ], [ -75.256789, 39.895189 ], [ -75.257362, 39.895844 ], [ -75.255093, 39.898756 ], [ -75.253285, 39.898094 ], [ -75.252349, 39.897618 ], [ -75.243752, 39.893025 ], [ -75.241825, 39.892006 ], [ -75.246231, 39.889505 ], [ -75.254897, 39.880006 ], [ -75.256412, 39.878806 ], [ -75.261245, 39.876484 ], [ -75.262528, 39.876561 ], [ -75.265003, 39.880983 ], [ -75.264563, 39.882123 ] ] ] ] } },
{ "type": "Feature", "properties": { "STATEFP": "42", "COUNTYFP": "101", "TRACTCE": "007000", "GEOIDFQ": "1400000US42101007000", "GEOID": "42101007000", "NAME": "70", "NAMELSAD": "Census Tract 70", "STUSPS": "PA", "NAMELSADCO": "Philadelphia County", "STATE_NAME": "Pennsylvania", "LSAD": "CT", "ALAND": 469586.0, "AWATER": 0.0 }, "geometry": { "type": "MultiPolygon", "coordinates": [ [ [ [ -75.225887, 39.935625 ], [ -75.225358, 39.936 ], [ -75.224388, 39.936676 ], [ -75.223012, 39.937643 ], [ -75.222098, 39.938279 ], [ -75.220278, 39.939572 ], [ -75.218874, 39.938393 ], [ -75.217614, 39.93733 ], [ -75.215682, 39.935691 ], [ -75.217058, 39.934733 ], [ -75.221287, 39.931789 ], [ -75.222696, 39.930808 ], [ -75.223302, 39.931315 ], [ -75.224592, 39.93241 ], [ -75.227252, 39.934661 ], [ -75.225887, 39.935625 ] ] ] ] } },
{ "type": "Feature", "properties": { "STATEFP": "42", "COUNTYFP": "101", "TRACTCE": "007400", "GEOIDFQ": "1400000US42101007400", "GEOID": "42101007400", "NAME": "74", "NAMELSAD": "Census Tract 74", "STUSPS": "PA", "NAMELSADCO": "Philadelphia County", "STATE_NAME": "Pennsylvania", "LSAD": "CT", "ALAND": 676057.0, "AWATER": 0.0 }, "geometry": { "type": "MultiPolygon", "coordinates": [ [ [ [ -75.221545, 39.940652 ], [ -75.220175, 39.941602 ], [ -75.217136, 39.94374 ], [ -75.215615, 39.943402 ], [ -75.214999, 39.943265 ], [ -75.212687, 39.944885 ], [ -75.211401, 39.945802 ], [ -75.207649, 39.942475 ], [ -75.208799, 39.941644 ], [ -75.207838, 39.941286 ], [ -75.21065, 39.939199 ], [ -75.211941, 39.938299 ], [ -75.214301, 39.936654 ], [ -75.215682, 39.935691 ], [ -75.217614, 39.93733 ], [ -75.218874, 39.938393 ], [ -75.220278, 39.939572 ], [ -75.221545, 39.940652 ] ] ] ] } },
{ "type": "Feature", "properties": { "STATEFP": "42", "COUNTYFP": "101", "TRACTCE": "017601", "GEOIDFQ": "1400000US42101017601", "GEOID": "42101017601", "NAME": "176.01", "NAMELSAD": "Census Tract 176.01", "STUSPS": "PA", "NAMELSADCO": "Philadelphia County", "STATE_NAME": "Pennsylvania", "LSAD": "CT", "ALAND": 579128.0, "AWATER": 0.0 }, "geometry": { "type": "MultiPolygon", "coordinates": [ [ [ [ -75.139851, 39.993672 ], [ -75.138713, 39.998891 ], [ -75.133777, 39.996591 ], [ -75.13191, 39.995754 ], [ -75.130122, 39.994573 ], [ -75.128748, 39.993458 ], [ -75.126915, 39.991834 ], [ -75.127031, 39.990386 ], [ -75.130898, 39.99089 ], [ -75.132893, 39.991144 ], [ -75.134868, 39.991407 ], [ -75.138352, 39.991851 ], [ -75.140198, 39.992086 ], [ -75.139851, 39.993672 ] ] ] ] } },
{ "type": "Feature", "properties": { "STATEFP": "42", "COUNTYFP": "101", "TRACTCE": "008602", "GEOIDFQ": "1400000US42101008602", "GEOID": "42101008602", "NAME": "86.02", "NAMELSAD": "Census Tract 86.02", "STUSPS": "PA", "NAMELSADCO": "Philadelphia County", "STATE_NAME": "Pennsylvania", "LSAD": "CT", "ALAND": 369141.0, "AWATER": 0.0 }, "geometry": { "type": "MultiPolygon", "coordinates": [ [ [ [ -75.221397, 39.957227 ], [ -75.22092, 39.959505 ], [ -75.219175, 39.959288 ], [ -75.218954, 39.95926 ], [ -75.217002, 39.959015 ], [ -75.214018, 39.958643 ], [ -75.211039, 39.958276 ], [ -75.211677, 39.95524 ], [ -75.214643, 39.955607 ], [ -75.215872, 39.954586 ], [ -75.219823, 39.955076 ], [ -75.221798, 39.955319 ], [ -75.221397, 39.957227 ] ] ] ] } },
{ "type": "Feature", "properties": { "STATEFP": "42", "COUNTYFP": "101", "TRACTCE": "009400", "GEOIDFQ": "1400000US42101009400", "GEOID": "42101009400", "NAME": "94", "NAMELSAD": "Census Tract 94", "STUSPS": "PA", "NAMELSADCO": "Philadelphia County", "STATE_NAME": "Pennsylvania", "LSAD": "CT", "ALAND": 366714.0, "AWATER": 0.0 }, "geometry": { "type": "MultiPolygon", "coordinates": [ [ [ [ -75.236587, 39.962519 ], [ -75.236481, 39.963047 ], [ -75.236162, 39.964565 ], [ -75.235842, 39.966085 ], [ -75.233904, 39.965846 ], [ -75.23189, 39.965593 ], [ -75.22992, 39.965352 ], [ -75.227679, 39.965072 ], [ -75.228645, 39.960463 ], [ -75.230801, 39.960722 ], [ -75.232857, 39.960976 ], [ -75.234869, 39.961231 ], [ -75.236808, 39.961471 ], [ -75.236587, 39.962519 ] ] ] ] } },
{ "type": "Feature", "properties": { "STATEFP": "42", "COUNTYFP": "101", "TRACTCE": "009801", "GEOIDFQ": "1400000US42101009801", "GEOID": "42101009801", "NAME": "98.01", "NAMELSAD": "Census Tract 98.01", "STUSPS": "PA", "NAMELSADCO": "Philadelphia County", "STATE_NAME": "Pennsylvania", "LSAD": "CT", "ALAND": 297978.0, "AWATER": 0.0 }, "geometry": { "type": "MultiPolygon", "coordinates": [ [ [ [ -75.269257, 39.980186 ], [ -75.267973, 39.980757 ], [ -75.265918, 39.979251 ], [ -75.261996, 39.977598 ], [ -75.263054, 39.975749 ], [ -75.264257, 39.974419 ], [ -75.265558, 39.975641 ], [ -75.267588, 39.974662 ], [ -75.271309, 39.979275 ], [ -75.269257, 39.980186 ] ] ] ] } },
{ "type": "Feature", "properties": { "STATEFP": "42", "COUNTYFP": "101", "TRACTCE": "010200", "GEOIDFQ": "1400000US42101010200", "GEOID": "42101010200", "NAME": "102", "NAMELSAD": "Census Tract 102", "STUSPS": "PA", "NAMELSADCO": "Philadelphia County", "STATE_NAME": "Pennsylvania", "LSAD": "CT", "ALAND": 360619.0, "AWATER": 0.0 }, "geometry": { "type": "MultiPolygon", "coordinates": [ [ [ [ -75.235356, 39.968509 ], [ -75.235697, 39.970336 ], [ -75.234203, 39.9705 ], [ -75.232573, 39.970683 ], [ -75.231617, 39.970789 ], [ -75.228735, 39.971107 ], [ -75.228248, 39.968409 ], [ -75.228149, 39.967843 ], [ -75.22786, 39.966191 ], [ -75.227679, 39.965072 ], [ -75.22992, 39.965352 ], [ -75.23189, 39.965593 ], [ -75.233904, 39.965846 ], [ -75.235842, 39.966085 ], [ -75.235356, 39.968509 ] ] ] ] } },
{ "type": "Feature", "properties": { "STATEFP": "42", "COUNTYFP": "101", "TRACTCE": "010900", "GEOIDFQ": "1400000US42101010900", "GEOID": "42101010900", "NAME": "109", "NAMELSAD": "Census Tract 109", "STUSPS": "PA", "NAMELSADCO": "Philadelphia County", "STATE_NAME": "Pennsylvania", "LSAD": "CT", "ALAND": 286242.0, "AWATER": 0.0 }, "geometry": { "type": "MultiPolygon", "coordinates": [ [ [ [ -75.19531, 39.968045 ], [ -75.192139, 39.966888 ], [ -75.192308, 39.967724 ], [ -75.189583, 39.966756 ], [ -75.187403, 39.965104 ], [ -75.186904, 39.963993 ], [ -75.186742, 39.963445 ], [ -75.194297, 39.962607 ], [ -75.194727, 39.964903 ], [ -75.19531, 39.968045 ] ] ] ] } },
{ "type": "Feature", "properties": { "STATEFP": "42", "COUNTYFP": "101", "TRACTCE": "011100", "GEOIDFQ": "1400000US42101011100", "GEOID": "42101011100", "NAME": "111", "NAMELSAD": "Census Tract 111", "STUSPS": "PA", "NAMELSADCO": "Philadelphia County", "STATE_NAME": "Pennsylvania", "LSAD": "CT", "ALAND": 1301617.0, "AWATER": 0.0 }, "geometry": { "type": "MultiPolygon", "coordinates": [ [ [ [ -75.230171, 39.978794 ], [ -75.226765, 39.977211 ], [ -75.226451, 39.977717 ], [ -75.2263, 39.977951 ], [ -75.224066, 39.981508 ], [ -75.223157, 39.981381 ], [ -75.213469, 39.977791 ], [ -75.212211, 39.973242 ], [ -75.216331, 39.97279 ], [ -75.217767, 39.972627 ], [ -75.217172, 39.970351 ], [ -75.223118, 39.969747 ], [ -75.225372, 39.969517 ], [ -75.225834, 39.971364 ], [ -75.228735, 39.971107 ], [ -75.229026, 39.972644 ], [ -75.229266, 39.973926 ], [ -75.229855, 39.977069 ], [ -75.230171, 39.978794 ] ] ] ] } },
{ "type": "Feature", "properties": { "STATEFP": "42", "COUNTYFP": "101", "TRACTCE": "011400", "GEOIDFQ": "1400000US42101011400", "GEOID": "42101011400", "NAME": "114", "NAMELSAD": "Census Tract 114", "STUSPS": "PA", "NAMELSADCO": "Philadelphia County", "STATE_NAME": "Pennsylvania", "LSAD": "CT", "ALAND": 972947.0, "AWATER": 0.0 }, "geometry": { "type": "MultiPolygon", "coordinates": [ [ [ [ -75.251063, 39.981601 ], [ -75.248346, 39.982968 ], [ -75.248991, 39.985109 ], [ -75.24819, 39.985469 ], [ -75.247832, 39.985522 ], [ -75.245478, 39.986619 ], [ -75.244491, 39.985667 ], [ -75.240153, 39.985213 ], [ -75.23724, 39.98484 ], [ -75.239042, 39.98195 ], [ -75.239335, 39.981447 ], [ -75.239467, 39.980914 ], [ -75.239124, 39.979069 ], [ -75.238891, 39.977818 ], [ -75.23857, 39.976101 ], [ -75.241013, 39.975833 ], [ -75.24358, 39.975546 ], [ -75.24554, 39.97533 ], [ -75.247494, 39.975113 ], [ -75.247797, 39.975079 ], [ -75.248628, 39.978707 ], [ -75.248944, 39.979106 ], [ -75.251063, 39.981601 ] ] ] ] } },
{ "type": "Feature", "properties": { "STATEFP": "42", "COUNTYFP": "101", "TRACTCE": "012000", "GEOIDFQ": "1400000US42101012000", "GEOID": "42101012000", "NAME": "120", "NAMELSAD": "Census Tract 120", "STUSPS": "PA", "NAMELSADCO": "Philadelphia County", "STATE_NAME": "Pennsylvania", "LSAD": "CT", "ALAND": 600670.0, "AWATER": 0.0 }, "geometry": { "type": "MultiPolygon", "coordinates": [ [ [ [ -75.235298, 39.99707 ], [ -75.227462, 40.000746 ], [ -75.225794, 39.996924 ], [ -75.225662, 39.991469 ], [ -75.233672, 39.991882 ], [ -75.233713, 39.992176 ], [ -75.234027, 39.994736 ], [ -75.234136, 39.995598 ], [ -75.235298, 39.99707 ] ] ] ] } },
{ "type": "Feature", "properties": { "STATEFP": "42", "COUNTYFP": "101", "TRACTCE": "013100", "GEOIDFQ": "1400000US42101013100", "GEOID": "42101013100", "NAME": "131", "NAMELSAD": "Census Tract 131", "STUSPS": "PA", "NAMELSADCO": "Philadelphia County", "STATE_NAME": "Pennsylvania", "LSAD": "CT", "ALAND": 322156.0, "AWATER": 0.0 }, "geometry": { "type": "MultiPolygon", "coordinates": [ [ [ [ -75.154013, 39.963976 ], [ -75.153739, 39.965261 ], [ -75.153018, 39.968549 ], [ -75.147146, 39.967126 ], [ -75.147796, 39.963527 ], [ -75.148029, 39.962265 ], [ -75.152146, 39.962452 ], [ -75.154312, 39.962614 ], [ -75.154013, 39.963976 ] ] ] ] } },
{ "type": "Feature", "properties": { "STATEFP": "42", "COUNTYFP": "101", "TRACTCE": "013402", "GEOIDFQ": "1400000US42101013402", "GEOID": "42101013402", "NAME": "134.02", "NAMELSAD": "Census Tract 134.02", "STUSPS": "PA", "NAMELSADCO": "Philadelphia County", "STATE_NAME": "Pennsylvania", "LSAD": "CT", "ALAND": 238612.0, "AWATER": 0.0 }, "geometry": { "type": "MultiPolygon", "coordinates": [ [ [ [ -75.17256, 39.965219 ], [ -75.172108, 39.967284 ], [ -75.171344, 39.967275 ], [ -75.170177, 39.96725 ], [ -75.168569, 39.967226 ], [ -75.165349, 39.967149 ], [ -75.165813, 39.965075 ], [ -75.166227, 39.963112 ], [ -75.167806, 39.963306 ], [ -75.169378, 39.963498 ], [ -75.170958, 39.963692 ], [ -75.172848, 39.963923 ], [ -75.17256, 39.965219 ] ] ] ] } },
{ "type": "Feature", "properties": { "STATEFP": "42", "COUNTYFP": "101", "TRACTCE": "013602", "GEOIDFQ": "1400000US42101013602", "GEOID": "42101013602", "NAME": "136.02", "NAMELSAD": "Census Tract 136.02", "STUSPS": "PA", "NAMELSADCO": "Philadelphia County", "STATE_NAME": "Pennsylvania", "LSAD": "CT", "ALAND": 246812.0, "AWATER": 0.0 }, "geometry": { "type": "MultiPolygon", "coordinates": [ [ [ [ -75.186368, 39.973537 ], [ -75.185394, 39.973417 ], [ -75.182147, 39.973009 ], [ -75.180729, 39.972841 ], [ -75.178108, 39.972509 ], [ -75.177862, 39.97248 ], [ -75.175948, 39.972232 ], [ -75.174367, 39.972035 ], [ -75.174869, 39.96971 ], [ -75.17646, 39.96991 ], [ -75.178056, 39.970112 ], [ -75.178606, 39.97018 ], [ -75.181234, 39.970504 ], [ -75.184005, 39.970781 ], [ -75.185442, 39.971999 ], [ -75.186368, 39.973537 ] ] ] ] } },
{ "type": "Feature", "properties": { "STATEFP": "42", "COUNTYFP": "101", "TRACTCE": "037700", "GEOIDFQ": "1400000US42101037700", "GEOID": "42101037700", "NAME": "377", "NAMELSAD": "Census Tract 377", "STUSPS": "PA", "NAMELSADCO": "Philadelphia County", "STATE_NAME": "Pennsylvania", "LSAD": "CT", "ALAND": 736880.0, "AWATER": 0.0 }, "geometry": { "type": "MultiPolygon", "coordinates": [ [ [ [ -75.156275, 39.986283 ], [ -75.154063, 39.986003 ], [ -75.150913, 39.985597 ], [ -75.150197, 39.985504 ], [ -75.144154, 39.984724 ], [ -75.14405, 39.983721 ], [ -75.144169, 39.983092 ], [ -75.14501, 39.978597 ], [ -75.149759, 39.97921 ], [ -75.150661, 39.979325 ], [ -75.152235, 39.979531 ], [ -75.153808, 39.979733 ], [ -75.157581, 39.980223 ], [ -75.156275, 39.986283 ] ] ] ] } },
{ "type": "Feature", "properties": { "STATEFP": "42", "COUNTYFP": "101", "TRACTCE": "016400", "GEOIDFQ": "1400000US42101016400", "GEOID": "42101016400", "NAME": "164", "NAMELSAD": "Census Tract 164", "STUSPS": "PA", "NAMELSADCO": "Philadelphia County", "STATE_NAME": "Pennsylvania", "LSAD": "CT", "ALAND": 485081.0, "AWATER": 0.0 }, "geometry": { "type": "MultiPolygon", "coordinates": [ [ [ [ -75.147887, 39.993078 ], [ -75.146089, 39.992848 ], [ -75.142999, 39.992449 ], [ -75.142173, 39.992343 ], [ -75.140198, 39.992086 ], [ -75.138352, 39.991851 ], [ -75.139021, 39.988764 ], [ -75.139669, 39.985802 ], [ -75.14152, 39.986016 ], [ -75.1435, 39.986275 ], [ -75.145126, 39.986485 ], [ -75.147542, 39.989863 ], [ -75.148305, 39.990968 ], [ -75.147887, 39.993078 ] ] ] ] } },
{ "type": "Feature", "properties": { "STATEFP": "42", "COUNTYFP": "101", "TRACTCE": "016902", "GEOIDFQ": "1400000US42101016902", "GEOID": "42101016902", "NAME": "169.02", "NAMELSAD": "Census Tract 169.02", "STUSPS": "PA", "NAMELSADCO": "Philadelphia County", "STATE_NAME": "Pennsylvania", "LSAD": "CT", "ALAND": 563694.0, "AWATER": 0.0 }, "geometry": { "type": "MultiPolygon", "coordinates": [ [ [ [ -75.187604, 39.998195 ], [ -75.182341, 39.997519 ], [ -75.180188, 39.997253 ], [ -75.178576, 39.99704 ], [ -75.179248, 39.993963 ], [ -75.179584, 39.992463 ], [ -75.179748, 39.991715 ], [ -75.180257, 39.989388 ], [ -75.181875, 39.989583 ], [ -75.183459, 39.9898 ], [ -75.186713, 39.990215 ], [ -75.186148, 39.992662 ], [ -75.186976, 39.994344 ], [ -75.187555, 39.995829 ], [ -75.187604, 39.998195 ] ] ] ] } },
{ "type": "Feature", "properties": { "STATEFP": "42", "COUNTYFP": "101", "TRACTCE": "017100", "GEOIDFQ": "1400000US42101017100", "GEOID": "42101017100", "NAME": "171", "NAMELSAD": "Census Tract 171", "STUSPS": "PA", "NAMELSADCO": "Philadelphia County", "STATE_NAME": "Pennsylvania", "LSAD": "CT", "ALAND": 1140891.0, "AWATER": 0.0 }, "geometry": { "type": "MultiPolygon", "coordinates": [ [ [ [ -75.186861, 40.000409 ], [ -75.183953, 40.002838 ], [ -75.181141, 40.003697 ], [ -75.178809, 40.004937 ], [ -75.178633, 40.005052 ], [ -75.173853, 40.007468 ], [ -75.172209, 40.007898 ], [ -75.169741, 40.008585 ], [ -75.16914, 40.008832 ], [ -75.165554, 40.004859 ], [ -75.165896, 40.003269 ], [ -75.168943, 40.00366 ], [ -75.169093, 40.003671 ], [ -75.169754, 40.000622 ], [ -75.171912, 40.000883 ], [ -75.174663, 40.001009 ], [ -75.176301, 39.999921 ], [ -75.178237, 39.998611 ], [ -75.180188, 39.997253 ], [ -75.182341, 39.997519 ], [ -75.187604, 39.998195 ], [ -75.186861, 40.000409 ] ] ] ] } },
{ "type": "Feature", "properties": { "STATEFP": "42", "COUNTYFP": "101", "TRACTCE": "038200", "GEOIDFQ": "1400000US42101038200", "GEOID": "42101038200", "NAME": "382", "NAMELSAD": "Census Tract 382", "STUSPS": "PA", "NAMELSADCO": "Philadelphia County", "STATE_NAME": "Pennsylvania", "LSAD": "CT", "ALAND": 1828675.0, "AWATER": 13220.0 }, "geometry": { "type": "MultiPolygon", "coordinates": [ [ [ [ -75.109709, 39.992334 ], [ -75.108144, 39.993156 ], [ -75.102674, 39.996008 ], [ -75.100367, 39.997206 ], [ -75.097949, 39.998496 ], [ -75.100085, 40.000977 ], [ -75.100973, 40.001086 ], [ -75.104197, 40.001525 ], [ -75.101811, 40.002863 ], [ -75.094104, 40.007096 ], [ -75.092574, 40.007932 ], [ -75.092133, 40.007344 ], [ -75.092536, 40.005378 ], [ -75.091749, 40.0047 ], [ -75.090154, 40.004148 ], [ -75.087933, 40.002829 ], [ -75.08637, 39.998895 ], [ -75.094523, 39.994603 ], [ -75.097007, 39.993399 ], [ -75.095726, 39.99195 ], [ -75.098035, 39.990748 ], [ -75.099128, 39.990172 ], [ -75.102621, 39.988348 ], [ -75.105064, 39.987073 ], [ -75.105915, 39.988037 ], [ -75.106326, 39.988524 ], [ -75.106748, 39.98898 ], [ -75.107339, 39.989644 ], [ -75.10773, 39.990079 ], [ -75.109528, 39.992123 ], [ -75.109709, 39.992334 ] ] ] ] } },
{ "type": "Feature", "properties": { "STATEFP": "42", "COUNTYFP": "101", "TRACTCE": "019200", "GEOIDFQ": "1400000US42101019200", "GEOID": "42101019200", "NAME": "192", "NAMELSAD": "Census Tract 192", "STUSPS": "PA", "NAMELSADCO": "Philadelphia County", "STATE_NAME": "Pennsylvania", "LSAD": "CT", "ALAND": 668236.0, "AWATER": 0.0 }, "geometry": { "type": "MultiPolygon", "coordinates": [ [ [ [ -75.124732, 40.001124 ], [ -75.12441, 40.002634 ], [ -75.11902, 40.001961 ], [ -75.11629, 40.002141 ], [ -75.11609, 40.003067 ], [ -75.113986, 40.00356 ], [ -75.109864, 40.003027 ], [ -75.110017, 40.002282 ], [ -75.104197, 40.001525 ], [ -75.106442, 40.000322 ], [ -75.109848, 39.998436 ], [ -75.110983, 39.997801 ], [ -75.112923, 39.99806 ], [ -75.115107, 39.998347 ], [ -75.117055, 39.998601 ], [ -75.118994, 39.998852 ], [ -75.120933, 39.999097 ], [ -75.125058, 39.999628 ], [ -75.124732, 40.001124 ] ] ] ] } },
{ "type": "Feature", "properties": { "STATEFP": "42", "COUNTYFP": "101", "TRACTCE": "020101", "GEOIDFQ": "1400000US42101020101", "GEOID": "42101020101", "NAME": "201.01", "NAMELSAD": "Census Tract 201.01", "STUSPS": "PA", "NAMELSADCO": "Philadelphia County", "STATE_NAME": "Pennsylvania", "LSAD": "CT", "ALAND": 483579.0, "AWATER": 0.0 }, "geometry": { "type": "MultiPolygon", "coordinates": [ [ [ [ -75.158106, 40.007736 ], [ -75.156376, 40.008284 ], [ -75.151603, 40.007665 ], [ -75.152549, 40.003181 ], [ -75.152926, 40.001592 ], [ -75.153609, 39.998515 ], [ -75.155232, 39.998728 ], [ -75.158314, 39.99918 ], [ -75.157365, 40.003799 ], [ -75.158926, 40.004009 ], [ -75.158106, 40.007736 ] ] ] ] } },
{ "type": "Feature", "properties": { "STATEFP": "42", "COUNTYFP": "101", "TRACTCE": "020900", "GEOIDFQ": "1400000US42101020900", "GEOID": "42101020900", "NAME": "209", "NAMELSAD": "Census Tract 209", "STUSPS": "PA", "NAMELSADCO": "Philadelphia County", "STATE_NAME": "Pennsylvania", "LSAD": "CT", "ALAND": 521767.0, "AWATER": 34307.0 }, "geometry": { "type": "MultiPolygon", "coordinates": [ [ [ [ -75.213266, 40.021301 ], [ -75.21275, 40.021541 ], [ -75.211564, 40.020898 ], [ -75.209213, 40.021899 ], [ -75.208035, 40.023114 ], [ -75.207732, 40.023783 ], [ -75.207501, 40.023328 ], [ -75.207595, 40.019536 ], [ -75.204057, 40.020213 ], [ -75.202999, 40.017528 ], [ -75.203749, 40.016658 ], [ -75.205622, 40.017107 ], [ -75.207221, 40.016673 ], [ -75.208008, 40.012997 ], [ -75.212219, 40.015461 ], [ -75.214631, 40.017835 ], [ -75.213, 40.018652 ], [ -75.214841, 40.020594 ], [ -75.213266, 40.021301 ] ] ] ] } },
{ "type": "Feature", "properties": { "STATEFP": "42", "COUNTYFP": "101", "TRACTCE": "021700", "GEOIDFQ": "1400000US42101021700", "GEOID": "42101021700", "NAME": "217", "NAMELSAD": "Census Tract 217", "STUSPS": "PA", "NAMELSADCO": "Philadelphia County", "STATE_NAME": "Pennsylvania", "LSAD": "CT", "ALAND": 1559580.0, "AWATER": 0.0 }, "geometry": { "type": "MultiPolygon", "coordinates": [ [ [ [ -75.235419, 40.048775 ], [ -75.230049, 40.051219 ], [ -75.227161, 40.052534 ], [ -75.218706, 40.04851 ], [ -75.218293, 40.048118 ], [ -75.217827, 40.0471 ], [ -75.217846, 40.044343 ], [ -75.216923, 40.042249 ], [ -75.214111, 40.040124 ], [ -75.213026, 40.039412 ], [ -75.218759, 40.036654 ], [ -75.222052, 40.037775 ], [ -75.222808, 40.038112 ], [ -75.225234, 40.041319 ], [ -75.226267, 40.042401 ], [ -75.227444, 40.043197 ], [ -75.22853, 40.04386 ], [ -75.23204, 40.045328 ], [ -75.235419, 40.048775 ] ] ] ] } },
{ "type": "Feature", "properties": { "STATEFP": "42", "COUNTYFP": "101", "TRACTCE": "023700", "GEOIDFQ": "1400000US42101023700", "GEOID": "42101023700", "NAME": "237", "NAMELSAD": "Census Tract 237", "STUSPS": "PA", "NAMELSADCO": "Philadelphia County", "STATE_NAME": "Pennsylvania", "LSAD": "CT", "ALAND": 1072974.0, "AWATER": 0.0 }, "geometry": { "type": "MultiPolygon", "coordinates": [ [ [ [ -75.194083, 40.051633 ], [ -75.19326, 40.053057 ], [ -75.193951, 40.054358 ], [ -75.191752, 40.054604 ], [ -75.188077, 40.056898 ], [ -75.187306, 40.055484 ], [ -75.184693, 40.050641 ], [ -75.184573, 40.050403 ], [ -75.183398, 40.048254 ], [ -75.182203, 40.045894 ], [ -75.185569, 40.042625 ], [ -75.187315, 40.040929 ], [ -75.189479, 40.042307 ], [ -75.193091, 40.04459 ], [ -75.192106, 40.047163 ], [ -75.192123, 40.047679 ], [ -75.194411, 40.050637 ], [ -75.194083, 40.051633 ] ] ] ] } },
{ "type": "Feature", "properties": { "STATEFP": "42", "COUNTYFP": "101", "TRACTCE": "024900", "GEOIDFQ": "1400000US42101024900", "GEOID": "42101024900", "NAME": "249", "NAMELSAD": "Census Tract 249", "STUSPS": "PA", "NAMELSADCO": "Philadelphia County", "STATE_NAME": "Pennsylvania", "LSAD": "CT", "ALAND": 325196.0, "AWATER": 0.0 }, "geometry": { "type": "MultiPolygon", "coordinates": [ [ [ [ -75.161898, 40.052842 ], [ -75.158889, 40.055768 ], [ -75.157748, 40.055153 ], [ -75.157557, 40.055034 ], [ -75.157729, 40.052626 ], [ -75.157958, 40.049025 ], [ -75.158017, 40.048126 ], [ -75.158132, 40.046418 ], [ -75.161656, 40.048559 ], [ -75.164529, 40.050306 ], [ -75.161898, 40.052842 ] ] ] ] } },
{ "type": "Feature", "properties": { "STATEFP": "42", "COUNTYFP": "101", "TRACTCE": "025300", "GEOIDFQ": "1400000US42101025300", "GEOID": "42101025300", "NAME": "253", "NAMELSAD": "Census Tract 253", "STUSPS": "PA", "NAMELSADCO": "Philadelphia County", "STATE_NAME": "Pennsylvania", "LSAD": "CT", "ALAND": 581298.0, "AWATER": 0.0 }, "geometry": { "type": "MultiPolygon", "coordinates": [ [ [ [ -75.186535, 40.056209 ], [ -75.183366, 40.05922 ], [ -75.180513, 40.057498 ], [ -75.179017, 40.05658 ], [ -75.175743, 40.054577 ], [ -75.177193, 40.05308 ], [ -75.177983, 40.05356 ], [ -75.179616, 40.051956 ], [ -75.183398, 40.048254 ], [ -75.184573, 40.050403 ], [ -75.184693, 40.050641 ], [ -75.187306, 40.055484 ], [ -75.186535, 40.056209 ] ] ] ] } },
{ "type": "Feature", "properties": { "STATEFP": "42", "COUNTYFP": "101", "TRACTCE": "026500", "GEOIDFQ": "1400000US42101026500", "GEOID": "42101026500", "NAME": "265", "NAMELSAD": "Census Tract 265", "STUSPS": "PA", "NAMELSADCO": "Philadelphia County", "STATE_NAME": "Pennsylvania", "LSAD": "CT", "ALAND": 545961.0, "AWATER": 0.0 }, "geometry": { "type": "MultiPolygon", "coordinates": [ [ [ [ -75.160691, 40.056831 ], [ -75.158413, 40.059181 ], [ -75.15642, 40.061234 ], [ -75.155254, 40.062431 ], [ -75.153513, 40.064285 ], [ -75.152915, 40.063881 ], [ -75.15175, 40.06222 ], [ -75.151141, 40.061326 ], [ -75.149219, 40.058432 ], [ -75.152594, 40.056367 ], [ -75.155554, 40.054074 ], [ -75.157557, 40.055034 ], [ -75.157748, 40.055153 ], [ -75.158889, 40.055768 ], [ -75.160691, 40.056831 ] ] ] ] } },
{ "type": "Feature", "properties": { "STATEFP": "42", "COUNTYFP": "101", "TRACTCE": "026600", "GEOIDFQ": "1400000US42101026600", "GEOID": "42101026600", "NAME": "266", "NAMELSAD": "Census Tract 266", "STUSPS": "PA", "NAMELSADCO": "Philadelphia County", "STATE_NAME": "Pennsylvania", "LSAD": "CT", "ALAND": 912763.0, "AWATER": 0.0 }, "geometry": { "type": "MultiPolygon", "coordinates": [ [ [ [ -75.153513, 40.064285 ], [ -75.152602, 40.067646 ], [ -75.152195, 40.069527 ], [ -75.151596, 40.070328 ], [ -75.148331, 40.068485 ], [ -75.146683, 40.067547 ], [ -75.143117, 40.065493 ], [ -75.140897, 40.064239 ], [ -75.142182, 40.058424 ], [ -75.142292, 40.057941 ], [ -75.143167, 40.058143 ], [ -75.145445, 40.058254 ], [ -75.147057, 40.058326 ], [ -75.149219, 40.058432 ], [ -75.151141, 40.061326 ], [ -75.15175, 40.06222 ], [ -75.152915, 40.063881 ], [ -75.153513, 40.064285 ] ] ] ] } },
{ "type": "Feature", "properties": { "STATEFP": "42", "COUNTYFP": "101", "TRACTCE": "027402", "GEOIDFQ": "1400000US42101027402", "GEOID": "42101027402", "NAME": "274.02", "NAMELSAD": "Census Tract 274.02", "STUSPS": "PA", "NAMELSADCO": "Philadelphia County", "STATE_NAME": "Pennsylvania", "LSAD": "CT", "ALAND": 511360.0, "AWATER": 0.0 }, "geometry": { "type": "MultiPolygon", "coordinates": [ [ [ [ -75.127641, 40.036063 ], [ -75.126643, 40.040681 ], [ -75.126311, 40.042203 ], [ -75.127317, 40.04232 ], [ -75.126987, 40.043857 ], [ -75.126639, 40.045392 ], [ -75.125631, 40.045259 ], [ -75.123566, 40.044993 ], [ -75.121432, 40.044731 ], [ -75.122078, 40.041664 ], [ -75.12281, 40.040181 ], [ -75.123535, 40.038719 ], [ -75.12386, 40.035562 ], [ -75.124167, 40.032575 ], [ -75.125196, 40.032305 ], [ -75.128428, 40.032472 ], [ -75.127641, 40.036063 ] ] ] ] } },
{ "type": "Feature", "properties": { "STATEFP": "42", "COUNTYFP": "101", "TRACTCE": "028400", "GEOIDFQ": "1400000US42101028400", "GEOID": "42101028400", "NAME": "284", "NAMELSAD": "Census Tract 284", "STUSPS": "PA", "NAMELSADCO": "Philadelphia County", "STATE_NAME": "Pennsylvania", "LSAD": "CT", "ALAND": 492492.0, "AWATER": 0.0 }, "geometry": { "type": "MultiPolygon", "coordinates": [ [ [ [ -75.141328, 40.022091 ], [ -75.140979, 40.023667 ], [ -75.140638, 40.025262 ], [ -75.140303, 40.026745 ], [ -75.13998, 40.028245 ], [ -75.139304, 40.031288 ], [ -75.136757, 40.030964 ], [ -75.135802, 40.029254 ], [ -75.13506, 40.02915 ], [ -75.135334, 40.027632 ], [ -75.135096, 40.026079 ], [ -75.135724, 40.023602 ], [ -75.135657, 40.023275 ], [ -75.135818, 40.020645 ], [ -75.13674, 40.019958 ], [ -75.138463, 40.020171 ], [ -75.140105, 40.02039 ], [ -75.141589, 40.020811 ], [ -75.141328, 40.022091 ] ] ] ] } },
{ "type": "Feature", "properties": { "STATEFP": "42", "COUNTYFP": "101", "TRACTCE": "028800", "GEOIDFQ": "1400000US42101028800", "GEOID": "42101028800", "NAME": "288", "NAMELSAD": "Census Tract 288", "STUSPS": "PA", "NAMELSADCO": "Philadelphia County", "STATE_NAME": "Pennsylvania", "LSAD": "CT", "ALAND": 492828.0, "AWATER": 0.0 }, "geometry": { "type": "MultiPolygon", "coordinates": [ [ [ [ -75.127922, 40.021979 ], [ -75.127217, 40.024779 ], [ -75.125462, 40.025184 ], [ -75.125387, 40.025647 ], [ -75.12342, 40.02593 ], [ -75.121843, 40.026155 ], [ -75.122279, 40.02565 ], [ -75.119735, 40.026017 ], [ -75.119823, 40.02412 ], [ -75.120136, 40.022627 ], [ -75.12073, 40.019469 ], [ -75.122752, 40.019722 ], [ -75.124556, 40.017826 ], [ -75.125092, 40.018105 ], [ -75.128883, 40.018945 ], [ -75.127922, 40.021979 ] ] ] ] } },
{ "type": "Feature", "properties": { "STATEFP": "42", "COUNTYFP": "101", "TRACTCE": "030502", "GEOIDFQ": "1400000US42101030502", "GEOID": "42101030502", "NAME": "305.02", "NAMELSAD": "Census Tract 305.02", "STUSPS": "PA", "NAMELSADCO": "Philadelphia County", "STATE_NAME": "Pennsylvania", "LSAD": "CT", "ALAND": 699364.0, "AWATER": 0.0 }, "geometry": { "type": "MultiPolygon", "coordinates": [ [ [ [ -75.109431, 40.045874 ], [ -75.109406, 40.04584 ], [ -75.10789, 40.048195 ], [ -75.10323, 40.051355 ], [ -75.101335, 40.049539 ], [ -75.100394, 40.048691 ], [ -75.099559, 40.047973 ], [ -75.098017, 40.047096 ], [ -75.101105, 40.045038 ], [ -75.100374, 40.044605 ], [ -75.103955, 40.040822 ], [ -75.104633, 40.040073 ], [ -75.106729, 40.04132 ], [ -75.10827, 40.042213 ], [ -75.110816, 40.042346 ], [ -75.109431, 40.045874 ] ] ] ] } },
{ "type": "Feature", "properties": { "STATEFP": "42", "COUNTYFP": "101", "TRACTCE": "030501", "GEOIDFQ": "1400000US42101030501", "GEOID": "42101030501", "NAME": "305.01", "NAMELSAD": "Census Tract 305.01", "STUSPS": "PA", "NAMELSADCO": "Philadelphia County", "STATE_NAME": "Pennsylvania", "LSAD": "CT", "ALAND": 377375.0, "AWATER": 0.0 }, "geometry": { "type": "MultiPolygon", "coordinates": [ [ [ [ -75.103955, 40.040822 ], [ -75.100374, 40.044605 ], [ -75.101105, 40.045038 ], [ -75.098017, 40.047096 ], [ -75.094175, 40.045026 ], [ -75.096603, 40.042487 ], [ -75.100728, 40.03902 ], [ -75.101572, 40.038293 ], [ -75.103163, 40.039196 ], [ -75.104633, 40.040073 ], [ -75.103955, 40.040822 ] ] ] ] } },
{ "type": "Feature", "properties": { "STATEFP": "42", "COUNTYFP": "101", "TRACTCE": "031402", "GEOIDFQ": "1400000US42101031402", "GEOID": "42101031402", "NAME": "314.02", "NAMELSAD": "Census Tract 314.02", "STUSPS": "PA", "NAMELSADCO": "Philadelphia County", "STATE_NAME": "Pennsylvania", "LSAD": "CT", "ALAND": 521131.0, "AWATER": 0.0 }, "geometry": { "type": "MultiPolygon", "coordinates": [ [ [ [ -75.063143, 40.042901 ], [ -75.061926, 40.04411 ], [ -75.06446, 40.045522 ], [ -75.061374, 40.048585 ], [ -75.059937, 40.047751 ], [ -75.057048, 40.04603 ], [ -75.054646, 40.044645 ], [ -75.056444, 40.042988 ], [ -75.059017, 40.040592 ], [ -75.061544, 40.038213 ], [ -75.06558, 40.040442 ], [ -75.063143, 40.042901 ] ] ] ] } },
{ "type": "Feature", "properties": { "STATEFP": "42", "COUNTYFP": "101", "TRACTCE": "032300", "GEOIDFQ": "1400000US42101032300", "GEOID": "42101032300", "NAME": "323", "NAMELSAD": "Census Tract 323", "STUSPS": "PA", "NAMELSADCO": "Philadelphia County", "STATE_NAME": "Pennsylvania", "LSAD": "CT", "ALAND": 600044.0, "AWATER": 0.0 }, "geometry": { "type": "MultiPolygon", "coordinates": [ [ [ [ -75.057513, 40.021597 ], [ -75.055564, 40.022606 ], [ -75.053604, 40.023615 ], [ -75.054495, 40.024648 ], [ -75.051104, 40.026407 ], [ -75.050202, 40.02538 ], [ -75.049304, 40.024351 ], [ -75.048375, 40.023291 ], [ -75.045381, 40.019868 ], [ -75.04879, 40.018141 ], [ -75.052816, 40.016119 ], [ -75.053922, 40.017488 ], [ -75.055687, 40.019504 ], [ -75.057513, 40.021597 ] ] ] ] } },
{ "type": "Feature", "properties": { "STATEFP": "42", "COUNTYFP": "101", "TRACTCE": "033101", "GEOIDFQ": "1400000US42101033101", "GEOID": "42101033101", "NAME": "331.01", "NAMELSAD": "Census Tract 331.01", "STUSPS": "PA", "NAMELSADCO": "Philadelphia County", "STATE_NAME": "Pennsylvania", "LSAD": "CT", "ALAND": 486948.0, "AWATER": 0.0 }, "geometry": { "type": "MultiPolygon", "coordinates": [ [ [ [ -75.043322, 40.040305 ], [ -75.040003, 40.041793 ], [ -75.034393, 40.044379 ], [ -75.033482, 40.043203 ], [ -75.031919, 40.041201 ], [ -75.03134, 40.040236 ], [ -75.033427, 40.039473 ], [ -75.036276, 40.038441 ], [ -75.037138, 40.038121 ], [ -75.039289, 40.03734 ], [ -75.04086, 40.036757 ], [ -75.045919, 40.039643 ], [ -75.043322, 40.040305 ] ] ] ] } },
{ "type": "Feature", "properties": { "STATEFP": "42", "COUNTYFP": "101", "TRACTCE": "033500", "GEOIDFQ": "1400000US42101033500", "GEOID": "42101033500", "NAME": "335", "NAMELSAD": "Census Tract 335", "STUSPS": "PA", "NAMELSADCO": "Philadelphia County", "STATE_NAME": "Pennsylvania", "LSAD": "CT", "ALAND": 943012.0, "AWATER": 0.0 }, "geometry": { "type": "MultiPolygon", "coordinates": [ [ [ [ -75.073256, 40.05533 ], [ -75.069224, 40.059583 ], [ -75.068074, 40.060824 ], [ -75.062485, 40.057721 ], [ -75.060891, 40.056823 ], [ -75.057125, 40.054722 ], [ -75.060654, 40.050999 ], [ -75.058284, 40.049688 ], [ -75.059937, 40.047751 ], [ -75.061374, 40.048585 ], [ -75.066045, 40.051181 ], [ -75.068503, 40.05259 ], [ -75.069721, 40.053284 ], [ -75.073256, 40.05533 ] ] ] ] } },
{ "type": "Feature", "properties": { "STATEFP": "42", "COUNTYFP": "101", "TRACTCE": "033701", "GEOIDFQ": "1400000US42101033701", "GEOID": "42101033701", "NAME": "337.01", "NAMELSAD": "Census Tract 337.01", "STUSPS": "PA", "NAMELSADCO": "Philadelphia County", "STATE_NAME": "Pennsylvania", "LSAD": "CT", "ALAND": 971971.0, "AWATER": 0.0 }, "geometry": { "type": "MultiPolygon", "coordinates": [ [ [ [ -75.052315, 40.068484 ], [ -75.051875, 40.069988 ], [ -75.050462, 40.071509 ], [ -75.051719, 40.072241 ], [ -75.047467, 40.076419 ], [ -75.045793, 40.075329 ], [ -75.043955, 40.072522 ], [ -75.045101, 40.069622 ], [ -75.047381, 40.070558 ], [ -75.047762, 40.069395 ], [ -75.047963, 40.066822 ], [ -75.046589, 40.065885 ], [ -75.044675, 40.06484 ], [ -75.04206, 40.064722 ], [ -75.044507, 40.059365 ], [ -75.048323, 40.061176 ], [ -75.050091, 40.06216 ], [ -75.051677, 40.063082 ], [ -75.055477, 40.065149 ], [ -75.052315, 40.068484 ] ] ] ] } },
{ "type": "Feature", "properties": { "STATEFP": "42", "COUNTYFP": "101", "TRACTCE": "033800", "GEOIDFQ": "1400000US42101033800", "GEOID": "42101033800", "NAME": "338", "NAMELSAD": "Census Tract 338", "STUSPS": "PA", "NAMELSADCO": "Philadelphia County", "STATE_NAME": "Pennsylvania", "LSAD": "CT", "ALAND": 1400214.0, "AWATER": 0.0 }, "geometry": { "type": "MultiPolygon", "coordinates": [ [ [ [ -75.085729, 40.062589 ], [ -75.083868, 40.063571 ], [ -75.079179, 40.065175 ], [ -75.077177, 40.065785 ], [ -75.074845, 40.066538 ], [ -75.069297, 40.068345 ], [ -75.067838, 40.068959 ], [ -75.06304, 40.066143 ], [ -75.064491, 40.064588 ], [ -75.068074, 40.060824 ], [ -75.069224, 40.059583 ], [ -75.073256, 40.05533 ], [ -75.075032, 40.056359 ], [ -75.076734, 40.05735 ], [ -75.078075, 40.058104 ], [ -75.083525, 40.06127 ], [ -75.08478, 40.062044 ], [ -75.085729, 40.062589 ] ] ] ] } },
{ "type": "Feature", "properties": { "STATEFP": "42", "COUNTYFP": "101", "TRACTCE": "034400", "GEOIDFQ": "1400000US42101034400", "GEOID": "42101034400", "NAME": "344", "NAMELSAD": "Census Tract 344", "STUSPS": "PA", "NAMELSADCO": "Philadelphia County", "STATE_NAME": "Pennsylvania", "LSAD": "CT", "ALAND": 3419032.0, "AWATER": 13905.0 }, "geometry": { "type": "MultiPolygon", "coordinates": [ [ [ [ -75.069456, 40.094411 ], [ -75.058342, 40.105892 ], [ -75.054321, 40.108692 ], [ -75.05401, 40.108143 ], [ -75.053057, 40.10618 ], [ -75.050974, 40.103122 ], [ -75.049676, 40.102037 ], [ -75.047115, 40.098377 ], [ -75.046737, 40.09524 ], [ -75.047299, 40.092762 ], [ -75.047567, 40.09192 ], [ -75.045685, 40.089021 ], [ -75.041488, 40.087338 ], [ -75.047286, 40.082932 ], [ -75.051031, 40.080086 ], [ -75.052737, 40.079427 ], [ -75.055208, 40.081189 ], [ -75.057065, 40.086823 ], [ -75.055807, 40.088095 ], [ -75.057068, 40.089697 ], [ -75.05787, 40.090059 ], [ -75.063708, 40.090568 ], [ -75.064096, 40.090677 ], [ -75.066135, 40.092421 ], [ -75.066356, 40.092925 ], [ -75.069456, 40.094411 ] ] ] ] } },
{ "type": "Feature", "properties": { "STATEFP": "42", "COUNTYFP": "101", "TRACTCE": "034701", "GEOIDFQ": "1400000US42101034701", "GEOID": "42101034701", "NAME": "347.01", "NAMELSAD": "Census Tract 347.01", "STUSPS": "PA", "NAMELSADCO": "Philadelphia County", "STATE_NAME": "Pennsylvania", "LSAD": "CT", "ALAND": 1148286.0, "AWATER": 57.0 }, "geometry": { "type": "MultiPolygon", "coordinates": [ [ [ [ -75.040265, 40.068747 ], [ -75.039163, 40.070369 ], [ -75.036627, 40.073019 ], [ -75.035087, 40.074617 ], [ -75.02966, 40.068154 ], [ -75.028256, 40.067314 ], [ -75.028512, 40.06684 ], [ -75.028016, 40.060725 ], [ -75.029004, 40.057795 ], [ -75.028756, 40.056781 ], [ -75.029032, 40.056399 ], [ -75.033734, 40.056884 ], [ -75.03433, 40.057067 ], [ -75.035062, 40.057327 ], [ -75.035532, 40.05881 ], [ -75.034225, 40.062701 ], [ -75.03528, 40.064995 ], [ -75.0406, 40.068042 ], [ -75.040265, 40.068747 ] ] ] ] } },
{ "type": "Feature", "properties": { "STATEFP": "42", "COUNTYFP": "101", "TRACTCE": "034900", "GEOIDFQ": "1400000US42101034900", "GEOID": "42101034900", "NAME": "349", "NAMELSAD": "Census Tract 349", "STUSPS": "PA", "NAMELSADCO": "Philadelphia County", "STATE_NAME": "Pennsylvania", "LSAD": "CT", "ALAND": 1944025.0, "AWATER": 8263.0 }, "geometry": { "type": "MultiPolygon", "coordinates": [ [ [ [ -75.022122, 40.038058 ], [ -75.020499, 40.043542 ], [ -75.018502, 40.044081 ], [ -75.016377, 40.045672 ], [ -75.012273, 40.048885 ], [ -75.004795, 40.054747 ], [ -74.999877, 40.050402 ], [ -74.99627, 40.047202 ], [ -75.006278, 40.041155 ], [ -75.010099, 40.039038 ], [ -75.011038, 40.038599 ], [ -75.012541, 40.038027 ], [ -75.016212, 40.039914 ], [ -75.01783, 40.039076 ], [ -75.021806, 40.037024 ], [ -75.022122, 40.038058 ] ] ] ] } },
{ "type": "Feature", "properties": { "STATEFP": "42", "COUNTYFP": "101", "TRACTCE": "035200", "GEOIDFQ": "1400000US42101035200", "GEOID": "42101035200", "NAME": "352", "NAMELSAD": "Census Tract 352", "STUSPS": "PA", "NAMELSADCO": "Philadelphia County", "STATE_NAME": "Pennsylvania", "LSAD": "CT", "ALAND": 1849331.0, "AWATER": 12840.0 }, "geometry": { "type": "MultiPolygon", "coordinates": [ [ [ [ -75.001181, 40.057232 ], [ -74.998259, 40.05808 ], [ -74.991254, 40.059949 ], [ -74.990432, 40.060396 ], [ -74.985576, 40.063345 ], [ -74.984171, 40.064075 ], [ -74.982355, 40.064672 ], [ -74.981023, 40.064939 ], [ -74.980437, 40.060304 ], [ -74.985163, 40.056932 ], [ -74.984302, 40.05585 ], [ -74.983904, 40.054994 ], [ -74.984098, 40.054782 ], [ -74.986873, 40.052097 ], [ -74.99627, 40.047202 ], [ -74.999877, 40.050402 ], [ -75.004795, 40.054747 ], [ -75.001181, 40.057232 ] ] ] ] } },
{ "type": "Feature", "properties": { "STATEFP": "42", "COUNTYFP": "101", "TRACTCE": "036100", "GEOIDFQ": "1400000US42101036100", "GEOID": "42101036100", "NAME": "361", "NAMELSAD": "Census Tract 361", "STUSPS": "PA", "NAMELSADCO": "Philadelphia County", "STATE_NAME": "Pennsylvania", "LSAD": "CT", "ALAND": 1205996.0, "AWATER": 7044.0 }, "geometry": { "type": "MultiPolygon", "coordinates": [ [ [ [ -74.997124, 40.108151 ], [ -74.992199, 40.103978 ], [ -74.986674, 40.099278 ], [ -74.980021, 40.093712 ], [ -74.982114, 40.091942 ], [ -74.98418, 40.089906 ], [ -74.989094, 40.093928 ], [ -74.991264, 40.095778 ], [ -74.995464, 40.099166 ], [ -75.001796, 40.10493 ], [ -74.997124, 40.108151 ] ] ] ] } },
{ "type": "Feature", "properties": { "STATEFP": "42", "COUNTYFP": "101", "TRACTCE": "036301", "GEOIDFQ": "1400000US42101036301", "GEOID": "42101036301", "NAME": "363.01", "NAMELSAD": "Census Tract 363.01", "STUSPS": "PA", "NAMELSADCO": "Philadelphia County", "STATE_NAME": "Pennsylvania", "LSAD": "CT", "ALAND": 2397574.0, "AWATER": 5442.0 }, "geometry": { "type": "MultiPolygon", "coordinates": [ [ [ [ -74.976379, 40.091335 ], [ -74.976011, 40.093751 ], [ -74.976783, 40.095969 ], [ -74.97577, 40.096412 ], [ -74.972898, 40.096859 ], [ -74.971016, 40.096392 ], [ -74.970828, 40.096674 ], [ -74.969152, 40.097214 ], [ -74.961766, 40.097752 ], [ -74.95994, 40.09737 ], [ -74.958749, 40.096929 ], [ -74.958623, 40.096872 ], [ -74.955777, 40.095103 ], [ -74.956447, 40.092757 ], [ -74.957747, 40.089844 ], [ -74.9576, 40.087094 ], [ -74.958629, 40.084294 ], [ -74.958421, 40.08392 ], [ -74.959085, 40.082349 ], [ -74.962014, 40.079584 ], [ -74.963604, 40.077105 ], [ -74.964842, 40.077148 ], [ -74.966078, 40.081031 ], [ -74.966814, 40.082209 ], [ -74.970568, 40.086384 ], [ -74.971611, 40.087236 ], [ -74.976932, 40.09114 ], [ -74.976379, 40.091335 ] ] ] ] } },
{ "type": "Feature", "properties": { "STATEFP": "42", "COUNTYFP": "101", "TRACTCE": "036203", "GEOIDFQ": "1400000US42101036203", "GEOID": "42101036203", "NAME": "362.03", "NAMELSAD": "Census Tract 362.03", "STUSPS": "PA", "NAMELSADCO": "Philadelphia County", "STATE_NAME": "Pennsylvania", "LSAD": "CT", "ALAND": 1524111.0, "AWATER": 1401.0 }, "geometry": { "type": "MultiPolygon", "coordinates": [ [ [ [ -74.982413, 40.065736 ], [ -74.981173, 40.071985 ], [ -74.977684, 40.079834 ], [ -74.97725, 40.080506 ], [ -74.976298, 40.081454 ], [ -74.97582, 40.081889 ], [ -74.971611, 40.087236 ], [ -74.970568, 40.086384 ], [ -74.966814, 40.082209 ], [ -74.966078, 40.081031 ], [ -74.964842, 40.077148 ], [ -74.967063, 40.076378 ], [ -74.971086, 40.076007 ], [ -74.971466, 40.074355 ], [ -74.971063, 40.073966 ], [ -74.9748, 40.070821 ], [ -74.977124, 40.06825 ], [ -74.980878, 40.066028 ], [ -74.981023, 40.064939 ], [ -74.982355, 40.064672 ], [ -74.982413, 40.065736 ] ] ] ] } },
{ "type": "Feature", "properties": { "STATEFP": "42", "COUNTYFP": "101", "TRACTCE": "001002", "GEOIDFQ": "1400000US42101001002", "GEOID": "42101001002", "NAME": "10.02", "NAMELSAD": "Census Tract 10.02", "STUSPS": "PA", "NAMELSADCO": "Philadelphia County", "STATE_NAME": "Pennsylvania", "LSAD": "CT", "ALAND": 471655.0, "AWATER": 0.0 }, "geometry": { "type": "MultiPolygon", "coordinates": [ [ [ [ -75.150339, 39.94373 ], [ -75.150037, 39.945144 ], [ -75.149793, 39.946235 ], [ -75.149513, 39.947512 ], [ -75.149186, 39.949032 ], [ -75.14408, 39.948379 ], [ -75.142466, 39.948174 ], [ -75.143335, 39.944306 ], [ -75.14406, 39.940972 ], [ -75.147604, 39.941422 ], [ -75.150755, 39.941818 ], [ -75.150339, 39.94373 ] ] ] ] } },
{ "type": "Feature", "properties": { "STATEFP": "42", "COUNTYFP": "101", "TRACTCE": "001001", "GEOIDFQ": "1400000US42101001001", "GEOID": "42101001001", "NAME": "10.01", "NAMELSAD": "Census Tract 10.01", "STUSPS": "PA", "NAMELSADCO": "Philadelphia County", "STATE_NAME": "Pennsylvania", "LSAD": "CT", "ALAND": 229399.0, "AWATER": 0.0 }, "geometry": { "type": "MultiPolygon", "coordinates": [ [ [ [ -75.153694, 39.943218 ], [ -75.153184, 39.945536 ], [ -75.153104, 39.94591 ], [ -75.153498, 39.946477 ], [ -75.153174, 39.947962 ], [ -75.152337, 39.949421 ], [ -75.150767, 39.949223 ], [ -75.149186, 39.949032 ], [ -75.149513, 39.947512 ], [ -75.149793, 39.946235 ], [ -75.150037, 39.945144 ], [ -75.150339, 39.94373 ], [ -75.150755, 39.941818 ], [ -75.152334, 39.942015 ], [ -75.153916, 39.942205 ], [ -75.153694, 39.943218 ] ] ] ] } },
{ "type": "Feature", "properties": { "STATEFP": "42", "COUNTYFP": "101", "TRACTCE": "000803", "GEOIDFQ": "1400000US42101000803", "GEOID": "42101000803", "NAME": "8.03", "NAMELSAD": "Census Tract 8.03", "STUSPS": "PA", "NAMELSADCO": "Philadelphia County", "STATE_NAME": "Pennsylvania", "LSAD": "CT", "ALAND": 152822.0, "AWATER": 0.0 }, "geometry": { "type": "MultiPolygon", "coordinates": [ [ [ [ -75.177323, 39.950964 ], [ -75.176519, 39.95087 ], [ -75.175738, 39.950769 ], [ -75.173813, 39.950531 ], [ -75.172752, 39.950398 ], [ -75.172244, 39.950338 ], [ -75.170667, 39.950131 ], [ -75.17118, 39.947784 ], [ -75.174323, 39.948177 ], [ -75.176239, 39.948414 ], [ -75.177843, 39.94861 ], [ -75.177323, 39.950964 ] ] ] ] } },
{ "type": "Feature", "properties": { "STATEFP": "42", "COUNTYFP": "101", "TRACTCE": "980200", "GEOIDFQ": "1400000US42101980200", "GEOID": "42101980200", "NAME": "9802", "NAMELSAD": "Census Tract 9802", "STUSPS": "PA", "NAMELSADCO": "Philadelphia County", "STATE_NAME": "Pennsylvania", "LSAD": "CT", "ALAND": 4916641.0, "AWATER": 250846.0 }, "geometry": { "type": "MultiPolygon", "coordinates": [ [ [ [ -75.072545, 40.088313 ], [ -75.066135, 40.092421 ], [ -75.064096, 40.090677 ], [ -75.063708, 40.090568 ], [ -75.05787, 40.090059 ], [ -75.057068, 40.089697 ], [ -75.055807, 40.088095 ], [ -75.057065, 40.086823 ], [ -75.055208, 40.081189 ], [ -75.052737, 40.079427 ], [ -75.051031, 40.080086 ], [ -75.047286, 40.082932 ], [ -75.046249, 40.081459 ], [ -75.044809, 40.079715 ], [ -75.045593, 40.078487 ], [ -75.043154, 40.078466 ], [ -75.04312, 40.077166 ], [ -75.041869, 40.075429 ], [ -75.039748, 40.072411 ], [ -75.042114, 40.070038 ], [ -75.0406, 40.068042 ], [ -75.03528, 40.064995 ], [ -75.034225, 40.062701 ], [ -75.035532, 40.05881 ], [ -75.035062, 40.057327 ], [ -75.036467, 40.053965 ], [ -75.036019, 40.051602 ], [ -75.032754, 40.052569 ], [ -75.031695, 40.051607 ], [ -75.026753, 40.050779 ], [ -75.025342, 40.05065 ], [ -75.023759, 40.051269 ], [ -75.022732, 40.052387 ], [ -75.02425, 40.053991 ], [ -75.023374, 40.055334 ], [ -75.018196, 40.052506 ], [ -75.017076, 40.051198 ], [ -75.016957, 40.048858 ], [ -75.019409, 40.046474 ], [ -75.018502, 40.044081 ], [ -75.020499, 40.043542 ], [ -75.021752, 40.043668 ], [ -75.020489, 40.04639 ], [ -75.021343, 40.048294 ], [ -75.023007, 40.049197 ], [ -75.026037, 40.048163 ], [ -75.030144, 40.048533 ], [ -75.03163, 40.047852 ], [ -75.031636, 40.04566 ], [ -75.033824, 40.04466 ], [ -75.039255, 40.045982 ], [ -75.041323, 40.047292 ], [ -75.043694, 40.047502 ], [ -75.045269, 40.046509 ], [ -75.047775, 40.046246 ], [ -75.051619, 40.047072 ], [ -75.052455, 40.046732 ], [ -75.05195, 40.047436 ], [ -75.051496, 40.050459 ], [ -75.050943, 40.050215 ], [ -75.051057, 40.049022 ], [ -75.04796, 40.048016 ], [ -75.045149, 40.048854 ], [ -75.042279, 40.049992 ], [ -75.039449, 40.055286 ], [ -75.038658, 40.056708 ], [ -75.03908, 40.061669 ], [ -75.041738, 40.064658 ], [ -75.04206, 40.064722 ], [ -75.044675, 40.06484 ], [ -75.046589, 40.065885 ], [ -75.047963, 40.066822 ], [ -75.047762, 40.069395 ], [ -75.047381, 40.070558 ], [ -75.045101, 40.069622 ], [ -75.043955, 40.072522 ], [ -75.045793, 40.075329 ], [ -75.048258, 40.077034 ], [ -75.049347, 40.077036 ], [ -75.055857, 40.073249 ], [ -75.05821, 40.074605 ], [ -75.058503, 40.074804 ], [ -75.065724, 40.070193 ], [ -75.068862, 40.071845 ], [ -75.068958, 40.072358 ], [ -75.067333, 40.075504 ], [ -75.066202, 40.077928 ], [ -75.068463, 40.080164 ], [ -75.062288, 40.084478 ], [ -75.063196, 40.084871 ], [ -75.068235, 40.085035 ], [ -75.070339, 40.086674 ], [ -75.074488, 40.086788 ], [ -75.072545, 40.088313 ] ] ] ] } },
{ "type": "Feature", "properties": { "STATEFP": "42", "COUNTYFP": "101", "TRACTCE": "012203", "GEOIDFQ": "1400000US42101012203", "GEOID": "42101012203", "NAME": "122.03", "NAMELSAD": "Census Tract 122.03", "STUSPS": "PA", "NAMELSADCO": "Philadelphia County", "STATE_NAME": "Pennsylvania", "LSAD": "CT", "ALAND": 227697.0, "AWATER": 0.0 }, "geometry": { "type": "MultiPolygon", "coordinates": [ [ [ [ -75.213533, 40.006646 ], [ -75.213745, 40.00716 ], [ -75.208221, 40.009947 ], [ -75.206157, 40.009105 ], [ -75.203156, 40.008256 ], [ -75.207504, 40.006469 ], [ -75.207784, 40.006302 ], [ -75.209771, 40.006983 ], [ -75.211854, 40.004986 ], [ -75.21403, 40.005079 ], [ -75.213533, 40.006646 ] ] ] ] } },
{ "type": "Feature", "properties": { "STATEFP": "42", "COUNTYFP": "101", "TRACTCE": "036000", "GEOIDFQ": "1400000US42101036000", "GEOID": "42101036000", "NAME": "360", "NAMELSAD": "Census Tract 360", "STUSPS": "PA", "NAMELSADCO": "Philadelphia County", "STATE_NAME": "Pennsylvania", "LSAD": "CT", "ALAND": 2043080.0, "AWATER": 638.0 }, "geometry": { "type": "MultiPolygon", "coordinates": [ [ [ [ -75.023927, 40.100702 ], [ -75.018145, 40.105095 ], [ -75.005391, 40.114802 ], [ -75.003554, 40.110847 ], [ -75.000959, 40.111393 ], [ -74.997124, 40.108151 ], [ -75.001796, 40.10493 ], [ -75.008641, 40.100211 ], [ -75.014156, 40.096236 ], [ -75.015528, 40.09486 ], [ -75.018233, 40.097105 ], [ -75.019726, 40.098346 ], [ -75.022086, 40.100212 ], [ -75.023927, 40.100702 ] ] ] ] } },
{ "type": "Feature", "properties": { "STATEFP": "42", "COUNTYFP": "101", "TRACTCE": "009500", "GEOIDFQ": "1400000US42101009500", "GEOID": "42101009500", "NAME": "95", "NAMELSAD": "Census Tract 95", "STUSPS": "PA", "NAMELSADCO": "Philadelphia County", "STATE_NAME": "Pennsylvania", "LSAD": "CT", "ALAND": 319094.0, "AWATER": 0.0 }, "geometry": { "type": "MultiPolygon", "coordinates": [ [ [ [ -75.24011, 39.965055 ], [ -75.239479, 39.968097 ], [ -75.239132, 39.969849 ], [ -75.237455, 39.970141 ], [ -75.235697, 39.970336 ], [ -75.235356, 39.968509 ], [ -75.235842, 39.966085 ], [ -75.236162, 39.964565 ], [ -75.236481, 39.963047 ], [ -75.236587, 39.962519 ], [ -75.236808, 39.961471 ], [ -75.238785, 39.961715 ], [ -75.240762, 39.96196 ], [ -75.24011, 39.965055 ] ] ] ] } },
{ "type": "Feature", "properties": { "STATEFP": "42", "COUNTYFP": "101", "TRACTCE": "010500", "GEOIDFQ": "1400000US42101010500", "GEOID": "42101010500", "NAME": "105", "NAMELSAD": "Census Tract 105", "STUSPS": "PA", "NAMELSADCO": "Philadelphia County", "STATE_NAME": "Pennsylvania", "LSAD": "CT", "ALAND": 657748.0, "AWATER": 0.0 }, "geometry": { "type": "MultiPolygon", "coordinates": [ [ [ [ -75.217767, 39.972627 ], [ -75.216331, 39.97279 ], [ -75.212211, 39.973242 ], [ -75.212148, 39.973012 ], [ -75.211516, 39.969654 ], [ -75.211334, 39.968726 ], [ -75.211231, 39.967879 ], [ -75.21056, 39.962571 ], [ -75.21306, 39.962577 ], [ -75.214018, 39.958643 ], [ -75.217002, 39.959015 ], [ -75.216181, 39.962546 ], [ -75.216516, 39.965214 ], [ -75.2168, 39.967459 ], [ -75.216996, 39.968969 ], [ -75.217172, 39.970351 ], [ -75.217767, 39.972627 ] ] ] ] } },
{ "type": "Feature", "properties": { "STATEFP": "42", "COUNTYFP": "101", "TRACTCE": "024100", "GEOIDFQ": "1400000US42101024100", "GEOID": "42101024100", "NAME": "241", "NAMELSAD": "Census Tract 241", "STUSPS": "PA", "NAMELSADCO": "Philadelphia County", "STATE_NAME": "Pennsylvania", "LSAD": "CT", "ALAND": 407855.0, "AWATER": 0.0 }, "geometry": { "type": "MultiPolygon", "coordinates": [ [ [ [ -75.181235, 40.033097 ], [ -75.176428, 40.037794 ], [ -75.175208, 40.036232 ], [ -75.174724, 40.03582 ], [ -75.173951, 40.035193 ], [ -75.173514, 40.034831 ], [ -75.17061, 40.033131 ], [ -75.173482, 40.030336 ], [ -75.174572, 40.029244 ], [ -75.176705, 40.03046 ], [ -75.178913, 40.031737 ], [ -75.181235, 40.033097 ] ] ] ] } },
{ "type": "Feature", "properties": { "STATEFP": "42", "COUNTYFP": "101", "TRACTCE": "013601", "GEOIDFQ": "1400000US42101013601", "GEOID": "42101013601", "NAME": "136.01", "NAMELSAD": "Census Tract 136.01", "STUSPS": "PA", "NAMELSADCO": "Philadelphia County", "STATE_NAME": "Pennsylvania", "LSAD": "CT", "ALAND": 175316.0, "AWATER": 0.0 }, "geometry": { "type": "MultiPolygon", "coordinates": [ [ [ [ -75.181234, 39.970504 ], [ -75.178606, 39.97018 ], [ -75.178056, 39.970112 ], [ -75.17646, 39.96991 ], [ -75.174869, 39.96971 ], [ -75.17539, 39.967345 ], [ -75.178641, 39.967399 ], [ -75.179683, 39.967416 ], [ -75.184005, 39.970781 ], [ -75.181234, 39.970504 ] ] ] ] } },
{ "type": "Feature", "properties": { "STATEFP": "42", "COUNTYFP": "101", "TRACTCE": "038100", "GEOIDFQ": "1400000US42101038100", "GEOID": "42101038100", "NAME": "381", "NAMELSAD": "Census Tract 381", "STUSPS": "PA", "NAMELSADCO": "Philadelphia County", "STATE_NAME": "Pennsylvania", "LSAD": "CT", "ALAND": 3322102.0, "AWATER": 1604215.0 }, "geometry": { "type": "MultiPolygon", "coordinates": [ [ [ [ -75.069508, 40.010798 ], [ -75.061339, 40.012764 ], [ -75.059285, 40.013387 ], [ -75.056898, 40.014204 ], [ -75.052816, 40.016119 ], [ -75.04879, 40.018141 ], [ -75.045381, 40.019868 ], [ -75.040499, 40.022297 ], [ -75.039452, 40.022917 ], [ -75.032752, 40.02705 ], [ -75.028413, 40.029758 ], [ -75.021725, 40.033923 ], [ -75.018617, 40.033655 ], [ -75.017973, 40.033361 ], [ -75.022508, 40.030832 ], [ -75.021941, 40.030451 ], [ -75.015583, 40.023134 ], [ -75.013868889440005, 40.020194250852803 ], [ -75.019645, 40.018436 ], [ -75.020723223399102, 40.018197948756097 ], [ -75.030441121613094, 40.016052421437799 ], [ -75.034216, 40.015219 ], [ -75.035305676115698, 40.014818585174602 ], [ -75.042889, 40.012032 ], [ -75.042955896772398, 40.011998702891901 ], [ -75.04709, 40.009941 ], [ -75.052264951061105, 40.005537989382198 ], [ -75.053405, 40.004568 ], [ -75.053770533914999, 40.004008929767998 ], [ -75.058457, 40.004988 ], [ -75.062126, 40.006643 ], [ -75.063056, 40.006098 ], [ -75.064579, 40.006194 ], [ -75.067696, 40.005333 ], [ -75.068625, 40.007644 ], [ -75.068938, 40.008779 ], [ -75.069508, 40.010798 ] ] ] ] } },
{ "type": "Feature", "properties": { "STATEFP": "42", "COUNTYFP": "101", "TRACTCE": "989300", "GEOIDFQ": "1400000US42101989300", "GEOID": "42101989300", "NAME": "9893", "NAMELSAD": "Census Tract 9893", "STUSPS": "PA", "NAMELSADCO": "Philadelphia County", "STATE_NAME": "Pennsylvania", "LSAD": "CT", "ALAND": 2258398.0, "AWATER": 0.0 }, "geometry": { "type": "MultiPolygon", "coordinates": [ [ [ [ -75.128883, 40.018945 ], [ -75.125092, 40.018105 ], [ -75.124556, 40.017826 ], [ -75.122752, 40.019722 ], [ -75.12073, 40.019469 ], [ -75.11751, 40.019054 ], [ -75.117475, 40.015783 ], [ -75.119439, 40.013026 ], [ -75.11782, 40.012812 ], [ -75.112161, 40.012085 ], [ -75.112497, 40.010489 ], [ -75.112821, 40.009007 ], [ -75.113986, 40.00356 ], [ -75.11609, 40.003067 ], [ -75.11629, 40.002141 ], [ -75.11902, 40.001961 ], [ -75.12441, 40.002634 ], [ -75.123949, 40.004814 ], [ -75.127863, 40.005057 ], [ -75.131937, 40.005156 ], [ -75.128883, 40.018945 ] ] ] ] } },
{ "type": "Feature", "properties": { "STATEFP": "42", "COUNTYFP": "101", "TRACTCE": "004104", "GEOIDFQ": "1400000US42101004104", "GEOID": "42101004104", "NAME": "41.04", "NAMELSAD": "Census Tract 41.04", "STUSPS": "PA", "NAMELSADCO": "Philadelphia County", "STATE_NAME": "Pennsylvania", "LSAD": "CT", "ALAND": 201337.0, "AWATER": 0.0 }, "geometry": { "type": "MultiPolygon", "coordinates": [ [ [ [ -75.163956, 39.918518 ], [ -75.161362, 39.918177 ], [ -75.160826, 39.918116 ], [ -75.159276, 39.917914 ], [ -75.156139, 39.917515 ], [ -75.156708, 39.914869 ], [ -75.159844, 39.915286 ], [ -75.161956, 39.915546 ], [ -75.16453, 39.915875 ], [ -75.163956, 39.918518 ] ] ] ] } },
{ "type": "Feature", "properties": { "STATEFP": "42", "COUNTYFP": "101", "TRACTCE": "013702", "GEOIDFQ": "1400000US42101013702", "GEOID": "42101013702", "NAME": "137.02", "NAMELSAD": "Census Tract 137.02", "STUSPS": "PA", "NAMELSADCO": "Philadelphia County", "STATE_NAME": "Pennsylvania", "LSAD": "CT", "ALAND": 325261.0, "AWATER": 0.0 }, "geometry": { "type": "MultiPolygon", "coordinates": [ [ [ [ -75.184945, 39.975479 ], [ -75.184439, 39.977788 ], [ -75.183838, 39.980585 ], [ -75.182215, 39.980373 ], [ -75.181135, 39.980238 ], [ -75.180591, 39.980167 ], [ -75.179172, 39.979988 ], [ -75.179779, 39.977188 ], [ -75.180729, 39.972841 ], [ -75.182147, 39.973009 ], [ -75.185394, 39.973417 ], [ -75.184945, 39.975479 ] ] ] ] } },
{ "type": "Feature", "properties": { "STATEFP": "42", "COUNTYFP": "101", "TRACTCE": "980901", "GEOIDFQ": "1400000US42101980901", "GEOID": "42101980901", "NAME": "9809.01", "NAMELSAD": "Census Tract 9809.01", "STUSPS": "PA", "NAMELSADCO": "Philadelphia County", "STATE_NAME": "Pennsylvania", "LSAD": "CT", "ALAND": 11195484.0, "AWATER": 2364306.0 }, "geometry": { "type": "MultiPolygon", "coordinates": [ [ [ [ -75.256412, 39.878806 ], [ -75.254897, 39.880006 ], [ -75.246231, 39.889505 ], [ -75.241825, 39.892006 ], [ -75.243752, 39.893025 ], [ -75.238643, 39.898691 ], [ -75.240331, 39.904113 ], [ -75.240147, 39.904151 ], [ -75.238197, 39.904708 ], [ -75.235285, 39.906555 ], [ -75.23185, 39.910208 ], [ -75.230507, 39.911203 ], [ -75.229266, 39.909028 ], [ -75.225226, 39.914719 ], [ -75.223236, 39.917589 ], [ -75.221873, 39.919551 ], [ -75.21964, 39.922769 ], [ -75.216768, 39.926956 ], [ -75.212428, 39.92523 ], [ -75.21079, 39.922095 ], [ -75.208526, 39.921033 ], [ -75.203396, 39.921007 ], [ -75.2017, 39.919834 ], [ -75.20209, 39.918555 ], [ -75.206841, 39.911186 ], [ -75.212149, 39.911151 ], [ -75.213906, 39.911072 ], [ -75.21454, 39.910661 ], [ -75.216123, 39.909637 ], [ -75.214927, 39.901616 ], [ -75.211762, 39.897747 ], [ -75.208124, 39.895675 ], [ -75.19726, 39.892618 ], [ -75.195514, 39.89184 ], [ -75.195231403775097, 39.877331410657298 ], [ -75.199857, 39.873222 ], [ -75.199930992016306, 39.873186700735502 ], [ -75.204087, 39.871204 ], [ -75.211690057260896, 39.8669542235479 ], [ -75.216039, 39.871115 ], [ -75.215787, 39.875052 ], [ -75.211863, 39.880809 ], [ -75.212248, 39.883027 ], [ -75.213969, 39.883692 ], [ -75.221455, 39.882356 ], [ -75.223317, 39.883766 ], [ -75.228554, 39.881073 ], [ -75.229542, 39.881863 ], [ -75.233426, 39.889178 ], [ -75.234591, 39.889852 ], [ -75.237311, 39.889964 ], [ -75.239244, 39.889103 ], [ -75.242047, 39.88596 ], [ -75.243728, 39.881623 ], [ -75.245272, 39.879501 ], [ -75.247108, 39.878228 ], [ -75.253515, 39.876015 ], [ -75.261245, 39.876484 ], [ -75.256412, 39.878806 ] ] ] ] } },
{ "type": "Feature", "properties": { "STATEFP": "42", "COUNTYFP": "101", "TRACTCE": "001203", "GEOIDFQ": "1400000US42101001203", "GEOID": "42101001203", "NAME": "12.03", "NAMELSAD": "Census Tract 12.03", "STUSPS": "PA", "NAMELSADCO": "Philadelphia County", "STATE_NAME": "Pennsylvania", "LSAD": "CT", "ALAND": 102414.0, "AWATER": 0.0 }, "geometry": { "type": "MultiPolygon", "coordinates": [ [ [ [ -75.174627, 39.946753 ], [ -75.174323, 39.948177 ], [ -75.17118, 39.947784 ], [ -75.171488, 39.946353 ], [ -75.171906, 39.944443 ], [ -75.175054, 39.944832 ], [ -75.174627, 39.946753 ] ] ] ] } },
{ "type": "Feature", "properties": { "STATEFP": "42", "COUNTYFP": "101", "TRACTCE": "980701", "GEOIDFQ": "1400000US42101980701", "GEOID": "42101980701", "NAME": "9807.01", "NAMELSAD": "Census Tract 9807.01", "STUSPS": "PA", "NAMELSADCO": "Philadelphia County", "STATE_NAME": "Pennsylvania", "LSAD": "CT", "ALAND": 3552223.0, "AWATER": 545657.0 }, "geometry": { "type": "MultiPolygon", "coordinates": [ [ [ [ -75.174808, 39.899179 ], [ -75.170885, 39.898848 ], [ -75.166321, 39.899305 ], [ -75.16566, 39.899583 ], [ -75.163535, 39.910831 ], [ -75.165482, 39.911531 ], [ -75.160789, 39.910942 ], [ -75.149541, 39.908703 ], [ -75.149181, 39.908642 ], [ -75.13949, 39.907028 ], [ -75.129548764705802, 39.905297941176499 ], [ -75.130260482109193, 39.9024510715631 ], [ -75.13082, 39.900213 ], [ -75.13342, 39.896213 ], [ -75.135414640421303, 39.8929982118906 ], [ -75.141533, 39.895062 ], [ -75.144277, 39.895682 ], [ -75.15468, 39.897064 ], [ -75.170726, 39.897583 ], [ -75.174959, 39.898488 ], [ -75.174808, 39.899179 ] ] ] ] } },
{ "type": "Feature", "properties": { "STATEFP": "42", "COUNTYFP": "101", "TRACTCE": "039100", "GEOIDFQ": "1400000US42101039100", "GEOID": "42101039100", "NAME": "391", "NAMELSAD": "Census Tract 391", "STUSPS": "PA", "NAMELSADCO": "Philadelphia County", "STATE_NAME": "Pennsylvania", "LSAD": "CT", "ALAND": 1119799.0, "AWATER": 133239.0 }, "geometry": { "type": "MultiPolygon", "coordinates": [ [ [ [ -75.221287, 39.931789 ], [ -75.217058, 39.934733 ], [ -75.215682, 39.935691 ], [ -75.214301, 39.936654 ], [ -75.211941, 39.938299 ], [ -75.21065, 39.939199 ], [ -75.207838, 39.941286 ], [ -75.207099, 39.941281 ], [ -75.205185, 39.941116 ], [ -75.205468, 39.938355 ], [ -75.205643, 39.936882 ], [ -75.206072, 39.935371 ], [ -75.206322, 39.934759 ], [ -75.207433, 39.933513 ], [ -75.211253, 39.928519 ], [ -75.212428, 39.92523 ], [ -75.216768, 39.926956 ], [ -75.219485, 39.928116 ], [ -75.220588, 39.929047 ], [ -75.222696, 39.930808 ], [ -75.221287, 39.931789 ] ] ] ] } },
{ "type": "Feature", "properties": { "STATEFP": "42", "COUNTYFP": "101", "TRACTCE": "000901", "GEOIDFQ": "1400000US42101000901", "GEOID": "42101000901", "NAME": "9.01", "NAMELSAD": "Census Tract 9.01", "STUSPS": "PA", "NAMELSADCO": "Philadelphia County", "STATE_NAME": "Pennsylvania", "LSAD": "CT", "ALAND": 105511.0, "AWATER": 0.0 }, "geometry": { "type": "MultiPolygon", "coordinates": [ [ [ [ -75.164845, 39.946999 ], [ -75.164338, 39.949346 ], [ -75.164192, 39.949334 ], [ -75.162114, 39.94908 ], [ -75.159751, 39.948783 ], [ -75.160267, 39.946422 ], [ -75.161843, 39.94662 ], [ -75.162627, 39.946713 ], [ -75.163648, 39.946836 ], [ -75.16471, 39.946971 ], [ -75.164845, 39.946999 ] ] ] ] } },
{ "type": "Feature", "properties": { "STATEFP": "42", "COUNTYFP": "101", "TRACTCE": "001400", "GEOIDFQ": "1400000US42101001400", "GEOID": "42101001400", "NAME": "14", "NAMELSAD": "Census Tract 14", "STUSPS": "PA", "NAMELSADCO": "Philadelphia County", "STATE_NAME": "Pennsylvania", "LSAD": "CT", "ALAND": 315833.0, "AWATER": 0.0 }, "geometry": { "type": "MultiPolygon", "coordinates": [ [ [ [ -75.177554, 39.942487 ], [ -75.177374, 39.943231 ], [ -75.176985, 39.94508 ], [ -75.175054, 39.944832 ], [ -75.171906, 39.944443 ], [ -75.168762, 39.94405 ], [ -75.165575, 39.943664 ], [ -75.165988, 39.94182 ], [ -75.166204, 39.940813 ], [ -75.170955, 39.941404 ], [ -75.174104, 39.941793 ], [ -75.177598, 39.942228 ], [ -75.177554, 39.942487 ] ] ] ] } },
{ "type": "Feature", "properties": { "STATEFP": "42", "COUNTYFP": "101", "TRACTCE": "001900", "GEOIDFQ": "1400000US42101001900", "GEOID": "42101001900", "NAME": "19", "NAMELSAD": "Census Tract 19", "STUSPS": "PA", "NAMELSADCO": "Philadelphia County", "STATE_NAME": "Pennsylvania", "LSAD": "CT", "ALAND": 328328.0, "AWATER": 0.0 }, "geometry": { "type": "MultiPolygon", "coordinates": [ [ [ [ -75.177761, 39.941461 ], [ -75.177598, 39.942228 ], [ -75.174104, 39.941793 ], [ -75.170955, 39.941404 ], [ -75.166204, 39.940813 ], [ -75.16636, 39.94003 ], [ -75.166816, 39.937869 ], [ -75.170025, 39.938263 ], [ -75.171602, 39.938447 ], [ -75.173173, 39.938641 ], [ -75.17631, 39.939021 ], [ -75.178251, 39.939268 ], [ -75.177761, 39.941461 ] ] ] ] } },
{ "type": "Feature", "properties": { "STATEFP": "42", "COUNTYFP": "101", "TRACTCE": "002200", "GEOIDFQ": "1400000US42101002200", "GEOID": "42101002200", "NAME": "22", "NAMELSAD": "Census Tract 22", "STUSPS": "PA", "NAMELSADCO": "Philadelphia County", "STATE_NAME": "Pennsylvania", "LSAD": "CT", "ALAND": 228697.0, "AWATER": 0.0 }, "geometry": { "type": "MultiPolygon", "coordinates": [ [ [ [ -75.17385, 39.93545 ], [ -75.173173, 39.938641 ], [ -75.171602, 39.938447 ], [ -75.170025, 39.938263 ], [ -75.166816, 39.937869 ], [ -75.167083, 39.936742 ], [ -75.167303, 39.935695 ], [ -75.16764, 39.93415 ], [ -75.17034, 39.934498 ], [ -75.172389, 39.934765 ], [ -75.17397, 39.934974 ], [ -75.17385, 39.93545 ] ] ] ] } },
{ "type": "Feature", "properties": { "STATEFP": "42", "COUNTYFP": "101", "TRACTCE": "002701", "GEOIDFQ": "1400000US42101002701", "GEOID": "42101002701", "NAME": "27.01", "NAMELSAD": "Census Tract 27.01", "STUSPS": "PA", "NAMELSADCO": "Philadelphia County", "STATE_NAME": "Pennsylvania", "LSAD": "CT", "ALAND": 224842.0, "AWATER": 0.0 }, "geometry": { "type": "MultiPolygon", "coordinates": [ [ [ [ -75.155274, 39.928763 ], [ -75.154454, 39.93242 ], [ -75.152893, 39.932208 ], [ -75.151309, 39.932007 ], [ -75.152131, 39.928336 ], [ -75.152938, 39.924679 ], [ -75.154526, 39.924895 ], [ -75.156095, 39.925103 ], [ -75.155274, 39.928763 ] ] ] ] } },
{ "type": "Feature", "properties": { "STATEFP": "42", "COUNTYFP": "101", "TRACTCE": "003001", "GEOIDFQ": "1400000US42101003001", "GEOID": "42101003001", "NAME": "30.01", "NAMELSAD": "Census Tract 30.01", "STUSPS": "PA", "NAMELSADCO": "Philadelphia County", "STATE_NAME": "Pennsylvania", "LSAD": "CT", "ALAND": 226545.0, "AWATER": 0.0 }, "geometry": { "type": "MultiPolygon", "coordinates": [ [ [ [ -75.175289, 39.928867 ], [ -75.175032, 39.930087 ], [ -75.174764, 39.931307 ], [ -75.17319, 39.931104 ], [ -75.171065, 39.930827 ], [ -75.168423, 39.930465 ], [ -75.168689, 39.929256 ], [ -75.169228, 39.926806 ], [ -75.171397, 39.927104 ], [ -75.172416, 39.927232 ], [ -75.173426, 39.927363 ], [ -75.175562, 39.927642 ], [ -75.175289, 39.928867 ] ] ] ] } },
{ "type": "Feature", "properties": { "STATEFP": "42", "COUNTYFP": "101", "TRACTCE": "003100", "GEOIDFQ": "1400000US42101003100", "GEOID": "42101003100", "NAME": "31", "NAMELSAD": "Census Tract 31", "STUSPS": "PA", "NAMELSADCO": "Philadelphia County", "STATE_NAME": "Pennsylvania", "LSAD": "CT", "ALAND": 395912.0, "AWATER": 0.0 }, "geometry": { "type": "MultiPolygon", "coordinates": [ [ [ [ -75.181589, 39.931366 ], [ -75.181419, 39.932161 ], [ -75.181162, 39.933385 ], [ -75.180621, 39.935816 ], [ -75.179035, 39.935612 ], [ -75.178514, 39.935544 ], [ -75.17397, 39.934974 ], [ -75.174495, 39.932523 ], [ -75.174764, 39.931307 ], [ -75.175032, 39.930087 ], [ -75.175289, 39.928867 ], [ -75.178445, 39.929271 ], [ -75.180367, 39.929521 ], [ -75.181944, 39.929729 ], [ -75.181589, 39.931366 ] ] ] ] } },
{ "type": "Feature", "properties": { "STATEFP": "42", "COUNTYFP": "101", "TRACTCE": "003300", "GEOIDFQ": "1400000US42101003300", "GEOID": "42101003300", "NAME": "33", "NAMELSAD": "Census Tract 33", "STUSPS": "PA", "NAMELSADCO": "Philadelphia County", "STATE_NAME": "Pennsylvania", "LSAD": "CT", "ALAND": 1063815.0, "AWATER": 96702.0 }, "geometry": { "type": "MultiPolygon", "coordinates": [ [ [ [ -75.205185, 39.941116 ], [ -75.204577, 39.942549 ], [ -75.203156, 39.943591 ], [ -75.20037, 39.943991 ], [ -75.196871, 39.94273 ], [ -75.195234, 39.942217 ], [ -75.193872, 39.9421 ], [ -75.188712, 39.939567 ], [ -75.18824, 39.939878 ], [ -75.188885, 39.936887 ], [ -75.189148, 39.935671 ], [ -75.190222, 39.930779 ], [ -75.191783, 39.930982 ], [ -75.192322, 39.931054 ], [ -75.193353, 39.931185 ], [ -75.192826, 39.933628 ], [ -75.194408, 39.933822 ], [ -75.197537, 39.934232 ], [ -75.199503, 39.934508 ], [ -75.198817, 39.937009 ], [ -75.197924, 39.938063 ], [ -75.199344, 39.938366 ], [ -75.20114, 39.937468 ], [ -75.205468, 39.938355 ], [ -75.205185, 39.941116 ] ] ] ] } },
{ "type": "Feature", "properties": { "STATEFP": "42", "COUNTYFP": "101", "TRACTCE": "003702", "GEOIDFQ": "1400000US42101003702", "GEOID": "42101003702", "NAME": "37.02", "NAMELSAD": "Census Tract 37.02", "STUSPS": "PA", "NAMELSADCO": "Philadelphia County", "STATE_NAME": "Pennsylvania", "LSAD": "CT", "ALAND": 247351.0, "AWATER": 0.0 }, "geometry": { "type": "MultiPolygon", "coordinates": [ [ [ [ -75.186029, 39.926481 ], [ -75.184393, 39.926276 ], [ -75.18333, 39.926134 ], [ -75.182743, 39.926058 ], [ -75.181698, 39.925924 ], [ -75.181159, 39.92585 ], [ -75.179242, 39.925606 ], [ -75.17767, 39.92539 ], [ -75.176088, 39.925198 ], [ -75.176295, 39.92425 ], [ -75.177982, 39.923951 ], [ -75.179651, 39.923652 ], [ -75.181424, 39.923337 ], [ -75.181703, 39.92329 ], [ -75.183434, 39.922939 ], [ -75.185192, 39.922627 ], [ -75.186937, 39.922318 ], [ -75.186029, 39.926481 ] ] ] ] } },
{ "type": "Feature", "properties": { "STATEFP": "42", "COUNTYFP": "101", "TRACTCE": "035301", "GEOIDFQ": "1400000US42101035301", "GEOID": "42101035301", "NAME": "353.01", "NAMELSAD": "Census Tract 353.01", "STUSPS": "PA", "NAMELSADCO": "Philadelphia County", "STATE_NAME": "Pennsylvania", "LSAD": "CT", "ALAND": 1398722.0, "AWATER": 13466.0 }, "geometry": { "type": "MultiPolygon", "coordinates": [ [ [ [ -74.99873, 40.065828 ], [ -74.996409, 40.06659 ], [ -74.993531, 40.071863 ], [ -74.987857, 40.072829 ], [ -74.987148, 40.072702 ], [ -74.984901, 40.07448 ], [ -74.984631, 40.074335 ], [ -74.982876, 40.073261 ], [ -74.981173, 40.071985 ], [ -74.982413, 40.065736 ], [ -74.982355, 40.064672 ], [ -74.984171, 40.064075 ], [ -74.985576, 40.063345 ], [ -74.990432, 40.060396 ], [ -74.991709, 40.061095 ], [ -74.995269, 40.062344 ], [ -74.995336, 40.062382 ], [ -74.998385, 40.064117 ], [ -74.99873, 40.065828 ] ] ] ] } },
{ "type": "Feature", "properties": { "STATEFP": "42", "COUNTYFP": "101", "TRACTCE": "003901", "GEOIDFQ": "1400000US42101003901", "GEOID": "42101003901", "NAME": "39.01", "NAMELSAD": "Census Tract 39.01", "STUSPS": "PA", "NAMELSADCO": "Philadelphia County", "STATE_NAME": "Pennsylvania", "LSAD": "CT", "ALAND": 420397.0, "AWATER": 0.0 }, "geometry": { "type": "MultiPolygon", "coordinates": [ [ [ [ -75.176906, 39.921464 ], [ -75.176638, 39.922707 ], [ -75.176361, 39.92396 ], [ -75.176295, 39.92425 ], [ -75.176088, 39.925198 ], [ -75.175741, 39.92685 ], [ -75.175562, 39.927642 ], [ -75.173426, 39.927363 ], [ -75.172416, 39.927232 ], [ -75.171397, 39.927104 ], [ -75.169228, 39.926806 ], [ -75.169499, 39.925531 ], [ -75.169744, 39.924409 ], [ -75.170023, 39.923138 ], [ -75.170309, 39.921885 ], [ -75.170581, 39.920653 ], [ -75.173748, 39.92106 ], [ -75.174033, 39.919809 ], [ -75.175614, 39.920013 ], [ -75.177082, 39.920207 ], [ -75.176906, 39.921464 ] ] ] ] } },
{ "type": "Feature", "properties": { "STATEFP": "42", "COUNTYFP": "101", "TRACTCE": "035701", "GEOIDFQ": "1400000US42101035701", "GEOID": "42101035701", "NAME": "357.01", "NAMELSAD": "Census Tract 357.01", "STUSPS": "PA", "NAMELSADCO": "Philadelphia County", "STATE_NAME": "Pennsylvania", "LSAD": "CT", "ALAND": 598633.0, "AWATER": 718.0 }, "geometry": { "type": "MultiPolygon", "coordinates": [ [ [ [ -75.033722, 40.106639 ], [ -75.029192, 40.111392 ], [ -75.02858, 40.111799 ], [ -75.028642, 40.114308 ], [ -75.029956, 40.114481 ], [ -75.02923, 40.11597 ], [ -75.028062, 40.1157 ], [ -75.027231, 40.115422 ], [ -75.023041, 40.112998 ], [ -75.024306, 40.111181 ], [ -75.025585, 40.109312 ], [ -75.026305, 40.108324 ], [ -75.028883, 40.102543 ], [ -75.030235, 40.103387 ], [ -75.032998, 40.10511 ], [ -75.033897, 40.105689 ], [ -75.033722, 40.106639 ] ] ] ] } },
{ "type": "Feature", "properties": { "STATEFP": "42", "COUNTYFP": "101", "TRACTCE": "006000", "GEOIDFQ": "1400000US42101006000", "GEOID": "42101006000", "NAME": "60", "NAMELSAD": "Census Tract 60", "STUSPS": "PA", "NAMELSADCO": "Philadelphia County", "STATE_NAME": "Pennsylvania", "LSAD": "CT", "ALAND": 1071395.0, "AWATER": 0.0 }, "geometry": { "type": "MultiPolygon", "coordinates": [ [ [ [ -75.244935, 39.91545 ], [ -75.243278, 39.916346 ], [ -75.241088, 39.917868 ], [ -75.239511, 39.918979 ], [ -75.236026, 39.916036 ], [ -75.23463, 39.914848 ], [ -75.23374, 39.914073 ], [ -75.231662, 39.912252 ], [ -75.230507, 39.911203 ], [ -75.23185, 39.910208 ], [ -75.235285, 39.906555 ], [ -75.238197, 39.904708 ], [ -75.240147, 39.904151 ], [ -75.240331, 39.904113 ], [ -75.240576, 39.904062 ], [ -75.241558, 39.907257 ], [ -75.242832, 39.911272 ], [ -75.24338, 39.913488 ], [ -75.244935, 39.91545 ] ] ] ] } },
{ "type": "Feature", "properties": { "STATEFP": "42", "COUNTYFP": "101", "TRACTCE": "006300", "GEOIDFQ": "1400000US42101006300", "GEOID": "42101006300", "NAME": "63", "NAMELSAD": "Census Tract 63", "STUSPS": "PA", "NAMELSADCO": "Philadelphia County", "STATE_NAME": "Pennsylvania", "LSAD": "CT", "ALAND": 555597.0, "AWATER": 0.0 }, "geometry": { "type": "MultiPolygon", "coordinates": [ [ [ [ -75.246856, 39.918759 ], [ -75.239671, 39.923779 ], [ -75.23816, 39.924839 ], [ -75.236833, 39.925765 ], [ -75.235594, 39.92664 ], [ -75.234328, 39.925573 ], [ -75.233121, 39.924558 ], [ -75.232438, 39.92397 ], [ -75.234991, 39.922169 ], [ -75.236789, 39.920899 ], [ -75.239511, 39.918979 ], [ -75.241088, 39.917868 ], [ -75.243278, 39.916346 ], [ -75.244935, 39.91545 ], [ -75.246308, 39.917176 ], [ -75.246856, 39.918759 ] ] ] ] } },
{ "type": "Feature", "properties": { "STATEFP": "42", "COUNTYFP": "101", "TRACTCE": "006500", "GEOIDFQ": "1400000US42101006500", "GEOID": "42101006500", "NAME": "65", "NAMELSAD": "Census Tract 65", "STUSPS": "PA", "NAMELSADCO": "Philadelphia County", "STATE_NAME": "Pennsylvania", "LSAD": "CT", "ALAND": 1114276.0, "AWATER": 25678.0 }, "geometry": { "type": "MultiPolygon", "coordinates": [ [ [ [ -75.246634, 39.943541 ], [ -75.241771, 39.945297 ], [ -75.240266, 39.945866 ], [ -75.237132, 39.943237 ], [ -75.236424, 39.942646 ], [ -75.235033, 39.941474 ], [ -75.233632, 39.940292 ], [ -75.23242, 39.938995 ], [ -75.231766, 39.93846 ], [ -75.229726, 39.936743 ], [ -75.227252, 39.934661 ], [ -75.232305, 39.931115 ], [ -75.235478, 39.928877 ], [ -75.242903, 39.930708 ], [ -75.243643, 39.930897 ], [ -75.243369, 39.931908 ], [ -75.241909, 39.933544 ], [ -75.237436, 39.932557 ], [ -75.236647, 39.933897 ], [ -75.23492, 39.936333 ], [ -75.234868, 39.937456 ], [ -75.236878, 39.938432 ], [ -75.23957, 39.938039 ], [ -75.240626, 39.939191 ], [ -75.239903, 39.940035 ], [ -75.240367, 39.942171 ], [ -75.247028, 39.943414 ], [ -75.246634, 39.943541 ] ] ] ] } },
{ "type": "Feature", "properties": { "STATEFP": "42", "COUNTYFP": "101", "TRACTCE": "007102", "GEOIDFQ": "1400000US42101007102", "GEOID": "42101007102", "NAME": "71.02", "NAMELSAD": "Census Tract 71.02", "STUSPS": "PA", "NAMELSADCO": "Philadelphia County", "STATE_NAME": "Pennsylvania", "LSAD": "CT", "ALAND": 415761.0, "AWATER": 0.0 }, "geometry": { "type": "MultiPolygon", "coordinates": [ [ [ [ -75.233632, 39.940292 ], [ -75.231676, 39.941671 ], [ -75.230928, 39.942194 ], [ -75.229553, 39.943168 ], [ -75.228184, 39.944134 ], [ -75.226805, 39.945083 ], [ -75.22498, 39.943534 ], [ -75.224129, 39.942836 ], [ -75.222753, 39.941654 ], [ -75.224113, 39.940691 ], [ -75.22548, 39.939725 ], [ -75.226854, 39.938767 ], [ -75.227831, 39.938077 ], [ -75.228358, 39.9377 ], [ -75.229726, 39.936743 ], [ -75.231766, 39.93846 ], [ -75.23242, 39.938995 ], [ -75.233632, 39.940292 ] ] ] ] } },
{ "type": "Feature", "properties": { "STATEFP": "42", "COUNTYFP": "101", "TRACTCE": "008102", "GEOIDFQ": "1400000US42101008102", "GEOID": "42101008102", "NAME": "81.02", "NAMELSAD": "Census Tract 81.02", "STUSPS": "PA", "NAMELSADCO": "Philadelphia County", "STATE_NAME": "Pennsylvania", "LSAD": "CT", "ALAND": 362526.0, "AWATER": 0.0 }, "geometry": { "type": "MultiPolygon", "coordinates": [ [ [ [ -75.238796, 39.951942 ], [ -75.238476, 39.953485 ], [ -75.238166, 39.955011 ], [ -75.234212, 39.954521 ], [ -75.232153, 39.954262 ], [ -75.229999, 39.953996 ], [ -75.230323, 39.952475 ], [ -75.230635, 39.950922 ], [ -75.230793, 39.950172 ], [ -75.230959, 39.949438 ], [ -75.235165, 39.949953 ], [ -75.239118, 39.950446 ], [ -75.238796, 39.951942 ] ] ] ] } },
{ "type": "Feature", "properties": { "STATEFP": "42", "COUNTYFP": "101", "TRACTCE": "008200", "GEOIDFQ": "1400000US42101008200", "GEOID": "42101008200", "NAME": "82", "NAMELSAD": "Census Tract 82", "STUSPS": "PA", "NAMELSADCO": "Philadelphia County", "STATE_NAME": "Pennsylvania", "LSAD": "CT", "ALAND": 832282.0, "AWATER": 11202.0 }, "geometry": { "type": "MultiPolygon", "coordinates": [ [ [ [ -75.251577, 39.952127 ], [ -75.250816, 39.953475 ], [ -75.244719, 39.952676 ], [ -75.242754, 39.952432 ], [ -75.238796, 39.951942 ], [ -75.239118, 39.950446 ], [ -75.239232, 39.949923 ], [ -75.239641, 39.947932 ], [ -75.240052, 39.945917 ], [ -75.240266, 39.945866 ], [ -75.241771, 39.945297 ], [ -75.246634, 39.943541 ], [ -75.247028, 39.943414 ], [ -75.247208, 39.943904 ], [ -75.250118, 39.94697 ], [ -75.251609, 39.951466 ], [ -75.251577, 39.952127 ] ] ] ] } },
{ "type": "Feature", "properties": { "STATEFP": "42", "COUNTYFP": "101", "TRACTCE": "008500", "GEOIDFQ": "1400000US42101008500", "GEOID": "42101008500", "NAME": "85", "NAMELSAD": "Census Tract 85", "STUSPS": "PA", "NAMELSADCO": "Philadelphia County", "STATE_NAME": "Pennsylvania", "LSAD": "CT", "ALAND": 621445.0, "AWATER": 0.0 }, "geometry": { "type": "MultiPolygon", "coordinates": [ [ [ [ -75.231937, 39.955319 ], [ -75.231557, 39.957102 ], [ -75.231277, 39.958448 ], [ -75.230801, 39.960722 ], [ -75.228645, 39.960463 ], [ -75.227443, 39.960311 ], [ -75.224868, 39.960005 ], [ -75.22092, 39.959505 ], [ -75.221397, 39.957227 ], [ -75.221798, 39.955319 ], [ -75.222279, 39.95304 ], [ -75.226224, 39.953528 ], [ -75.229999, 39.953996 ], [ -75.232153, 39.954262 ], [ -75.231937, 39.955319 ] ] ] ] } },
{ "type": "Feature", "properties": { "STATEFP": "42", "COUNTYFP": "101", "TRACTCE": "008701", "GEOIDFQ": "1400000US42101008701", "GEOID": "42101008701", "NAME": "87.01", "NAMELSAD": "Census Tract 87.01", "STUSPS": "PA", "NAMELSADCO": "Philadelphia County", "STATE_NAME": "Pennsylvania", "LSAD": "CT", "ALAND": 259543.0, "AWATER": 0.0 }, "geometry": { "type": "MultiPolygon", "coordinates": [ [ [ [ -75.212716, 39.950292 ], [ -75.212393, 39.951811 ], [ -75.211916, 39.954096 ], [ -75.211677, 39.95524 ], [ -75.211039, 39.958276 ], [ -75.208128, 39.957915 ], [ -75.2086, 39.955636 ], [ -75.208761, 39.95488 ], [ -75.208999, 39.953733 ], [ -75.209264, 39.952522 ], [ -75.209326, 39.951436 ], [ -75.209259, 39.949541 ], [ -75.21292, 39.949065 ], [ -75.212716, 39.950292 ] ] ] ] } },
{ "type": "Feature", "properties": { "STATEFP": "42", "COUNTYFP": "101", "TRACTCE": "009600", "GEOIDFQ": "1400000US42101009600", "GEOID": "42101009600", "NAME": "96", "NAMELSAD": "Census Tract 96", "STUSPS": "PA", "NAMELSADCO": "Philadelphia County", "STATE_NAME": "Pennsylvania", "LSAD": "CT", "ALAND": 405273.0, "AWATER": 0.0 }, "geometry": { "type": "MultiPolygon", "coordinates": [ [ [ [ -75.247169, 39.965927 ], [ -75.246848, 39.967449 ], [ -75.246531, 39.968967 ], [ -75.244416, 39.968706 ], [ -75.239479, 39.968097 ], [ -75.24011, 39.965055 ], [ -75.240762, 39.96196 ], [ -75.242735, 39.962202 ], [ -75.246753, 39.962705 ], [ -75.246425, 39.964276 ], [ -75.247109, 39.964294 ], [ -75.247169, 39.965927 ] ] ] ] } },
{ "type": "Feature", "properties": { "STATEFP": "42", "COUNTYFP": "101", "TRACTCE": "009802", "GEOIDFQ": "1400000US42101009802", "GEOID": "42101009802", "NAME": "98.02", "NAMELSAD": "Census Tract 98.02", "STUSPS": "PA", "NAMELSADCO": "Philadelphia County", "STATE_NAME": "Pennsylvania", "LSAD": "CT", "ALAND": 613208.0, "AWATER": 0.0 }, "geometry": { "type": "MultiPolygon", "coordinates": [ [ [ [ -75.273552, 39.978279 ], [ -75.271309, 39.979275 ], [ -75.267588, 39.974662 ], [ -75.265558, 39.975641 ], [ -75.264257, 39.974419 ], [ -75.263054, 39.975749 ], [ -75.261996, 39.977598 ], [ -75.259797, 39.974672 ], [ -75.2619, 39.972584 ], [ -75.26562, 39.969941 ], [ -75.269314, 39.97301 ], [ -75.271639, 39.972082 ], [ -75.275871, 39.977245 ], [ -75.273552, 39.978279 ] ] ] ] } },
{ "type": "Feature", "properties": { "STATEFP": "42", "COUNTYFP": "101", "TRACTCE": "013500", "GEOIDFQ": "1400000US42101013500", "GEOID": "42101013500", "NAME": "135", "NAMELSAD": "Census Tract 135", "STUSPS": "PA", "NAMELSADCO": "Philadelphia County", "STATE_NAME": "Pennsylvania", "LSAD": "CT", "ALAND": 404892.0, "AWATER": 0.0 }, "geometry": { "type": "MultiPolygon", "coordinates": [ [ [ [ -75.174869, 39.96971 ], [ -75.174367, 39.972035 ], [ -75.17055, 39.97157 ], [ -75.169274, 39.971406 ], [ -75.167703, 39.971211 ], [ -75.164555, 39.970816 ], [ -75.164744, 39.970436 ], [ -75.165256, 39.967563 ], [ -75.165349, 39.967149 ], [ -75.168569, 39.967226 ], [ -75.170177, 39.96725 ], [ -75.171344, 39.967275 ], [ -75.172108, 39.967284 ], [ -75.17539, 39.967345 ], [ -75.174869, 39.96971 ] ] ] ] } },
{ "type": "Feature", "properties": { "STATEFP": "42", "COUNTYFP": "101", "TRACTCE": "013900", "GEOIDFQ": "1400000US42101013900", "GEOID": "42101013900", "NAME": "139", "NAMELSAD": "Census Tract 139", "STUSPS": "PA", "NAMELSADCO": "Philadelphia County", "STATE_NAME": "Pennsylvania", "LSAD": "CT", "ALAND": 562937.0, "AWATER": 0.0 }, "geometry": { "type": "MultiPolygon", "coordinates": [ [ [ [ -75.177852, 39.974247 ], [ -75.173785, 39.974677 ], [ -75.173414, 39.976363 ], [ -75.173126, 39.97775 ], [ -75.174393, 39.97938 ], [ -75.172799, 39.97916 ], [ -75.171213, 39.978952 ], [ -75.170287, 39.978845 ], [ -75.16616, 39.978308 ], [ -75.166463, 39.976877 ], [ -75.16722, 39.973397 ], [ -75.167703, 39.971211 ], [ -75.169274, 39.971406 ], [ -75.17055, 39.97157 ], [ -75.174367, 39.972035 ], [ -75.175948, 39.972232 ], [ -75.177862, 39.97248 ], [ -75.177852, 39.974247 ] ] ] ] } },
{ "type": "Feature", "properties": { "STATEFP": "42", "COUNTYFP": "101", "TRACTCE": "014900", "GEOIDFQ": "1400000US42101014900", "GEOID": "42101014900", "NAME": "149", "NAMELSAD": "Census Tract 149", "STUSPS": "PA", "NAMELSADCO": "Philadelphia County", "STATE_NAME": "Pennsylvania", "LSAD": "CT", "ALAND": 453220.0, "AWATER": 0.0 }, "geometry": { "type": "MultiPolygon", "coordinates": [ [ [ [ -75.188033, 39.984126 ], [ -75.184794, 39.983706 ], [ -75.181758, 39.983325 ], [ -75.181579, 39.983313 ], [ -75.179952, 39.983108 ], [ -75.176933, 39.982713 ], [ -75.175344, 39.982517 ], [ -75.174991, 39.98246 ], [ -75.174771, 39.982444 ], [ -75.172161, 39.9821 ], [ -75.172503, 39.980592 ], [ -75.172799, 39.97916 ], [ -75.174393, 39.97938 ], [ -75.175989, 39.979572 ], [ -75.177585, 39.979774 ], [ -75.179172, 39.979988 ], [ -75.180591, 39.980167 ], [ -75.181135, 39.980238 ], [ -75.182215, 39.980373 ], [ -75.183838, 39.980585 ], [ -75.185497, 39.980804 ], [ -75.188661, 39.981207 ], [ -75.188033, 39.984126 ] ] ] ] } },
{ "type": "Feature", "properties": { "STATEFP": "42", "COUNTYFP": "101", "TRACTCE": "015200", "GEOIDFQ": "1400000US42101015200", "GEOID": "42101015200", "NAME": "152", "NAMELSAD": "Census Tract 152", "STUSPS": "PA", "NAMELSADCO": "Philadelphia County", "STATE_NAME": "Pennsylvania", "LSAD": "CT", "ALAND": 669100.0, "AWATER": 0.0 }, "geometry": { "type": "MultiPolygon", "coordinates": [ [ [ [ -75.175803, 39.988812 ], [ -75.173682, 39.990167 ], [ -75.17226, 39.989982 ], [ -75.171744, 39.989924 ], [ -75.168894, 39.98955 ], [ -75.169234, 39.987959 ], [ -75.164184, 39.987311 ], [ -75.164517, 39.985759 ], [ -75.165511, 39.981244 ], [ -75.170557, 39.981901 ], [ -75.172161, 39.9821 ], [ -75.174771, 39.982444 ], [ -75.174991, 39.98246 ], [ -75.175344, 39.982517 ], [ -75.174694, 39.985506 ], [ -75.174044, 39.988507 ], [ -75.174665, 39.988427 ], [ -75.175803, 39.988812 ] ] ] ] } },
{ "type": "Feature", "properties": { "STATEFP": "42", "COUNTYFP": "101", "TRACTCE": "015700", "GEOIDFQ": "1400000US42101015700", "GEOID": "42101015700", "NAME": "157", "NAMELSAD": "Census Tract 157", "STUSPS": "PA", "NAMELSADCO": "Philadelphia County", "STATE_NAME": "Pennsylvania", "LSAD": "CT", "ALAND": 485072.0, "AWATER": 0.0 }, "geometry": { "type": "MultiPolygon", "coordinates": [ [ [ [ -75.138768, 39.979323 ], [ -75.138137, 39.982312 ], [ -75.137443, 39.982223 ], [ -75.132881, 39.981631 ], [ -75.13319, 39.980134 ], [ -75.131777, 39.979364 ], [ -75.130448, 39.978589 ], [ -75.131811, 39.976804 ], [ -75.13267, 39.975304 ], [ -75.133374, 39.97409 ], [ -75.138434, 39.97474 ], [ -75.139715, 39.974897 ], [ -75.138768, 39.979323 ] ] ] ] } },
{ "type": "Feature", "properties": { "STATEFP": "42", "COUNTYFP": "101", "TRACTCE": "016100", "GEOIDFQ": "1400000US42101016100", "GEOID": "42101016100", "NAME": "161", "NAMELSAD": "Census Tract 161", "STUSPS": "PA", "NAMELSADCO": "Philadelphia County", "STATE_NAME": "Pennsylvania", "LSAD": "CT", "ALAND": 707749.0, "AWATER": 0.0 }, "geometry": { "type": "MultiPolygon", "coordinates": [ [ [ [ -75.132881, 39.981631 ], [ -75.132208, 39.984741 ], [ -75.131907, 39.986306 ], [ -75.130794, 39.986928 ], [ -75.129641, 39.987546 ], [ -75.127363, 39.988792 ], [ -75.125491, 39.989836 ], [ -75.123386, 39.987916 ], [ -75.122342, 39.987046 ], [ -75.120252, 39.984755 ], [ -75.122679, 39.983488 ], [ -75.125062, 39.982373 ], [ -75.127623, 39.98143 ], [ -75.130448, 39.978589 ], [ -75.131777, 39.979364 ], [ -75.13319, 39.980134 ], [ -75.132881, 39.981631 ] ] ] ] } },
{ "type": "Feature", "properties": { "STATEFP": "42", "COUNTYFP": "101", "TRACTCE": "016600", "GEOIDFQ": "1400000US42101016600", "GEOID": "42101016600", "NAME": "166", "NAMELSAD": "Census Tract 166", "STUSPS": "PA", "NAMELSADCO": "Philadelphia County", "STATE_NAME": "Pennsylvania", "LSAD": "CT", "ALAND": 261132.0, "AWATER": 0.0 }, "geometry": { "type": "MultiPolygon", "coordinates": [ [ [ [ -75.155934, 39.987877 ], [ -75.155593, 39.989369 ], [ -75.15495, 39.992353 ], [ -75.154588, 39.993938 ], [ -75.152389, 39.993659 ], [ -75.152871, 39.990551 ], [ -75.151815, 39.988886 ], [ -75.151199, 39.987798 ], [ -75.150197, 39.985504 ], [ -75.150913, 39.985597 ], [ -75.154063, 39.986003 ], [ -75.156275, 39.986283 ], [ -75.155934, 39.987877 ] ] ] ] } },
{ "type": "Feature", "properties": { "STATEFP": "42", "COUNTYFP": "101", "TRACTCE": "016800", "GEOIDFQ": "1400000US42101016800", "GEOID": "42101016800", "NAME": "168", "NAMELSAD": "Census Tract 168", "STUSPS": "PA", "NAMELSADCO": "Philadelphia County", "STATE_NAME": "Pennsylvania", "LSAD": "CT", "ALAND": 581132.0, "AWATER": 0.0 }, "geometry": { "type": "MultiPolygon", "coordinates": [ [ [ [ -75.173182, 39.992412 ], [ -75.171594, 39.9922 ], [ -75.171441, 39.992946 ], [ -75.171173, 39.994165 ], [ -75.170767, 39.996036 ], [ -75.167568, 39.995621 ], [ -75.164094, 39.995169 ], [ -75.163749, 39.993966 ], [ -75.16294, 39.993043 ], [ -75.1635, 39.990401 ], [ -75.164184, 39.987311 ], [ -75.169234, 39.987959 ], [ -75.168894, 39.98955 ], [ -75.171744, 39.989924 ], [ -75.17226, 39.989982 ], [ -75.173682, 39.990167 ], [ -75.173182, 39.992412 ] ] ] ] } },
{ "type": "Feature", "properties": { "STATEFP": "42", "COUNTYFP": "101", "TRACTCE": "017000", "GEOIDFQ": "1400000US42101017000", "GEOID": "42101017000", "NAME": "170", "NAMELSAD": "Census Tract 170", "STUSPS": "PA", "NAMELSADCO": "Philadelphia County", "STATE_NAME": "Pennsylvania", "LSAD": "CT", "ALAND": 1571911.0, "AWATER": 53598.0 }, "geometry": { "type": "MultiPolygon", "coordinates": [ [ [ [ -75.19281, 40.006733 ], [ -75.190514, 40.008407 ], [ -75.186537, 40.009831 ], [ -75.185674, 40.01012 ], [ -75.183611, 40.010905 ], [ -75.182239, 40.011676 ], [ -75.178229, 40.014435 ], [ -75.175669, 40.016051 ], [ -75.16914, 40.008832 ], [ -75.169741, 40.008585 ], [ -75.172209, 40.007898 ], [ -75.173853, 40.007468 ], [ -75.178633, 40.005052 ], [ -75.178809, 40.004937 ], [ -75.181141, 40.003697 ], [ -75.183953, 40.002838 ], [ -75.186861, 40.000409 ], [ -75.188447, 40.000272 ], [ -75.191754, 39.999748 ], [ -75.19132, 40.003715 ], [ -75.19281, 40.006733 ] ] ] ] } },
{ "type": "Feature", "properties": { "STATEFP": "42", "COUNTYFP": "101", "TRACTCE": "017202", "GEOIDFQ": "1400000US42101017202", "GEOID": "42101017202", "NAME": "172.02", "NAMELSAD": "Census Tract 172.02", "STUSPS": "PA", "NAMELSADCO": "Philadelphia County", "STATE_NAME": "Pennsylvania", "LSAD": "CT", "ALAND": 290610.0, "AWATER": 0.0 }, "geometry": { "type": "MultiPolygon", "coordinates": [ [ [ [ -75.180188, 39.997253 ], [ -75.178237, 39.998611 ], [ -75.176301, 39.999921 ], [ -75.174663, 40.001009 ], [ -75.171912, 40.000883 ], [ -75.169754, 40.000622 ], [ -75.170087, 39.999116 ], [ -75.17042, 39.997618 ], [ -75.171997, 39.997826 ], [ -75.172355, 39.99624 ], [ -75.173948, 39.996432 ], [ -75.175539, 39.996639 ], [ -75.178576, 39.99704 ], [ -75.180188, 39.997253 ] ] ] ] } },
{ "type": "Feature", "properties": { "STATEFP": "42", "COUNTYFP": "101", "TRACTCE": "017900", "GEOIDFQ": "1400000US42101017900", "GEOID": "42101017900", "NAME": "179", "NAMELSAD": "Census Tract 179", "STUSPS": "PA", "NAMELSADCO": "Philadelphia County", "STATE_NAME": "Pennsylvania", "LSAD": "CT", "ALAND": 714138.0, "AWATER": 0.0 }, "geometry": { "type": "MultiPolygon", "coordinates": [ [ [ [ -75.121703, 39.987571 ], [ -75.120138, 39.986877 ], [ -75.115481, 39.989315 ], [ -75.114257, 39.989952 ], [ -75.109528, 39.992123 ], [ -75.10773, 39.990079 ], [ -75.107339, 39.989644 ], [ -75.106748, 39.98898 ], [ -75.106326, 39.988524 ], [ -75.105915, 39.988037 ], [ -75.108359, 39.986753 ], [ -75.111221, 39.985268 ], [ -75.11345, 39.984105 ], [ -75.115251, 39.983157 ], [ -75.115605, 39.983551 ], [ -75.116075, 39.982938 ], [ -75.117355, 39.981481 ], [ -75.118522, 39.982825 ], [ -75.120252, 39.984755 ], [ -75.122342, 39.987046 ], [ -75.121703, 39.987571 ] ] ] ] } },
{ "type": "Feature", "properties": { "STATEFP": "42", "COUNTYFP": "101", "TRACTCE": "018002", "GEOIDFQ": "1400000US42101018002", "GEOID": "42101018002", "NAME": "180.02", "NAMELSAD": "Census Tract 180.02", "STUSPS": "PA", "NAMELSADCO": "Philadelphia County", "STATE_NAME": "Pennsylvania", "LSAD": "CT", "ALAND": 439791.0, "AWATER": 0.0 }, "geometry": { "type": "MultiPolygon", "coordinates": [ [ [ [ -75.111221, 39.985268 ], [ -75.108359, 39.986753 ], [ -75.105915, 39.988037 ], [ -75.105064, 39.987073 ], [ -75.103366, 39.985129 ], [ -75.102999, 39.98472 ], [ -75.101439, 39.982974 ], [ -75.105976, 39.980595 ], [ -75.108971, 39.979021 ], [ -75.110525, 39.980787 ], [ -75.109756, 39.981194 ], [ -75.108828, 39.981673 ], [ -75.109463, 39.98254 ], [ -75.111221, 39.985268 ] ] ] ] } },
{ "type": "Feature", "properties": { "STATEFP": "42", "COUNTYFP": "101", "TRACTCE": "035702", "GEOIDFQ": "1400000US42101035702", "GEOID": "42101035702", "NAME": "357.02", "NAMELSAD": "Census Tract 357.02", "STUSPS": "PA", "NAMELSADCO": "Philadelphia County", "STATE_NAME": "Pennsylvania", "LSAD": "CT", "ALAND": 1559150.0, "AWATER": 0.0 }, "geometry": { "type": "MultiPolygon", "coordinates": [ [ [ [ -75.044263, 40.115713 ], [ -75.043856, 40.115997 ], [ -75.037842, 40.120213 ], [ -75.036495, 40.12039 ], [ -75.02923, 40.11597 ], [ -75.029956, 40.114481 ], [ -75.028642, 40.114308 ], [ -75.02858, 40.111799 ], [ -75.029192, 40.111392 ], [ -75.033722, 40.106639 ], [ -75.033897, 40.105689 ], [ -75.036064, 40.106784 ], [ -75.03946, 40.107362 ], [ -75.048542, 40.112729 ], [ -75.044263, 40.115713 ] ] ] ] } },
{ "type": "Feature", "properties": { "STATEFP": "42", "COUNTYFP": "101", "TRACTCE": "037900", "GEOIDFQ": "1400000US42101037900", "GEOID": "42101037900", "NAME": "379", "NAMELSAD": "Census Tract 379", "STUSPS": "PA", "NAMELSADCO": "Philadelphia County", "STATE_NAME": "Pennsylvania", "LSAD": "CT", "ALAND": 1400253.0, "AWATER": 11282.0 }, "geometry": { "type": "MultiPolygon", "coordinates": [ [ [ [ -75.105064, 39.987073 ], [ -75.102621, 39.988348 ], [ -75.099128, 39.990172 ], [ -75.098035, 39.990748 ], [ -75.095726, 39.99195 ], [ -75.097007, 39.993399 ], [ -75.094523, 39.994603 ], [ -75.08637, 39.998895 ], [ -75.083346, 39.99641 ], [ -75.080785, 39.993572 ], [ -75.081387, 39.992731 ], [ -75.086603, 39.990017 ], [ -75.08604, 39.990897 ], [ -75.089616, 39.989064 ], [ -75.094393, 39.98663 ], [ -75.099, 39.98424 ], [ -75.101439, 39.982974 ], [ -75.102999, 39.98472 ], [ -75.103366, 39.985129 ], [ -75.105064, 39.987073 ] ] ] ] } },
{ "type": "Feature", "properties": { "STATEFP": "42", "COUNTYFP": "101", "TRACTCE": "019100", "GEOIDFQ": "1400000US42101019100", "GEOID": "42101019100", "NAME": "191", "NAMELSAD": "Census Tract 191", "STUSPS": "PA", "NAMELSADCO": "Philadelphia County", "STATE_NAME": "Pennsylvania", "LSAD": "CT", "ALAND": 1439046.0, "AWATER": 10674.0 }, "geometry": { "type": "MultiPolygon", "coordinates": [ [ [ [ -75.112821, 40.009007 ], [ -75.112497, 40.010489 ], [ -75.112161, 40.012085 ], [ -75.111811, 40.013662 ], [ -75.11136, 40.015867 ], [ -75.109024, 40.016286 ], [ -75.107599, 40.016489 ], [ -75.107152, 40.016728 ], [ -75.106619, 40.01642 ], [ -75.10257, 40.015964 ], [ -75.098803, 40.016345 ], [ -75.097041, 40.01595 ], [ -75.097055, 40.015202 ], [ -75.097431, 40.013325 ], [ -75.099374, 40.013583 ], [ -75.101557, 40.013878 ], [ -75.101864, 40.012369 ], [ -75.102216, 40.010789 ], [ -75.102552, 40.009202 ], [ -75.103146, 40.006202 ], [ -75.10327, 40.005602 ], [ -75.103797, 40.003134 ], [ -75.101811, 40.002863 ], [ -75.104197, 40.001525 ], [ -75.110017, 40.002282 ], [ -75.109864, 40.003027 ], [ -75.113986, 40.00356 ], [ -75.112821, 40.009007 ] ] ] ] } },
{ "type": "Feature", "properties": { "STATEFP": "42", "COUNTYFP": "101", "TRACTCE": "019800", "GEOIDFQ": "1400000US42101019800", "GEOID": "42101019800", "NAME": "198", "NAMELSAD": "Census Tract 198", "STUSPS": "PA", "NAMELSADCO": "Philadelphia County", "STATE_NAME": "Pennsylvania", "LSAD": "CT", "ALAND": 540315.0, "AWATER": 0.0 }, "geometry": { "type": "MultiPolygon", "coordinates": [ [ [ [ -75.147325, 40.010382 ], [ -75.147247, 40.011906 ], [ -75.147212, 40.014965 ], [ -75.146473, 40.014862 ], [ -75.141745, 40.012939 ], [ -75.140125, 40.012538 ], [ -75.139484, 40.012453 ], [ -75.137826, 40.012233 ], [ -75.135858, 40.011982 ], [ -75.136858, 40.007394 ], [ -75.139652, 40.007755 ], [ -75.140472, 40.007878 ], [ -75.142772, 40.008153 ], [ -75.143346, 40.008227 ], [ -75.147603, 40.008779 ], [ -75.147325, 40.010382 ] ] ] ] } },
{ "type": "Feature", "properties": { "STATEFP": "42", "COUNTYFP": "101", "TRACTCE": "020102", "GEOIDFQ": "1400000US42101020102", "GEOID": "42101020102", "NAME": "201.02", "NAMELSAD": "Census Tract 201.02", "STUSPS": "PA", "NAMELSADCO": "Philadelphia County", "STATE_NAME": "Pennsylvania", "LSAD": "CT", "ALAND": 373023.0, "AWATER": 0.0 }, "geometry": { "type": "MultiPolygon", "coordinates": [ [ [ [ -75.156653, 40.014419 ], [ -75.156652, 40.014618 ], [ -75.155185, 40.015295 ], [ -75.153849, 40.015891 ], [ -75.152431, 40.01321 ], [ -75.152163, 40.01254 ], [ -75.151428, 40.010903 ], [ -75.151067, 40.010036 ], [ -75.151246, 40.009279 ], [ -75.151603, 40.007665 ], [ -75.156376, 40.008284 ], [ -75.158106, 40.007736 ], [ -75.156653, 40.014419 ] ] ] ] } },
{ "type": "Feature", "properties": { "STATEFP": "42", "COUNTYFP": "101", "TRACTCE": "021000", "GEOIDFQ": "1400000US42101021000", "GEOID": "42101021000", "NAME": "210", "NAMELSAD": "Census Tract 210", "STUSPS": "PA", "NAMELSADCO": "Philadelphia County", "STATE_NAME": "Pennsylvania", "LSAD": "CT", "ALAND": 858218.0, "AWATER": 47382.0 }, "geometry": { "type": "MultiPolygon", "coordinates": [ [ [ [ -75.222251, 40.025715 ], [ -75.221027, 40.026228 ], [ -75.219699, 40.02614 ], [ -75.219176, 40.026306 ], [ -75.216632, 40.027602 ], [ -75.214188, 40.028699 ], [ -75.211308, 40.02997 ], [ -75.210588, 40.02903 ], [ -75.209437, 40.026929 ], [ -75.207732, 40.023783 ], [ -75.208035, 40.023114 ], [ -75.209213, 40.021899 ], [ -75.211564, 40.020898 ], [ -75.21275, 40.021541 ], [ -75.213266, 40.021301 ], [ -75.214841, 40.020594 ], [ -75.213, 40.018652 ], [ -75.214631, 40.017835 ], [ -75.216276, 40.019564 ], [ -75.219617, 40.021908 ], [ -75.222153, 40.022614 ], [ -75.223694, 40.023712 ], [ -75.222251, 40.025715 ] ] ] ] } },
{ "type": "Feature", "properties": { "STATEFP": "42", "COUNTYFP": "101", "TRACTCE": "021200", "GEOIDFQ": "1400000US42101021200", "GEOID": "42101021200", "NAME": "212", "NAMELSAD": "Census Tract 212", "STUSPS": "PA", "NAMELSADCO": "Philadelphia County", "STATE_NAME": "Pennsylvania", "LSAD": "CT", "ALAND": 515705.0, "AWATER": 0.0 }, "geometry": { "type": "MultiPolygon", "coordinates": [ [ [ [ -75.218759, 40.036654 ], [ -75.213026, 40.039412 ], [ -75.210398, 40.03751 ], [ -75.208938, 40.035221 ], [ -75.208278, 40.033762 ], [ -75.207715, 40.031573 ], [ -75.211308, 40.02997 ], [ -75.213692, 40.032135 ], [ -75.214493, 40.032838 ], [ -75.216638, 40.034833 ], [ -75.217925, 40.03616 ], [ -75.218759, 40.036654 ] ] ] ] } },
{ "type": "Feature", "properties": { "STATEFP": "42", "COUNTYFP": "101", "TRACTCE": "021500", "GEOIDFQ": "1400000US42101021500", "GEOID": "42101021500", "NAME": "215", "NAMELSAD": "Census Tract 215", "STUSPS": "PA", "NAMELSADCO": "Philadelphia County", "STATE_NAME": "Pennsylvania", "LSAD": "CT", "ALAND": 1004126.0, "AWATER": 21616.0 }, "geometry": { "type": "MultiPolygon", "coordinates": [ [ [ [ -75.234937, 40.0349 ], [ -75.226267, 40.042401 ], [ -75.225234, 40.041319 ], [ -75.222808, 40.038112 ], [ -75.222052, 40.037775 ], [ -75.218759, 40.036654 ], [ -75.222011, 40.035206 ], [ -75.225849, 40.033506 ], [ -75.224657, 40.031899 ], [ -75.225127, 40.031643 ], [ -75.228765, 40.029792 ], [ -75.229513, 40.029492 ], [ -75.231381, 40.028615 ], [ -75.232042, 40.028037 ], [ -75.234765, 40.030162 ], [ -75.234261, 40.030892 ], [ -75.233394, 40.031906 ], [ -75.23564, 40.034249 ], [ -75.234937, 40.0349 ] ] ] ] } },
{ "type": "Feature", "properties": { "STATEFP": "42", "COUNTYFP": "101", "TRACTCE": "021600", "GEOIDFQ": "1400000US42101021600", "GEOID": "42101021600", "NAME": "216", "NAMELSAD": "Census Tract 216", "STUSPS": "PA", "NAMELSADCO": "Philadelphia County", "STATE_NAME": "Pennsylvania", "LSAD": "CT", "ALAND": 1991388.0, "AWATER": 117315.0 }, "geometry": { "type": "MultiPolygon", "coordinates": [ [ [ [ -75.251298, 40.043505 ], [ -75.245653, 40.049122 ], [ -75.246129, 40.04758 ], [ -75.243483, 40.045379 ], [ -75.235419, 40.048775 ], [ -75.23204, 40.045328 ], [ -75.22853, 40.04386 ], [ -75.227444, 40.043197 ], [ -75.226267, 40.042401 ], [ -75.234937, 40.0349 ], [ -75.23564, 40.034249 ], [ -75.233394, 40.031906 ], [ -75.234261, 40.030892 ], [ -75.234765, 40.030162 ], [ -75.2404, 40.033899 ], [ -75.242414, 40.035923 ], [ -75.245598, 40.037655 ], [ -75.247919, 40.040762 ], [ -75.251298, 40.043505 ] ] ] ] } },
{ "type": "Feature", "properties": { "STATEFP": "42", "COUNTYFP": "101", "TRACTCE": "023800", "GEOIDFQ": "1400000US42101023800", "GEOID": "42101023800", "NAME": "238", "NAMELSAD": "Census Tract 238", "STUSPS": "PA", "NAMELSADCO": "Philadelphia County", "STATE_NAME": "Pennsylvania", "LSAD": "CT", "ALAND": 781630.0, "AWATER": 0.0 }, "geometry": { "type": "MultiPolygon", "coordinates": [ [ [ [ -75.188797, 40.03948 ], [ -75.187315, 40.040929 ], [ -75.185569, 40.042625 ], [ -75.182203, 40.045894 ], [ -75.181701, 40.044831 ], [ -75.180884, 40.043246 ], [ -75.177757, 40.039401 ], [ -75.177629, 40.039229 ], [ -75.176428, 40.037794 ], [ -75.181235, 40.033097 ], [ -75.182925, 40.034066 ], [ -75.188396, 40.037255 ], [ -75.187922, 40.037547 ], [ -75.188797, 40.03948 ] ] ] ] } },
{ "type": "Feature", "properties": { "STATEFP": "42", "COUNTYFP": "101", "TRACTCE": "023900", "GEOIDFQ": "1400000US42101023900", "GEOID": "42101023900", "NAME": "239", "NAMELSAD": "Census Tract 239", "STUSPS": "PA", "NAMELSADCO": "Philadelphia County", "STATE_NAME": "Pennsylvania", "LSAD": "CT", "ALAND": 486021.0, "AWATER": 2705.0 }, "geometry": { "type": "MultiPolygon", "coordinates": [ [ [ [ -75.190987, 40.037353 ], [ -75.188797, 40.03948 ], [ -75.187922, 40.037547 ], [ -75.188396, 40.037255 ], [ -75.182925, 40.034066 ], [ -75.181235, 40.033097 ], [ -75.183058, 40.03129 ], [ -75.183731, 40.030637 ], [ -75.186194, 40.029468 ], [ -75.187776, 40.030771 ], [ -75.189063, 40.031905 ], [ -75.193127, 40.035381 ], [ -75.190987, 40.037353 ] ] ] ] } },
{ "type": "Feature", "properties": { "STATEFP": "42", "COUNTYFP": "101", "TRACTCE": "024500", "GEOIDFQ": "1400000US42101024500", "GEOID": "42101024500", "NAME": "245", "NAMELSAD": "Census Tract 245", "STUSPS": "PA", "NAMELSADCO": "Philadelphia County", "STATE_NAME": "Pennsylvania", "LSAD": "CT", "ALAND": 800999.0, "AWATER": 0.0 }, "geometry": { "type": "MultiPolygon", "coordinates": [ [ [ [ -75.167084, 40.034393 ], [ -75.165747, 40.035702 ], [ -75.164809, 40.036452 ], [ -75.162752, 40.037499 ], [ -75.162077, 40.038163 ], [ -75.158675, 40.041691 ], [ -75.158341, 40.042021 ], [ -75.158363, 40.036346 ], [ -75.159601, 40.035137 ], [ -75.15764, 40.033206 ], [ -75.158124, 40.030825 ], [ -75.159033, 40.030316 ], [ -75.159551, 40.023925 ], [ -75.160053, 40.026023 ], [ -75.160983, 40.027253 ], [ -75.161425, 40.027764 ], [ -75.163749, 40.029255 ], [ -75.165491, 40.030242 ], [ -75.166488, 40.030794 ], [ -75.169211, 40.032314 ], [ -75.167084, 40.034393 ] ] ] ] } },
{ "type": "Feature", "properties": { "STATEFP": "42", "COUNTYFP": "101", "TRACTCE": "024700", "GEOIDFQ": "1400000US42101024700", "GEOID": "42101024700", "NAME": "247", "NAMELSAD": "Census Tract 247", "STUSPS": "PA", "NAMELSADCO": "Philadelphia County", "STATE_NAME": "Pennsylvania", "LSAD": "CT", "ALAND": 941266.0, "AWATER": 0.0 }, "geometry": { "type": "MultiPolygon", "coordinates": [ [ [ [ -75.172027, 40.039141 ], [ -75.170855, 40.040445 ], [ -75.169492, 40.044531 ], [ -75.167207, 40.043149 ], [ -75.16483, 40.045468 ], [ -75.163175, 40.047076 ], [ -75.161656, 40.048559 ], [ -75.158132, 40.046418 ], [ -75.158217, 40.045076 ], [ -75.158306, 40.042861 ], [ -75.158341, 40.042021 ], [ -75.158675, 40.041691 ], [ -75.162077, 40.038163 ], [ -75.162752, 40.037499 ], [ -75.164809, 40.036452 ], [ -75.170377, 40.036921 ], [ -75.171368, 40.037315 ], [ -75.17206, 40.038118 ], [ -75.172027, 40.039141 ] ] ] ] } },
{ "type": "Feature", "properties": { "STATEFP": "42", "COUNTYFP": "101", "TRACTCE": "025500", "GEOIDFQ": "1400000US42101025500", "GEOID": "42101025500", "NAME": "255", "NAMELSAD": "Census Tract 255", "STUSPS": "PA", "NAMELSADCO": "Philadelphia County", "STATE_NAME": "Pennsylvania", "LSAD": "CT", "ALAND": 766601.0, "AWATER": 0.0 }, "geometry": { "type": "MultiPolygon", "coordinates": [ [ [ [ -75.191054, 40.060176 ], [ -75.188629, 40.062443 ], [ -75.185757, 40.065121 ], [ -75.18437, 40.066442 ], [ -75.181751, 40.068902 ], [ -75.176526, 40.065896 ], [ -75.181313, 40.061221 ], [ -75.183366, 40.05922 ], [ -75.186535, 40.056209 ], [ -75.187306, 40.055484 ], [ -75.188077, 40.056898 ], [ -75.188378, 40.057436 ], [ -75.19022, 40.059199 ], [ -75.191054, 40.060176 ] ] ] ] } },
{ "type": "Feature", "properties": { "STATEFP": "42", "COUNTYFP": "101", "TRACTCE": "025700", "GEOIDFQ": "1400000US42101025700", "GEOID": "42101025700", "NAME": "257", "NAMELSAD": "Census Tract 257", "STUSPS": "PA", "NAMELSADCO": "Philadelphia County", "STATE_NAME": "Pennsylvania", "LSAD": "CT", "ALAND": 746915.0, "AWATER": 0.0 }, "geometry": { "type": "MultiPolygon", "coordinates": [ [ [ [ -75.200878, 40.074958 ], [ -75.199786, 40.075366 ], [ -75.199496, 40.07547 ], [ -75.199361, 40.075928 ], [ -75.197601, 40.077991 ], [ -75.190831, 40.074114 ], [ -75.189203, 40.073174 ], [ -75.190626, 40.071989 ], [ -75.193222, 40.06909 ], [ -75.196385, 40.066623 ], [ -75.196741, 40.067365 ], [ -75.197337, 40.067706 ], [ -75.199855, 40.06962 ], [ -75.20079, 40.070707 ], [ -75.202651, 40.073212 ], [ -75.200878, 40.074958 ] ] ] ] } },
{ "type": "Feature", "properties": { "STATEFP": "42", "COUNTYFP": "101", "TRACTCE": "026302", "GEOIDFQ": "1400000US42101026302", "GEOID": "42101026302", "NAME": "263.02", "NAMELSAD": "Census Tract 263.02", "STUSPS": "PA", "NAMELSADCO": "Philadelphia County", "STATE_NAME": "Pennsylvania", "LSAD": "CT", "ALAND": 704112.0, "AWATER": 0.0 }, "geometry": { "type": "MultiPolygon", "coordinates": [ [ [ [ -75.164106, 40.068662 ], [ -75.162035, 40.070685 ], [ -75.161313, 40.071386 ], [ -75.158417, 40.074169 ], [ -75.154076, 40.071732 ], [ -75.151596, 40.070328 ], [ -75.152195, 40.069527 ], [ -75.152602, 40.067646 ], [ -75.153513, 40.064285 ], [ -75.155254, 40.062431 ], [ -75.156726, 40.064442 ], [ -75.159299, 40.065913 ], [ -75.162495, 40.067732 ], [ -75.164106, 40.068662 ] ] ] ] } },
{ "type": "Feature", "properties": { "STATEFP": "42", "COUNTYFP": "101", "TRACTCE": "034801", "GEOIDFQ": "1400000US42101034801", "GEOID": "42101034801", "NAME": "348.01", "NAMELSAD": "Census Tract 348.01", "STUSPS": "PA", "NAMELSADCO": "Philadelphia County", "STATE_NAME": "Pennsylvania", "LSAD": "CT", "ALAND": 1385962.0, "AWATER": 5188.0 }, "geometry": { "type": "MultiPolygon", "coordinates": [ [ [ [ -75.024818, 40.060286 ], [ -75.021992, 40.063113 ], [ -75.021185, 40.061691 ], [ -75.020622, 40.061282 ], [ -75.014444, 40.057424 ], [ -75.012828, 40.056404 ], [ -75.011241, 40.056667 ], [ -75.008639, 40.057773 ], [ -75.008245, 40.057796 ], [ -75.007814, 40.057407 ], [ -75.004795, 40.054747 ], [ -75.012273, 40.048885 ], [ -75.016377, 40.045672 ], [ -75.018502, 40.044081 ], [ -75.019409, 40.046474 ], [ -75.016957, 40.048858 ], [ -75.017076, 40.051198 ], [ -75.018196, 40.052506 ], [ -75.023374, 40.055334 ], [ -75.024345, 40.05644 ], [ -75.024818, 40.060286 ] ] ] ] } },
{ "type": "Feature", "properties": { "STATEFP": "42", "COUNTYFP": "101", "TRACTCE": "027000", "GEOIDFQ": "1400000US42101027000", "GEOID": "42101027000", "NAME": "270", "NAMELSAD": "Census Tract 270", "STUSPS": "PA", "NAMELSADCO": "Philadelphia County", "STATE_NAME": "Pennsylvania", "LSAD": "CT", "ALAND": 642216.0, "AWATER": 0.0 }, "geometry": { "type": "MultiPolygon", "coordinates": [ [ [ [ -75.137767, 40.053112 ], [ -75.130783, 40.052206 ], [ -75.127143, 40.051748 ], [ -75.127488, 40.050217 ], [ -75.128495, 40.045626 ], [ -75.131283, 40.045984 ], [ -75.132121, 40.046018 ], [ -75.134724, 40.046134 ], [ -75.13566, 40.046174 ], [ -75.137529, 40.046805 ], [ -75.139107, 40.047011 ], [ -75.137767, 40.053112 ] ] ] ] } },
{ "type": "Feature", "properties": { "STATEFP": "42", "COUNTYFP": "101", "TRACTCE": "027500", "GEOIDFQ": "1400000US42101027500", "GEOID": "42101027500", "NAME": "275", "NAMELSAD": "Census Tract 275", "STUSPS": "PA", "NAMELSADCO": "Philadelphia County", "STATE_NAME": "Pennsylvania", "LSAD": "CT", "ALAND": 611452.0, "AWATER": 0.0 }, "geometry": { "type": "MultiPolygon", "coordinates": [ [ [ [ -75.134899, 40.040179 ], [ -75.134724, 40.046134 ], [ -75.132121, 40.046018 ], [ -75.131283, 40.045984 ], [ -75.128495, 40.045626 ], [ -75.128834, 40.044086 ], [ -75.129498, 40.041048 ], [ -75.130518, 40.036437 ], [ -75.13129, 40.032818 ], [ -75.135042, 40.033284 ], [ -75.134818, 40.036987 ], [ -75.134472, 40.038514 ], [ -75.135257, 40.03864 ], [ -75.134899, 40.040179 ] ] ] ] } },
{ "type": "Feature", "properties": { "STATEFP": "42", "COUNTYFP": "101", "TRACTCE": "027700", "GEOIDFQ": "1400000US42101027700", "GEOID": "42101027700", "NAME": "277", "NAMELSAD": "Census Tract 277", "STUSPS": "PA", "NAMELSADCO": "Philadelphia County", "STATE_NAME": "Pennsylvania", "LSAD": "CT", "ALAND": 543126.0, "AWATER": 0.0 }, "geometry": { "type": "MultiPolygon", "coordinates": [ [ [ [ -75.157729, 40.052626 ], [ -75.157557, 40.055034 ], [ -75.155554, 40.054074 ], [ -75.155214, 40.053922 ], [ -75.152881, 40.052844 ], [ -75.150142, 40.051578 ], [ -75.148578, 40.051383 ], [ -75.147004, 40.051175 ], [ -75.143841, 40.050771 ], [ -75.142164, 40.050556 ], [ -75.142858, 40.047488 ], [ -75.144959, 40.04868 ], [ -75.147672, 40.048117 ], [ -75.15082, 40.048518 ], [ -75.153235, 40.048842 ], [ -75.154793, 40.048902 ], [ -75.157958, 40.049025 ], [ -75.157729, 40.052626 ] ] ] ] } },
{ "type": "Feature", "properties": { "STATEFP": "42", "COUNTYFP": "101", "TRACTCE": "028000", "GEOIDFQ": "1400000US42101028000", "GEOID": "42101028000", "NAME": "280", "NAMELSAD": "Census Tract 280", "STUSPS": "PA", "NAMELSADCO": "Philadelphia County", "STATE_NAME": "Pennsylvania", "LSAD": "CT", "ALAND": 718347.0, "AWATER": 0.0 }, "geometry": { "type": "MultiPolygon", "coordinates": [ [ [ [ -75.159551, 40.023925 ], [ -75.159033, 40.030316 ], [ -75.158124, 40.030825 ], [ -75.154776, 40.031452 ], [ -75.154034, 40.031564 ], [ -75.152369, 40.031387 ], [ -75.153282, 40.029955 ], [ -75.15152, 40.027556 ], [ -75.151263, 40.027186 ], [ -75.150781, 40.026565 ], [ -75.148245, 40.022959 ], [ -75.148567, 40.021476 ], [ -75.153357, 40.022088 ], [ -75.154929, 40.02229 ], [ -75.157303, 40.022607 ], [ -75.159035, 40.0228 ], [ -75.159214, 40.023192 ], [ -75.159315, 40.02341 ], [ -75.159551, 40.023925 ] ] ] ] } },
{ "type": "Feature", "properties": { "STATEFP": "42", "COUNTYFP": "101", "TRACTCE": "028100", "GEOIDFQ": "1400000US42101028100", "GEOID": "42101028100", "NAME": "281", "NAMELSAD": "Census Tract 281", "STUSPS": "PA", "NAMELSADCO": "Philadelphia County", "STATE_NAME": "Pennsylvania", "LSAD": "CT", "ALAND": 503541.0, "AWATER": 0.0 }, "geometry": { "type": "MultiPolygon", "coordinates": [ [ [ [ -75.152369, 40.031387 ], [ -75.151272, 40.032579 ], [ -75.149859, 40.035827 ], [ -75.145554, 40.035262 ], [ -75.146575, 40.030637 ], [ -75.146705, 40.030127 ], [ -75.14685, 40.029481 ], [ -75.147218, 40.027644 ], [ -75.147555, 40.026138 ], [ -75.148245, 40.022959 ], [ -75.150781, 40.026565 ], [ -75.151263, 40.027186 ], [ -75.15152, 40.027556 ], [ -75.153282, 40.029955 ], [ -75.152369, 40.031387 ] ] ] ] } },
{ "type": "Feature", "properties": { "STATEFP": "42", "COUNTYFP": "101", "TRACTCE": "028200", "GEOIDFQ": "1400000US42101028200", "GEOID": "42101028200", "NAME": "282", "NAMELSAD": "Census Tract 282", "STUSPS": "PA", "NAMELSADCO": "Philadelphia County", "STATE_NAME": "Pennsylvania", "LSAD": "CT", "ALAND": 855786.0, "AWATER": 0.0 }, "geometry": { "type": "MultiPolygon", "coordinates": [ [ [ [ -75.146705, 40.030127 ], [ -75.146575, 40.030637 ], [ -75.145554, 40.035262 ], [ -75.144571, 40.039836 ], [ -75.139212, 40.039146 ], [ -75.135257, 40.03864 ], [ -75.134472, 40.038514 ], [ -75.134818, 40.036987 ], [ -75.135042, 40.033284 ], [ -75.135212, 40.030472 ], [ -75.13506, 40.02915 ], [ -75.135802, 40.029254 ], [ -75.136757, 40.030964 ], [ -75.139304, 40.031288 ], [ -75.141668, 40.0316 ], [ -75.142304, 40.031676 ], [ -75.144284, 40.030814 ], [ -75.14685, 40.029481 ], [ -75.146705, 40.030127 ] ] ] ] } },
{ "type": "Feature", "properties": { "STATEFP": "42", "COUNTYFP": "101", "TRACTCE": "028902", "GEOIDFQ": "1400000US42101028902", "GEOID": "42101028902", "NAME": "289.02", "NAMELSAD": "Census Tract 289.02", "STUSPS": "PA", "NAMELSADCO": "Philadelphia County", "STATE_NAME": "Pennsylvania", "LSAD": "CT", "ALAND": 810472.0, "AWATER": 17644.0 }, "geometry": { "type": "MultiPolygon", "coordinates": [ [ [ [ -75.121843, 40.026155 ], [ -75.117263, 40.026818 ], [ -75.114667, 40.0272 ], [ -75.11288, 40.027457 ], [ -75.11285, 40.027335 ], [ -75.112844, 40.027025 ], [ -75.111393, 40.025282 ], [ -75.111181, 40.023255 ], [ -75.110195, 40.022291 ], [ -75.11004, 40.022264 ], [ -75.106903, 40.023366 ], [ -75.104255, 40.023338 ], [ -75.103167, 40.021001 ], [ -75.104086, 40.019346 ], [ -75.107422, 40.017849 ], [ -75.107152, 40.016728 ], [ -75.107599, 40.016489 ], [ -75.109024, 40.016286 ], [ -75.108678, 40.017942 ], [ -75.113951, 40.018603 ], [ -75.112217, 40.020056 ], [ -75.114099, 40.020291 ], [ -75.116243, 40.020558 ], [ -75.116106, 40.022109 ], [ -75.117959, 40.022349 ], [ -75.120136, 40.022627 ], [ -75.119823, 40.02412 ], [ -75.119735, 40.026017 ], [ -75.122279, 40.02565 ], [ -75.121843, 40.026155 ] ] ] ] } },
{ "type": "Feature", "properties": { "STATEFP": "42", "COUNTYFP": "101", "TRACTCE": "029200", "GEOIDFQ": "1400000US42101029200", "GEOID": "42101029200", "NAME": "292", "NAMELSAD": "Census Tract 292", "STUSPS": "PA", "NAMELSADCO": "Philadelphia County", "STATE_NAME": "Pennsylvania", "LSAD": "CT", "ALAND": 1745920.0, "AWATER": 28444.0 }, "geometry": { "type": "MultiPolygon", "coordinates": [ [ [ [ -75.11288, 40.027457 ], [ -75.111601, 40.027698 ], [ -75.106583, 40.029303 ], [ -75.104331, 40.029981 ], [ -75.102431, 40.029934 ], [ -75.101728, 40.029726 ], [ -75.098696, 40.027853 ], [ -75.096038, 40.026567 ], [ -75.09399, 40.027037 ], [ -75.086551, 40.031133 ], [ -75.085502, 40.031702 ], [ -75.085381, 40.031491 ], [ -75.08508, 40.031266 ], [ -75.086997, 40.029443 ], [ -75.090563, 40.025791 ], [ -75.091879, 40.024435 ], [ -75.092729, 40.023597 ], [ -75.094374, 40.021159 ], [ -75.095897, 40.019604 ], [ -75.096744, 40.01873 ], [ -75.097041, 40.01595 ], [ -75.098803, 40.016345 ], [ -75.10257, 40.015964 ], [ -75.106619, 40.01642 ], [ -75.107152, 40.016728 ], [ -75.107422, 40.017849 ], [ -75.104086, 40.019346 ], [ -75.103167, 40.021001 ], [ -75.104255, 40.023338 ], [ -75.106903, 40.023366 ], [ -75.11004, 40.022264 ], [ -75.110195, 40.022291 ], [ -75.111181, 40.023255 ], [ -75.111393, 40.025282 ], [ -75.112844, 40.027025 ], [ -75.11285, 40.027335 ], [ -75.11288, 40.027457 ] ] ] ] } },
{ "type": "Feature", "properties": { "STATEFP": "42", "COUNTYFP": "101", "TRACTCE": "029800", "GEOIDFQ": "1400000US42101029800", "GEOID": "42101029800", "NAME": "298", "NAMELSAD": "Census Tract 298", "STUSPS": "PA", "NAMELSADCO": "Philadelphia County", "STATE_NAME": "Pennsylvania", "LSAD": "CT", "ALAND": 649154.0, "AWATER": 0.0 }, "geometry": { "type": "MultiPolygon", "coordinates": [ [ [ [ -75.07338, 40.019654 ], [ -75.069087, 40.021904 ], [ -75.068516, 40.021385 ], [ -75.06701, 40.01967 ], [ -75.066116, 40.018648 ], [ -75.065113, 40.017511 ], [ -75.063385, 40.01552 ], [ -75.062519, 40.014542 ], [ -75.061413, 40.013284 ], [ -75.061339, 40.012764 ], [ -75.069508, 40.010798 ], [ -75.069786, 40.011543 ], [ -75.06999, 40.012032 ], [ -75.070429, 40.013167 ], [ -75.070864, 40.014353 ], [ -75.071847, 40.016952 ], [ -75.072575, 40.018868 ], [ -75.07338, 40.019654 ] ] ] ] } },
{ "type": "Feature", "properties": { "STATEFP": "42", "COUNTYFP": "101", "TRACTCE": "029900", "GEOIDFQ": "1400000US42101029900", "GEOID": "42101029900", "NAME": "299", "NAMELSAD": "Census Tract 299", "STUSPS": "PA", "NAMELSADCO": "Philadelphia County", "STATE_NAME": "Pennsylvania", "LSAD": "CT", "ALAND": 591446.0, "AWATER": 0.0 }, "geometry": { "type": "MultiPolygon", "coordinates": [ [ [ [ -75.080857, 40.011903 ], [ -75.079046, 40.013007 ], [ -75.077257, 40.014973 ], [ -75.07505, 40.017159 ], [ -75.074354, 40.018804 ], [ -75.07338, 40.019654 ], [ -75.072575, 40.018868 ], [ -75.071847, 40.016952 ], [ -75.070864, 40.014353 ], [ -75.070429, 40.013167 ], [ -75.06999, 40.012032 ], [ -75.069786, 40.011543 ], [ -75.069508, 40.010798 ], [ -75.070581, 40.010533 ], [ -75.078448, 40.008586 ], [ -75.078749, 40.009878 ], [ -75.079279, 40.010409 ], [ -75.080314, 40.011393 ], [ -75.080857, 40.011903 ] ] ] ] } },
{ "type": "Feature", "properties": { "STATEFP": "42", "COUNTYFP": "101", "TRACTCE": "030600", "GEOIDFQ": "1400000US42101030600", "GEOID": "42101030600", "NAME": "306", "NAMELSAD": "Census Tract 306", "STUSPS": "PA", "NAMELSADCO": "Philadelphia County", "STATE_NAME": "Pennsylvania", "LSAD": "CT", "ALAND": 1007764.0, "AWATER": 0.0 }, "geometry": { "type": "MultiPolygon", "coordinates": [ [ [ [ -75.102413, 40.051792 ], [ -75.100935, 40.052699 ], [ -75.100896, 40.052723 ], [ -75.095078, 40.056091 ], [ -75.093504, 40.057241 ], [ -75.092807, 40.056329 ], [ -75.092131, 40.053178 ], [ -75.088344, 40.051235 ], [ -75.085989, 40.050878 ], [ -75.086165, 40.050024 ], [ -75.086975, 40.048567 ], [ -75.088312, 40.045514 ], [ -75.091098, 40.04706 ], [ -75.091859, 40.047485 ], [ -75.094175, 40.045026 ], [ -75.098017, 40.047096 ], [ -75.099559, 40.047973 ], [ -75.100394, 40.048691 ], [ -75.101335, 40.049539 ], [ -75.10323, 40.051355 ], [ -75.102413, 40.051792 ] ] ] ] } },
{ "type": "Feature", "properties": { "STATEFP": "42", "COUNTYFP": "101", "TRACTCE": "030900", "GEOIDFQ": "1400000US42101030900", "GEOID": "42101030900", "NAME": "309", "NAMELSAD": "Census Tract 309", "STUSPS": "PA", "NAMELSADCO": "Philadelphia County", "STATE_NAME": "Pennsylvania", "LSAD": "CT", "ALAND": 644878.0, "AWATER": 0.0 }, "geometry": { "type": "MultiPolygon", "coordinates": [ [ [ [ -75.088312, 40.045514 ], [ -75.086975, 40.048567 ], [ -75.086165, 40.050024 ], [ -75.082888, 40.048197 ], [ -75.079188, 40.046133 ], [ -75.082674, 40.04242 ], [ -75.084412, 40.039499 ], [ -75.086804, 40.037049 ], [ -75.087852, 40.036111 ], [ -75.088091, 40.03654 ], [ -75.088709, 40.03795 ], [ -75.088184, 40.040767 ], [ -75.088978, 40.044082 ], [ -75.088312, 40.045514 ] ] ] ] } },
{ "type": "Feature", "properties": { "STATEFP": "42", "COUNTYFP": "101", "TRACTCE": "031101", "GEOIDFQ": "1400000US42101031101", "GEOID": "42101031101", "NAME": "311.01", "NAMELSAD": "Census Tract 311.01", "STUSPS": "PA", "NAMELSADCO": "Philadelphia County", "STATE_NAME": "Pennsylvania", "LSAD": "CT", "ALAND": 349649.0, "AWATER": 0.0 }, "geometry": { "type": "MultiPolygon", "coordinates": [ [ [ [ -75.082674, 40.04242 ], [ -75.079188, 40.046133 ], [ -75.077403, 40.045139 ], [ -75.073836, 40.043174 ], [ -75.075452, 40.041477 ], [ -75.076652, 40.040257 ], [ -75.077394, 40.039464 ], [ -75.07862, 40.038205 ], [ -75.082114, 40.040147 ], [ -75.080904, 40.041432 ], [ -75.082674, 40.04242 ] ] ] ] } },
{ "type": "Feature", "properties": { "STATEFP": "42", "COUNTYFP": "101", "TRACTCE": "031401", "GEOIDFQ": "1400000US42101031401", "GEOID": "42101031401", "NAME": "314.01", "NAMELSAD": "Census Tract 314.01", "STUSPS": "PA", "NAMELSADCO": "Philadelphia County", "STATE_NAME": "Pennsylvania", "LSAD": "CT", "ALAND": 594849.0, "AWATER": 0.0 }, "geometry": { "type": "MultiPolygon", "coordinates": [ [ [ [ -75.072645, 40.044394 ], [ -75.070302, 40.046822 ], [ -75.069073, 40.048109 ], [ -75.066045, 40.051181 ], [ -75.061374, 40.048585 ], [ -75.06446, 40.045522 ], [ -75.061926, 40.04411 ], [ -75.063143, 40.042901 ], [ -75.06558, 40.040442 ], [ -75.067663, 40.041634 ], [ -75.068864, 40.042292 ], [ -75.070634, 40.043272 ], [ -75.072645, 40.044394 ] ] ] ] } },
{ "type": "Feature", "properties": { "STATEFP": "42", "COUNTYFP": "101", "TRACTCE": "031700", "GEOIDFQ": "1400000US42101031700", "GEOID": "42101031700", "NAME": "317", "NAMELSAD": "Census Tract 317", "STUSPS": "PA", "NAMELSADCO": "Philadelphia County", "STATE_NAME": "Pennsylvania", "LSAD": "CT", "ALAND": 889536.0, "AWATER": 0.0 }, "geometry": { "type": "MultiPolygon", "coordinates": [ [ [ [ -75.074325, 40.028469 ], [ -75.073733, 40.029784 ], [ -75.072682, 40.031938 ], [ -75.070806, 40.03528 ], [ -75.07016, 40.035425 ], [ -75.064433, 40.036738 ], [ -75.063277, 40.031554 ], [ -75.062828, 40.02941 ], [ -75.062394, 40.027444 ], [ -75.065108, 40.027073 ], [ -75.065403, 40.027033 ], [ -75.067957, 40.026583 ], [ -75.073364, 40.025369 ], [ -75.075488, 40.027071 ], [ -75.074325, 40.028469 ] ] ] ] } },
{ "type": "Feature", "properties": { "STATEFP": "42", "COUNTYFP": "101", "TRACTCE": "032000", "GEOIDFQ": "1400000US42101032000", "GEOID": "42101032000", "NAME": "320", "NAMELSAD": "Census Tract 320", "STUSPS": "PA", "NAMELSADCO": "Philadelphia County", "STATE_NAME": "Pennsylvania", "LSAD": "CT", "ALAND": 680731.0, "AWATER": 0.0 }, "geometry": { "type": "MultiPolygon", "coordinates": [ [ [ [ -75.062394, 40.027444 ], [ -75.062207, 40.027471 ], [ -75.059227, 40.027909 ], [ -75.056872, 40.028943 ], [ -75.056077, 40.029455 ], [ -75.055661, 40.029843 ], [ -75.054054, 40.03118 ], [ -75.053249, 40.0317 ], [ -75.050972, 40.032324 ], [ -75.047453, 40.028294 ], [ -75.051104, 40.026407 ], [ -75.054495, 40.024648 ], [ -75.053604, 40.023615 ], [ -75.055564, 40.022606 ], [ -75.057513, 40.021597 ], [ -75.059761, 40.024161 ], [ -75.062238, 40.026995 ], [ -75.062394, 40.027444 ] ] ] ] } },
{ "type": "Feature", "properties": { "STATEFP": "42", "COUNTYFP": "101", "TRACTCE": "032100", "GEOIDFQ": "1400000US42101032100", "GEOID": "42101032100", "NAME": "321", "NAMELSAD": "Census Tract 321", "STUSPS": "PA", "NAMELSADCO": "Philadelphia County", "STATE_NAME": "Pennsylvania", "LSAD": "CT", "ALAND": 552925.0, "AWATER": 0.0 }, "geometry": { "type": "MultiPolygon", "coordinates": [ [ [ [ -75.065113, 40.017511 ], [ -75.06113, 40.019725 ], [ -75.057513, 40.021597 ], [ -75.055687, 40.019504 ], [ -75.053922, 40.017488 ], [ -75.052816, 40.016119 ], [ -75.056898, 40.014204 ], [ -75.059285, 40.013387 ], [ -75.061339, 40.012764 ], [ -75.061413, 40.013284 ], [ -75.062519, 40.014542 ], [ -75.063385, 40.01552 ], [ -75.065113, 40.017511 ] ] ] ] } },
{ "type": "Feature", "properties": { "STATEFP": "42", "COUNTYFP": "101", "TRACTCE": "032900", "GEOIDFQ": "1400000US42101032900", "GEOID": "42101032900", "NAME": "329", "NAMELSAD": "Census Tract 329", "STUSPS": "PA", "NAMELSADCO": "Philadelphia County", "STATE_NAME": "Pennsylvania", "LSAD": "CT", "ALAND": 922923.0, "AWATER": 10049.0 }, "geometry": { "type": "MultiPolygon", "coordinates": [ [ [ [ -75.033427, 40.039473 ], [ -75.03134, 40.040236 ], [ -75.028257, 40.041363 ], [ -75.02562, 40.042322 ], [ -75.021752, 40.043668 ], [ -75.020499, 40.043542 ], [ -75.022122, 40.038058 ], [ -75.021806, 40.037024 ], [ -75.021906, 40.03451 ], [ -75.021725, 40.033923 ], [ -75.028413, 40.029758 ], [ -75.029706, 40.030947 ], [ -75.02798, 40.031894 ], [ -75.030793, 40.03519 ], [ -75.030905, 40.035358 ], [ -75.032295, 40.037622 ], [ -75.033427, 40.039473 ] ] ] ] } },
{ "type": "Feature", "properties": { "STATEFP": "42", "COUNTYFP": "101", "TRACTCE": "033400", "GEOIDFQ": "1400000US42101033400", "GEOID": "42101033400", "NAME": "334", "NAMELSAD": "Census Tract 334", "STUSPS": "PA", "NAMELSADCO": "Philadelphia County", "STATE_NAME": "Pennsylvania", "LSAD": "CT", "ALAND": 1136240.0, "AWATER": 0.0 }, "geometry": { "type": "MultiPolygon", "coordinates": [ [ [ [ -75.060654, 40.050999 ], [ -75.057125, 40.054722 ], [ -75.053574, 40.058477 ], [ -75.052408, 40.059739 ], [ -75.051677, 40.063082 ], [ -75.050091, 40.06216 ], [ -75.048323, 40.061176 ], [ -75.044507, 40.059365 ], [ -75.04586, 40.057963 ], [ -75.047003, 40.056818 ], [ -75.048291, 40.055538 ], [ -75.050817, 40.052907 ], [ -75.051496, 40.050459 ], [ -75.05195, 40.047436 ], [ -75.052455, 40.046732 ], [ -75.054646, 40.044645 ], [ -75.057048, 40.04603 ], [ -75.059937, 40.047751 ], [ -75.058284, 40.049688 ], [ -75.060654, 40.050999 ] ] ] ] } },
{ "type": "Feature", "properties": { "STATEFP": "42", "COUNTYFP": "101", "TRACTCE": "033702", "GEOIDFQ": "1400000US42101033702", "GEOID": "42101033702", "NAME": "337.02", "NAMELSAD": "Census Tract 337.02", "STUSPS": "PA", "NAMELSADCO": "Philadelphia County", "STATE_NAME": "Pennsylvania", "LSAD": "CT", "ALAND": 1057801.0, "AWATER": 0.0 }, "geometry": { "type": "MultiPolygon", "coordinates": [ [ [ [ -75.068862, 40.071845 ], [ -75.065724, 40.070193 ], [ -75.058503, 40.074804 ], [ -75.05821, 40.074605 ], [ -75.055857, 40.073249 ], [ -75.049347, 40.077036 ], [ -75.048258, 40.077034 ], [ -75.045793, 40.075329 ], [ -75.047467, 40.076419 ], [ -75.051719, 40.072241 ], [ -75.050462, 40.071509 ], [ -75.051875, 40.069988 ], [ -75.052315, 40.068484 ], [ -75.055477, 40.065149 ], [ -75.057477, 40.066268 ], [ -75.059221, 40.067297 ], [ -75.061118, 40.068122 ], [ -75.06304, 40.066143 ], [ -75.067838, 40.068959 ], [ -75.070412, 40.07022 ], [ -75.068862, 40.071845 ] ] ] ] } },
{ "type": "Feature", "properties": { "STATEFP": "42", "COUNTYFP": "101", "TRACTCE": "035302", "GEOIDFQ": "1400000US42101035302", "GEOID": "42101035302", "NAME": "353.02", "NAMELSAD": "Census Tract 353.02", "STUSPS": "PA", "NAMELSADCO": "Philadelphia County", "STATE_NAME": "Pennsylvania", "LSAD": "CT", "ALAND": 1498641.0, "AWATER": 17290.0 }, "geometry": { "type": "MultiPolygon", "coordinates": [ [ [ [ -75.003606, 40.071362 ], [ -75.001465, 40.075148 ], [ -74.998488, 40.078701 ], [ -74.997233, 40.080023 ], [ -74.994348, 40.081681 ], [ -74.990003, 40.077975 ], [ -74.987568, 40.075825 ], [ -74.986886, 40.075332 ], [ -74.984901, 40.07448 ], [ -74.987148, 40.072702 ], [ -74.987857, 40.072829 ], [ -74.993531, 40.071863 ], [ -74.996409, 40.06659 ], [ -74.99873, 40.065828 ], [ -74.998385, 40.064117 ], [ -75.007269, 40.069161 ], [ -75.003606, 40.071362 ] ] ] ] } },
{ "type": "Feature", "properties": { "STATEFP": "42", "COUNTYFP": "101", "TRACTCE": "036400", "GEOIDFQ": "1400000US42101036400", "GEOID": "42101036400", "NAME": "364", "NAMELSAD": "Census Tract 364", "STUSPS": "PA", "NAMELSADCO": "Philadelphia County", "STATE_NAME": "Pennsylvania", "LSAD": "CT", "ALAND": 4488319.0, "AWATER": 8107.0 }, "geometry": { "type": "MultiPolygon", "coordinates": [ [ [ [ -75.005391, 40.114802 ], [ -74.997052, 40.121168 ], [ -74.993533, 40.11868 ], [ -74.987943, 40.123291 ], [ -74.986907, 40.123375 ], [ -74.983432, 40.12362 ], [ -74.982371, 40.119942 ], [ -74.980058, 40.119883 ], [ -74.979132, 40.119343 ], [ -74.975724, 40.120252 ], [ -74.972961, 40.119803 ], [ -74.970178, 40.117004 ], [ -74.969202, 40.116817 ], [ -74.967122, 40.117943 ], [ -74.964991, 40.118635 ], [ -74.96426, 40.117558 ], [ -74.966621, 40.117932 ], [ -74.969758, 40.115927 ], [ -74.970286, 40.113065 ], [ -74.97896, 40.106169 ], [ -74.983393, 40.103684 ], [ -74.981997, 40.102454 ], [ -74.986674, 40.099278 ], [ -74.992199, 40.103978 ], [ -74.997124, 40.108151 ], [ -75.000959, 40.111393 ], [ -75.003554, 40.110847 ], [ -75.005391, 40.114802 ] ] ] ] } },
{ "type": "Feature", "properties": { "STATEFP": "42", "COUNTYFP": "101", "TRACTCE": "014100", "GEOIDFQ": "1400000US42101014100", "GEOID": "42101014100", "NAME": "141", "NAMELSAD": "Census Tract 141", "STUSPS": "PA", "NAMELSADCO": "Philadelphia County", "STATE_NAME": "Pennsylvania", "LSAD": "CT", "ALAND": 562140.0, "AWATER": 0.0 }, "geometry": { "type": "MultiPolygon", "coordinates": [ [ [ [ -75.159237, 39.972384 ], [ -75.158782, 39.974482 ], [ -75.156616, 39.974198 ], [ -75.155341, 39.972725 ], [ -75.152188, 39.972318 ], [ -75.151915, 39.973588 ], [ -75.150315, 39.973382 ], [ -75.146082, 39.972833 ], [ -75.146543, 39.97038 ], [ -75.147146, 39.967126 ], [ -75.153018, 39.968549 ], [ -75.154549, 39.968931 ], [ -75.159702, 39.970202 ], [ -75.159237, 39.972384 ] ] ] ] } },
{ "type": "Feature", "properties": { "STATEFP": "42", "COUNTYFP": "101", "TRACTCE": "017400", "GEOIDFQ": "1400000US42101017400", "GEOID": "42101017400", "NAME": "174", "NAMELSAD": "Census Tract 174", "STUSPS": "PA", "NAMELSADCO": "Philadelphia County", "STATE_NAME": "Pennsylvania", "LSAD": "CT", "ALAND": 353985.0, "AWATER": 0.0 }, "geometry": { "type": "MultiPolygon", "coordinates": [ [ [ [ -75.153782, 39.997718 ], [ -75.15002, 39.999096 ], [ -75.147717, 39.999974 ], [ -75.147404, 39.99924 ], [ -75.146731, 39.997627 ], [ -75.14708, 39.996143 ], [ -75.147461, 39.994656 ], [ -75.147887, 39.993078 ], [ -75.149238, 39.993253 ], [ -75.150813, 39.99346 ], [ -75.152389, 39.993659 ], [ -75.154588, 39.993938 ], [ -75.153782, 39.997718 ] ] ] ] } },
{ "type": "Feature", "properties": { "STATEFP": "42", "COUNTYFP": "101", "TRACTCE": "020600", "GEOIDFQ": "1400000US42101020600", "GEOID": "42101020600", "NAME": "206", "NAMELSAD": "Census Tract 206", "STUSPS": "PA", "NAMELSADCO": "Philadelphia County", "STATE_NAME": "Pennsylvania", "LSAD": "CT", "ALAND": 1295909.0, "AWATER": 56782.0 }, "geometry": { "type": "MultiPolygon", "coordinates": [ [ [ [ -75.191105, 40.021663 ], [ -75.190007, 40.022524 ], [ -75.182456, 40.025343 ], [ -75.181668, 40.025657 ], [ -75.178141, 40.022595 ], [ -75.176861, 40.021501 ], [ -75.174963, 40.019891 ], [ -75.173246, 40.018411 ], [ -75.172342, 40.017604 ], [ -75.174037, 40.016962 ], [ -75.175669, 40.016051 ], [ -75.178229, 40.014435 ], [ -75.182239, 40.011676 ], [ -75.188382, 40.016986 ], [ -75.190034, 40.018727 ], [ -75.192405, 40.020495 ], [ -75.191105, 40.021663 ] ] ] ] } },
{ "type": "Feature", "properties": { "STATEFP": "42", "COUNTYFP": "101", "TRACTCE": "029300", "GEOIDFQ": "1400000US42101029300", "GEOID": "42101029300", "NAME": "293", "NAMELSAD": "Census Tract 293", "STUSPS": "PA", "NAMELSADCO": "Philadelphia County", "STATE_NAME": "Pennsylvania", "LSAD": "CT", "ALAND": 685583.0, "AWATER": 9747.0 }, "geometry": { "type": "MultiPolygon", "coordinates": [ [ [ [ -75.096744, 40.01873 ], [ -75.095897, 40.019604 ], [ -75.09441, 40.019534 ], [ -75.091304, 40.017883 ], [ -75.090325, 40.017356 ], [ -75.086382, 40.015257 ], [ -75.085519, 40.014787 ], [ -75.085818, 40.014448 ], [ -75.087577, 40.012516 ], [ -75.088731, 40.010923 ], [ -75.091815, 40.006007 ], [ -75.092536, 40.005378 ], [ -75.092133, 40.007344 ], [ -75.092574, 40.007932 ], [ -75.094819, 40.009406 ], [ -75.094363, 40.011383 ], [ -75.093531, 40.013395 ], [ -75.0944, 40.014785 ], [ -75.095823, 40.01575 ], [ -75.097041, 40.01595 ], [ -75.096744, 40.01873 ] ] ] ] } },
{ "type": "Feature", "properties": { "STATEFP": "42", "COUNTYFP": "101", "TRACTCE": "002702", "GEOIDFQ": "1400000US42101002702", "GEOID": "42101002702", "NAME": "27.02", "NAMELSAD": "Census Tract 27.02", "STUSPS": "PA", "NAMELSADCO": "Philadelphia County", "STATE_NAME": "Pennsylvania", "LSAD": "CT", "ALAND": 367675.0, "AWATER": 0.0 }, "geometry": { "type": "MultiPolygon", "coordinates": [ [ [ [ -75.152131, 39.928336 ], [ -75.151309, 39.932007 ], [ -75.149728, 39.931793 ], [ -75.14617, 39.931321 ], [ -75.146985, 39.927665 ], [ -75.147842, 39.924015 ], [ -75.149405, 39.924207 ], [ -75.152938, 39.924679 ], [ -75.152131, 39.928336 ] ] ] ] } },
{ "type": "Feature", "properties": { "STATEFP": "42", "COUNTYFP": "101", "TRACTCE": "038000", "GEOIDFQ": "1400000US42101038000", "GEOID": "42101038000", "NAME": "380", "NAMELSAD": "Census Tract 380", "STUSPS": "PA", "NAMELSADCO": "Philadelphia County", "STATE_NAME": "Pennsylvania", "LSAD": "CT", "ALAND": 874362.0, "AWATER": 7008.0 }, "geometry": { "type": "MultiPolygon", "coordinates": [ [ [ [ -75.090154, 40.004148 ], [ -75.087448, 40.006079 ], [ -75.083087, 40.007437 ], [ -75.078448, 40.008586 ], [ -75.070581, 40.010533 ], [ -75.069508, 40.010798 ], [ -75.068938, 40.008779 ], [ -75.072487, 40.008123 ], [ -75.075687, 40.005553 ], [ -75.077476, 40.004139 ], [ -75.079781, 40.002337 ], [ -75.08637, 39.998895 ], [ -75.087933, 40.002829 ], [ -75.090154, 40.004148 ] ] ] ] } },
{ "type": "Feature", "properties": { "STATEFP": "42", "COUNTYFP": "101", "TRACTCE": "038600", "GEOIDFQ": "1400000US42101038600", "GEOID": "42101038600", "NAME": "386", "NAMELSAD": "Census Tract 386", "STUSPS": "PA", "NAMELSADCO": "Philadelphia County", "STATE_NAME": "Pennsylvania", "LSAD": "CT", "ALAND": 3310650.0, "AWATER": 32075.0 }, "geometry": { "type": "MultiPolygon", "coordinates": [ [ [ [ -75.221989, 40.073058 ], [ -75.215385, 40.073257 ], [ -75.211625, 40.070754 ], [ -75.211138, 40.068318 ], [ -75.208933, 40.067015 ], [ -75.209573, 40.066375 ], [ -75.206782, 40.064755 ], [ -75.20615, 40.065376 ], [ -75.204744, 40.064538 ], [ -75.20714, 40.062139 ], [ -75.202545, 40.059884 ], [ -75.201889, 40.056773 ], [ -75.204845, 40.054823 ], [ -75.201462, 40.052316 ], [ -75.196511, 40.049188 ], [ -75.199409, 40.046469 ], [ -75.198988, 40.045271 ], [ -75.200784, 40.043528 ], [ -75.201433, 40.042404 ], [ -75.207005, 40.047063 ], [ -75.207679, 40.047496 ], [ -75.209969, 40.047081 ], [ -75.210272, 40.047688 ], [ -75.213377, 40.049215 ], [ -75.216824, 40.052399 ], [ -75.217903, 40.055401 ], [ -75.213767, 40.056678 ], [ -75.213424, 40.056991 ], [ -75.212549, 40.058425 ], [ -75.214011, 40.0571 ], [ -75.21579, 40.056645 ], [ -75.21733, 40.05789 ], [ -75.217031, 40.059025 ], [ -75.218818, 40.059154 ], [ -75.22054, 40.061923 ], [ -75.219853, 40.062634 ], [ -75.220769, 40.064065 ], [ -75.218506, 40.066949 ], [ -75.21441, 40.06884 ], [ -75.215983, 40.069557 ], [ -75.218898, 40.067813 ], [ -75.222536, 40.071328 ], [ -75.221989, 40.073058 ] ] ] ] } },
{ "type": "Feature", "properties": { "STATEFP": "42", "COUNTYFP": "101", "TRACTCE": "008601", "GEOIDFQ": "1400000US42101008601", "GEOID": "42101008601", "NAME": "86.01", "NAMELSAD": "Census Tract 86.01", "STUSPS": "PA", "NAMELSADCO": "Philadelphia County", "STATE_NAME": "Pennsylvania", "LSAD": "CT", "ALAND": 252482.0, "AWATER": 0.0 }, "geometry": { "type": "MultiPolygon", "coordinates": [ [ [ [ -75.221798, 39.955319 ], [ -75.219823, 39.955076 ], [ -75.215872, 39.954586 ], [ -75.214643, 39.955607 ], [ -75.211677, 39.95524 ], [ -75.211916, 39.954096 ], [ -75.212393, 39.951811 ], [ -75.214373, 39.952053 ], [ -75.21635, 39.952302 ], [ -75.218347, 39.952553 ], [ -75.222279, 39.95304 ], [ -75.221798, 39.955319 ] ] ] ] } },
{ "type": "Feature", "properties": { "STATEFP": "42", "COUNTYFP": "101", "TRACTCE": "037500", "GEOIDFQ": "1400000US42101037500", "GEOID": "42101037500", "NAME": "375", "NAMELSAD": "Census Tract 375", "STUSPS": "PA", "NAMELSADCO": "Philadelphia County", "STATE_NAME": "Pennsylvania", "LSAD": "CT", "ALAND": 1033282.0, "AWATER": 1496.0 }, "geometry": { "type": "MultiPolygon", "coordinates": [ [ [ [ -75.263687, 39.982658 ], [ -75.253999, 39.988304 ], [ -75.251438, 39.989504 ], [ -75.25, 39.99018 ], [ -75.247948, 39.991138 ], [ -75.246904, 39.98985 ], [ -75.246187, 39.989516 ], [ -75.246416, 39.988266 ], [ -75.245478, 39.986619 ], [ -75.247832, 39.985522 ], [ -75.24819, 39.985469 ], [ -75.248991, 39.985109 ], [ -75.248346, 39.982968 ], [ -75.251063, 39.981601 ], [ -75.252544, 39.98077 ], [ -75.253104, 39.98018 ], [ -75.253929, 39.979067 ], [ -75.255918, 39.978122 ], [ -75.257113, 39.983789 ], [ -75.259062, 39.982814 ], [ -75.259471, 39.97978 ], [ -75.261282, 39.978272 ], [ -75.265566, 39.981832 ], [ -75.263687, 39.982658 ] ] ] ] } },
{ "type": "Feature", "properties": { "STATEFP": "42", "COUNTYFP": "101", "TRACTCE": "037800", "GEOIDFQ": "1400000US42101037800", "GEOID": "42101037800", "NAME": "378", "NAMELSAD": "Census Tract 378", "STUSPS": "PA", "NAMELSADCO": "Philadelphia County", "STATE_NAME": "Pennsylvania", "LSAD": "CT", "ALAND": 3764027.0, "AWATER": 1817969.0 }, "geometry": { "type": "MultiPolygon", "coordinates": [ [ [ [ -75.122592, 39.97388 ], [ -75.120992, 39.97547 ], [ -75.119959, 39.975915 ], [ -75.119763, 39.976369 ], [ -75.118611, 39.978879 ], [ -75.117697, 39.980904 ], [ -75.117355, 39.981481 ], [ -75.114768, 39.978568 ], [ -75.113227, 39.976803 ], [ -75.108971, 39.979021 ], [ -75.105976, 39.980595 ], [ -75.101439, 39.982974 ], [ -75.099, 39.98424 ], [ -75.094393, 39.98663 ], [ -75.089616, 39.989064 ], [ -75.08604, 39.990897 ], [ -75.086603, 39.990017 ], [ -75.081387, 39.992731 ], [ -75.080785, 39.993572 ], [ -75.078288, 39.990945 ], [ -75.070716, 39.985097 ], [ -75.067701308462702, 39.9831408685653 ], [ -75.068613695205997, 39.9823941193549 ], [ -75.068802, 39.98224 ], [ -75.075605, 39.978041 ], [ -75.085831, 39.975102 ], [ -75.093718, 39.974412 ], [ -75.094017266272303, 39.9743409290624 ], [ -75.102287, 39.972377 ], [ -75.112706148897601, 39.968091322797399 ], [ -75.119025994855406, 39.965491799553099 ], [ -75.121241, 39.968659 ], [ -75.121476, 39.969251 ], [ -75.121801, 39.969656 ], [ -75.122097, 39.970632 ], [ -75.119617, 39.97295 ], [ -75.120235, 39.97332 ], [ -75.121045, 39.973372 ], [ -75.123489, 39.972651 ], [ -75.122592, 39.97388 ] ] ] ] } },
{ "type": "Feature", "properties": { "STATEFP": "42", "COUNTYFP": "101", "TRACTCE": "023100", "GEOIDFQ": "1400000US42101023100", "GEOID": "42101023100", "NAME": "231", "NAMELSAD": "Census Tract 231", "STUSPS": "PA", "NAMELSADCO": "Philadelphia County", "STATE_NAME": "Pennsylvania", "LSAD": "CT", "ALAND": 732749.0, "AWATER": 1270.0 }, "geometry": { "type": "MultiPolygon", "coordinates": [ [ [ [ -75.208933, 40.067015 ], [ -75.205815, 40.070106 ], [ -75.204166, 40.069595 ], [ -75.204218, 40.071632 ], [ -75.202651, 40.073212 ], [ -75.20079, 40.070707 ], [ -75.199855, 40.06962 ], [ -75.197337, 40.067706 ], [ -75.196741, 40.067365 ], [ -75.196385, 40.066623 ], [ -75.200359, 40.063476 ], [ -75.202475, 40.06265 ], [ -75.202545, 40.059884 ], [ -75.20714, 40.062139 ], [ -75.204744, 40.064538 ], [ -75.20615, 40.065376 ], [ -75.206782, 40.064755 ], [ -75.209573, 40.066375 ], [ -75.208933, 40.067015 ] ] ] ] } },
{ "type": "Feature", "properties": { "STATEFP": "42", "COUNTYFP": "101", "TRACTCE": "980300", "GEOIDFQ": "1400000US42101980300", "GEOID": "42101980300", "NAME": "9803", "NAMELSAD": "Census Tract 9803", "STUSPS": "PA", "NAMELSADCO": "Philadelphia County", "STATE_NAME": "Pennsylvania", "LSAD": "CT", "ALAND": 7596033.0, "AWATER": 22736.0 }, "geometry": { "type": "MultiPolygon", "coordinates": [ [ [ [ -75.028952, 40.080968 ], [ -75.025229, 40.08482 ], [ -75.017575, 40.092754 ], [ -75.017383, 40.092651 ], [ -75.015367, 40.094734 ], [ -75.015528, 40.09486 ], [ -75.014156, 40.096236 ], [ -75.008641, 40.100211 ], [ -75.001796, 40.10493 ], [ -74.995464, 40.099166 ], [ -74.991264, 40.095778 ], [ -74.989094, 40.093928 ], [ -74.98418, 40.089906 ], [ -74.987065, 40.086049 ], [ -74.990155, 40.084052 ], [ -74.994348, 40.081681 ], [ -74.997233, 40.080023 ], [ -74.998488, 40.078701 ], [ -75.001465, 40.075148 ], [ -75.003606, 40.071362 ], [ -75.007269, 40.069161 ], [ -75.01135, 40.071189 ], [ -75.013126, 40.072071 ], [ -75.023713, 40.077994 ], [ -75.028774, 40.080864 ], [ -75.028952, 40.080968 ] ] ] ] } },
{ "type": "Feature", "properties": { "STATEFP": "42", "COUNTYFP": "101", "TRACTCE": "980400", "GEOIDFQ": "1400000US42101980400", "GEOID": "42101980400", "NAME": "9804", "NAMELSAD": "Census Tract 9804", "STUSPS": "PA", "NAMELSADCO": "Philadelphia County", "STATE_NAME": "Pennsylvania", "LSAD": "CT", "ALAND": 2954730.0, "AWATER": 11766.0 }, "geometry": { "type": "MultiPolygon", "coordinates": [ [ [ [ -75.253515, 39.876015 ], [ -75.247108, 39.878228 ], [ -75.245272, 39.879501 ], [ -75.243728, 39.881623 ], [ -75.242047, 39.88596 ], [ -75.239244, 39.889103 ], [ -75.237311, 39.889964 ], [ -75.234591, 39.889852 ], [ -75.233426, 39.889178 ], [ -75.229542, 39.881863 ], [ -75.228554, 39.881073 ], [ -75.223317, 39.883766 ], [ -75.221455, 39.882356 ], [ -75.213969, 39.883692 ], [ -75.212248, 39.883027 ], [ -75.211863, 39.880809 ], [ -75.215787, 39.875052 ], [ -75.215722, 39.876087 ], [ -75.21977, 39.875479 ], [ -75.223763, 39.875858 ], [ -75.229985, 39.876847 ], [ -75.234122, 39.877181 ], [ -75.23637, 39.876187 ], [ -75.24047, 39.872381 ], [ -75.241746, 39.872585 ], [ -75.246824, 39.875142 ], [ -75.248431, 39.876485 ], [ -75.253515, 39.876015 ] ] ] ] } },
{ "type": "Feature", "properties": { "STATEFP": "42", "COUNTYFP": "101", "TRACTCE": "011700", "GEOIDFQ": "1400000US42101011700", "GEOID": "42101011700", "NAME": "117", "NAMELSAD": "Census Tract 117", "STUSPS": "PA", "NAMELSADCO": "Philadelphia County", "STATE_NAME": "Pennsylvania", "LSAD": "CT", "ALAND": 654025.0, "AWATER": 0.0 }, "geometry": { "type": "MultiPolygon", "coordinates": [ [ [ [ -75.247948, 39.991138 ], [ -75.245689, 39.992191 ], [ -75.237331, 39.996128 ], [ -75.235298, 39.99707 ], [ -75.234136, 39.995598 ], [ -75.234027, 39.994736 ], [ -75.233713, 39.992176 ], [ -75.236255, 39.990971 ], [ -75.237785, 39.990669 ], [ -75.238361, 39.990486 ], [ -75.239838, 39.989287 ], [ -75.245478, 39.986619 ], [ -75.246416, 39.988266 ], [ -75.246187, 39.989516 ], [ -75.246904, 39.98985 ], [ -75.247948, 39.991138 ] ] ] ] } },
{ "type": "Feature", "properties": { "STATEFP": "42", "COUNTYFP": "101", "TRACTCE": "000404", "GEOIDFQ": "1400000US42101000404", "GEOID": "42101000404", "NAME": "4.04", "NAMELSAD": "Census Tract 4.04", "STUSPS": "PA", "NAMELSADCO": "Philadelphia County", "STATE_NAME": "Pennsylvania", "LSAD": "CT", "ALAND": 164084.0, "AWATER": 0.0 }, "geometry": { "type": "MultiPolygon", "coordinates": [ [ [ [ -75.173176, 39.953571 ], [ -75.172783, 39.955604 ], [ -75.171134, 39.955394 ], [ -75.16957, 39.955205 ], [ -75.167989, 39.955008 ], [ -75.168444, 39.952975 ], [ -75.168767, 39.951468 ], [ -75.171916, 39.951856 ], [ -75.173489, 39.952052 ], [ -75.173176, 39.953571 ] ] ] ] } },
{ "type": "Feature", "properties": { "STATEFP": "42", "COUNTYFP": "101", "TRACTCE": "000805", "GEOIDFQ": "1400000US42101000805", "GEOID": "42101000805", "NAME": "8.05", "NAMELSAD": "Census Tract 8.05", "STUSPS": "PA", "NAMELSADCO": "Philadelphia County", "STATE_NAME": "Pennsylvania", "LSAD": "CT", "ALAND": 72237.0, "AWATER": 0.0 }, "geometry": { "type": "MultiPolygon", "coordinates": [ [ [ [ -75.170667, 39.950131 ], [ -75.169102, 39.949943 ], [ -75.167517, 39.949744 ], [ -75.16803, 39.947386 ], [ -75.169614, 39.94758 ], [ -75.17118, 39.947784 ], [ -75.170667, 39.950131 ] ] ] ] } },
{ "type": "Feature", "properties": { "STATEFP": "42", "COUNTYFP": "101", "TRACTCE": "013701", "GEOIDFQ": "1400000US42101013701", "GEOID": "42101013701", "NAME": "137.01", "NAMELSAD": "Census Tract 137.01", "STUSPS": "PA", "NAMELSADCO": "Philadelphia County", "STATE_NAME": "Pennsylvania", "LSAD": "CT", "ALAND": 264473.0, "AWATER": 0.0 }, "geometry": { "type": "MultiPolygon", "coordinates": [ [ [ [ -75.189882, 39.977933 ], [ -75.188661, 39.981207 ], [ -75.185497, 39.980804 ], [ -75.183838, 39.980585 ], [ -75.184439, 39.977788 ], [ -75.184945, 39.975479 ], [ -75.185394, 39.973417 ], [ -75.186368, 39.973537 ], [ -75.187121, 39.975035 ], [ -75.188252, 39.976764 ], [ -75.189674, 39.977173 ], [ -75.189716, 39.977273 ], [ -75.189882, 39.977933 ] ] ] ] } },
{ "type": "Feature", "properties": { "STATEFP": "42", "COUNTYFP": "101", "TRACTCE": "001301", "GEOIDFQ": "1400000US42101001301", "GEOID": "42101001301", "NAME": "13.01", "NAMELSAD": "Census Tract 13.01", "STUSPS": "PA", "NAMELSADCO": "Philadelphia County", "STATE_NAME": "Pennsylvania", "LSAD": "CT", "ALAND": 170288.0, "AWATER": 0.0 }, "geometry": { "type": "MultiPolygon", "coordinates": [ [ [ [ -75.186626, 39.940985 ], [ -75.184474, 39.942274 ], [ -75.181002, 39.941863 ], [ -75.177761, 39.941461 ], [ -75.178251, 39.939268 ], [ -75.179839, 39.939478 ], [ -75.181494, 39.939687 ], [ -75.184956, 39.940084 ], [ -75.187445, 39.940364 ], [ -75.186626, 39.940985 ] ] ] ] } },
{ "type": "Feature", "properties": { "STATEFP": "42", "COUNTYFP": "101", "TRACTCE": "018801", "GEOIDFQ": "1400000US42101018801", "GEOID": "42101018801", "NAME": "188.01", "NAMELSAD": "Census Tract 188.01", "STUSPS": "PA", "NAMELSADCO": "Philadelphia County", "STATE_NAME": "Pennsylvania", "LSAD": "CT", "ALAND": 411225.0, "AWATER": 0.0 }, "geometry": { "type": "MultiPolygon", "coordinates": [ [ [ [ -75.111558, 39.997475 ], [ -75.110983, 39.997801 ], [ -75.109848, 39.998436 ], [ -75.106442, 40.000322 ], [ -75.104335, 39.997884 ], [ -75.104043, 39.997555 ], [ -75.102674, 39.996008 ], [ -75.108144, 39.993156 ], [ -75.109709, 39.992334 ], [ -75.111369, 39.994211 ], [ -75.113387, 39.996493 ], [ -75.111558, 39.997475 ] ] ] ] } },
{ "type": "Feature", "properties": { "STATEFP": "42", "COUNTYFP": "101", "TRACTCE": "036901", "GEOIDFQ": "1400000US42101036901", "GEOID": "42101036901", "NAME": "369.01", "NAMELSAD": "Census Tract 369.01", "STUSPS": "PA", "NAMELSADCO": "Philadelphia County", "STATE_NAME": "Pennsylvania", "LSAD": "CT", "ALAND": 973722.0, "AWATER": 113282.0 }, "geometry": { "type": "MultiPolygon", "coordinates": [ [ [ [ -75.207838, 39.941286 ], [ -75.20506, 39.943624 ], [ -75.205373, 39.945058 ], [ -75.207046, 39.946754 ], [ -75.205656, 39.948053 ], [ -75.205167, 39.948522 ], [ -75.200967, 39.949862 ], [ -75.199545, 39.949211 ], [ -75.199519, 39.95022 ], [ -75.195577, 39.949728 ], [ -75.195322, 39.950781 ], [ -75.192587, 39.950446 ], [ -75.191689, 39.95032 ], [ -75.187231, 39.947176 ], [ -75.188299, 39.946409 ], [ -75.191495, 39.943153 ], [ -75.193872, 39.9421 ], [ -75.195234, 39.942217 ], [ -75.196871, 39.94273 ], [ -75.20037, 39.943991 ], [ -75.203156, 39.943591 ], [ -75.204577, 39.942549 ], [ -75.205185, 39.941116 ], [ -75.207099, 39.941281 ], [ -75.207838, 39.941286 ] ] ] ] } },
{ "type": "Feature", "properties": { "STATEFP": "42", "COUNTYFP": "101", "TRACTCE": "980001", "GEOIDFQ": "1400000US42101980001", "GEOID": "42101980001", "NAME": "9800.01", "NAMELSAD": "Census Tract 9800.01", "STUSPS": "PA", "NAMELSADCO": "Philadelphia County", "STATE_NAME": "Pennsylvania", "LSAD": "CT", "ALAND": 2526129.0, "AWATER": 693368.0 }, "geometry": { "type": "MultiPolygon", "coordinates": [ [ [ [ -75.204084, 39.985856 ], [ -75.201107, 39.987635 ], [ -75.193986, 39.995365 ], [ -75.191754, 39.999748 ], [ -75.188447, 40.000272 ], [ -75.186861, 40.000409 ], [ -75.187604, 39.998195 ], [ -75.187555, 39.995829 ], [ -75.186976, 39.994344 ], [ -75.186148, 39.992662 ], [ -75.186713, 39.990215 ], [ -75.187382, 39.98713 ], [ -75.188033, 39.984126 ], [ -75.188661, 39.981207 ], [ -75.189882, 39.977933 ], [ -75.189716, 39.977273 ], [ -75.189674, 39.977173 ], [ -75.188252, 39.976764 ], [ -75.187121, 39.975035 ], [ -75.186368, 39.973537 ], [ -75.185442, 39.971999 ], [ -75.184005, 39.970781 ], [ -75.179683, 39.967416 ], [ -75.177513, 39.965382 ], [ -75.176778, 39.964822 ], [ -75.176219, 39.964409 ], [ -75.175984, 39.964208 ], [ -75.178068, 39.964671 ], [ -75.179494, 39.964518 ], [ -75.181987, 39.964525 ], [ -75.183323, 39.964374 ], [ -75.184976, 39.966129 ], [ -75.191012, 39.970034 ], [ -75.193724, 39.975285 ], [ -75.193985, 39.976132 ], [ -75.198654, 39.978457 ], [ -75.201831, 39.980357 ], [ -75.204417, 39.983169 ], [ -75.204084, 39.985856 ] ] ] ] } },
{ "type": "Feature", "properties": { "STATEFP": "42", "COUNTYFP": "101", "TRACTCE": "012502", "GEOIDFQ": "1400000US42101012502", "GEOID": "42101012502", "NAME": "125.02", "NAMELSAD": "Census Tract 125.02", "STUSPS": "PA", "NAMELSADCO": "Philadelphia County", "STATE_NAME": "Pennsylvania", "LSAD": "CT", "ALAND": 569430.0, "AWATER": 32791.0 }, "geometry": { "type": "MultiPolygon", "coordinates": [ [ [ [ -75.181987, 39.964525 ], [ -75.179494, 39.964518 ], [ -75.178068, 39.964671 ], [ -75.175984, 39.964208 ], [ -75.176219, 39.964409 ], [ -75.172848, 39.963923 ], [ -75.170958, 39.963692 ], [ -75.169378, 39.963498 ], [ -75.167806, 39.963306 ], [ -75.168108, 39.961893 ], [ -75.168429, 39.9604 ], [ -75.168773, 39.958892 ], [ -75.168827, 39.958627 ], [ -75.172002, 39.959007 ], [ -75.175482, 39.959448 ], [ -75.179937, 39.960028 ], [ -75.183323, 39.964374 ], [ -75.181987, 39.964525 ] ] ] ] } },
{ "type": "Feature", "properties": { "STATEFP": "42", "COUNTYFP": "101", "TRACTCE": "036600", "GEOIDFQ": "1400000US42101036600", "GEOID": "42101036600", "NAME": "366", "NAMELSAD": "Census Tract 366", "STUSPS": "PA", "NAMELSADCO": "Philadelphia County", "STATE_NAME": "Pennsylvania", "LSAD": "CT", "ALAND": 1150251.0, "AWATER": 1564128.0 }, "geometry": { "type": "MultiPolygon", "coordinates": [ [ [ [ -75.14617, 39.931321 ], [ -75.145392, 39.933378 ], [ -75.144888, 39.935465 ], [ -75.143877, 39.938784 ], [ -75.144529, 39.938873 ], [ -75.14406, 39.940972 ], [ -75.143335, 39.944306 ], [ -75.142466, 39.948174 ], [ -75.141469, 39.951698 ], [ -75.141612, 39.954246 ], [ -75.141586, 39.955754 ], [ -75.141412, 39.957117 ], [ -75.139954, 39.956928 ], [ -75.138081, 39.962936 ], [ -75.136242, 39.962415 ], [ -75.134545, 39.960597 ], [ -75.136638, 39.960881 ], [ -75.131742, 39.959838 ], [ -75.130218063946202, 39.958593981944198 ], [ -75.132294639853299, 39.956094863148401 ], [ -75.133855, 39.954217 ], [ -75.134193763847605, 39.952926427808002 ], [ -75.134217224701601, 39.952837050131201 ], [ -75.13572, 39.947112 ], [ -75.135835967889903, 39.943285059632998 ], [ -75.136012736620401, 39.937451691526398 ], [ -75.136039935779806, 39.936554119265999 ], [ -75.13612, 39.933912 ], [ -75.135876486486495, 39.932450918918903 ], [ -75.13502, 39.927312 ], [ -75.134974923193298, 39.927216894001901 ], [ -75.134327554977702, 39.925851034156899 ], [ -75.140261, 39.926353 ], [ -75.141509, 39.927445 ], [ -75.146985, 39.927665 ], [ -75.14617, 39.931321 ] ] ] ] } },
{ "type": "Feature", "properties": { "STATEFP": "42", "COUNTYFP": "101", "TRACTCE": "005600", "GEOIDFQ": "1400000US42101005600", "GEOID": "42101005600", "NAME": "56", "NAMELSAD": "Census Tract 56", "STUSPS": "PA", "NAMELSADCO": "Philadelphia County", "STATE_NAME": "Pennsylvania", "LSAD": "CT", "ALAND": 840413.0, "AWATER": 0.0 }, "geometry": { "type": "MultiPolygon", "coordinates": [ [ [ [ -75.249109, 39.901113 ], [ -75.247308, 39.902282 ], [ -75.244985, 39.903178 ], [ -75.240576, 39.904062 ], [ -75.240331, 39.904113 ], [ -75.238643, 39.898691 ], [ -75.243752, 39.893025 ], [ -75.252349, 39.897618 ], [ -75.249109, 39.901113 ] ] ] ] } },
{ "type": "Feature", "properties": { "STATEFP": "42", "COUNTYFP": "101", "TRACTCE": "035100", "GEOIDFQ": "1400000US42101035100", "GEOID": "42101035100", "NAME": "351", "NAMELSAD": "Census Tract 351", "STUSPS": "PA", "NAMELSADCO": "Philadelphia County", "STATE_NAME": "Pennsylvania", "LSAD": "CT", "ALAND": 997445.0, "AWATER": 451894.0 }, "geometry": { "type": "MultiPolygon", "coordinates": [ [ [ [ -74.99627, 40.047202 ], [ -74.986873, 40.052097 ], [ -74.984098, 40.054782 ], [ -74.983904, 40.054994 ], [ -74.983194, 40.054223 ], [ -74.982022, 40.053727 ], [ -74.979695, 40.053399 ], [ -74.974784, 40.049316 ], [ -74.973935337124601, 40.048038036366997 ], [ -74.977435, 40.045714 ], [ -74.9777037117411, 40.045516262519101 ], [ -74.981611528314403, 40.042640609219298 ], [ -74.982796192472705, 40.041768847883503 ], [ -74.984878966249497, 40.040236192710999 ], [ -74.986814312427896, 40.038812025399203 ], [ -74.990302, 40.042377 ], [ -74.99627, 40.047202 ] ] ] ] } },
{ "type": "Feature", "properties": { "STATEFP": "42", "COUNTYFP": "101", "TRACTCE": "036502", "GEOIDFQ": "1400000US42101036502", "GEOID": "42101036502", "NAME": "365.02", "NAMELSAD": "Census Tract 365.02", "STUSPS": "PA", "NAMELSADCO": "Philadelphia County", "STATE_NAME": "Pennsylvania", "LSAD": "CT", "ALAND": 1697777.0, "AWATER": 0.0 }, "geometry": { "type": "MultiPolygon", "coordinates": [ [ [ [ -75.010453, 40.120681 ], [ -75.00527, 40.12605 ], [ -75.005095, 40.128198 ], [ -75.003255, 40.131012 ], [ -74.997885, 40.127816 ], [ -74.993894, 40.131883 ], [ -74.992751, 40.130606 ], [ -74.994407, 40.127278 ], [ -74.994167, 40.126094 ], [ -74.989156, 40.126162 ], [ -74.986907, 40.123375 ], [ -74.987943, 40.123291 ], [ -74.993533, 40.11868 ], [ -74.997052, 40.121168 ], [ -75.005391, 40.114802 ], [ -75.006991, 40.118599 ], [ -75.008712, 40.119612 ], [ -75.010453, 40.120681 ] ] ] ] } },
{ "type": "Feature", "properties": { "STATEFP": "42", "COUNTYFP": "101", "TRACTCE": "004202", "GEOIDFQ": "1400000US42101004202", "GEOID": "42101004202", "NAME": "42.02", "NAMELSAD": "Census Tract 42.02", "STUSPS": "PA", "NAMELSADCO": "Philadelphia County", "STATE_NAME": "Pennsylvania", "LSAD": "CT", "ALAND": 453345.0, "AWATER": 0.0 }, "geometry": { "type": "MultiPolygon", "coordinates": [ [ [ [ -75.156139, 39.917515 ], [ -75.155865, 39.918755 ], [ -75.155597, 39.920013 ], [ -75.150461, 39.919345 ], [ -75.148079, 39.919035 ], [ -75.146538, 39.91884 ], [ -75.147091, 39.916341 ], [ -75.147357, 39.91509 ], [ -75.148124, 39.913772 ], [ -75.156708, 39.914869 ], [ -75.156139, 39.917515 ] ] ] ] } },
{ "type": "Feature", "properties": { "STATEFP": "42", "COUNTYFP": "101", "TRACTCE": "008702", "GEOIDFQ": "1400000US42101008702", "GEOID": "42101008702", "NAME": "87.02", "NAMELSAD": "Census Tract 87.02", "STUSPS": "PA", "NAMELSADCO": "Philadelphia County", "STATE_NAME": "Pennsylvania", "LSAD": "CT", "ALAND": 283544.0, "AWATER": 0.0 }, "geometry": { "type": "MultiPolygon", "coordinates": [ [ [ [ -75.209264, 39.952522 ], [ -75.208999, 39.953733 ], [ -75.208761, 39.95488 ], [ -75.2086, 39.955636 ], [ -75.208128, 39.957915 ], [ -75.204145, 39.957422 ], [ -75.204933, 39.955181 ], [ -75.205092, 39.954419 ], [ -75.205334, 39.95328 ], [ -75.20546, 39.952682 ], [ -75.205802, 39.950985 ], [ -75.205759, 39.949832 ], [ -75.208044, 39.949748 ], [ -75.209259, 39.949541 ], [ -75.209326, 39.951436 ], [ -75.209264, 39.952522 ] ] ] ] } },
{ "type": "Feature", "properties": { "STATEFP": "42", "COUNTYFP": "101", "TRACTCE": "010800", "GEOIDFQ": "1400000US42101010800", "GEOID": "42101010800", "NAME": "108", "NAMELSAD": "Census Tract 108", "STUSPS": "PA", "NAMELSADCO": "Philadelphia County", "STATE_NAME": "Pennsylvania", "LSAD": "CT", "ALAND": 585732.0, "AWATER": 0.0 }, "geometry": { "type": "MultiPolygon", "coordinates": [ [ [ [ -75.203722, 39.970929 ], [ -75.201219, 39.970214 ], [ -75.192308, 39.967724 ], [ -75.192139, 39.966888 ], [ -75.19531, 39.968045 ], [ -75.194727, 39.964903 ], [ -75.194297, 39.962607 ], [ -75.197197, 39.962287 ], [ -75.199436, 39.962042 ], [ -75.202235, 39.961643 ], [ -75.20236, 39.962859 ], [ -75.202342, 39.963137 ], [ -75.20264, 39.965169 ], [ -75.203258, 39.968447 ], [ -75.203722, 39.970929 ] ] ] ] } },
{ "type": "Feature", "properties": { "STATEFP": "42", "COUNTYFP": "101", "TRACTCE": "011900", "GEOIDFQ": "1400000US42101011900", "GEOID": "42101011900", "NAME": "119", "NAMELSAD": "Census Tract 119", "STUSPS": "PA", "NAMELSADCO": "Philadelphia County", "STATE_NAME": "Pennsylvania", "LSAD": "CT", "ALAND": 690906.0, "AWATER": 0.0 }, "geometry": { "type": "MultiPolygon", "coordinates": [ [ [ [ -75.233672, 39.991882 ], [ -75.225662, 39.991469 ], [ -75.225699, 39.989626 ], [ -75.225891, 39.988131 ], [ -75.225109, 39.987582 ], [ -75.225573, 39.987151 ], [ -75.227057, 39.982691 ], [ -75.226202, 39.981608 ], [ -75.224066, 39.981508 ], [ -75.2263, 39.977951 ], [ -75.228471, 39.97896 ], [ -75.228792, 39.980705 ], [ -75.2301, 39.981556 ], [ -75.230791, 39.982516 ], [ -75.231866, 39.985877 ], [ -75.232136, 39.986635 ], [ -75.23267, 39.988155 ], [ -75.232932, 39.988934 ], [ -75.233528, 39.990653 ], [ -75.233672, 39.991882 ] ] ] ] } },
{ "type": "Feature", "properties": { "STATEFP": "42", "COUNTYFP": "101", "TRACTCE": "012204", "GEOIDFQ": "1400000US42101012204", "GEOID": "42101012204", "NAME": "122.04", "NAMELSAD": "Census Tract 122.04", "STUSPS": "PA", "NAMELSADCO": "Philadelphia County", "STATE_NAME": "Pennsylvania", "LSAD": "CT", "ALAND": 879459.0, "AWATER": 56473.0 }, "geometry": { "type": "MultiPolygon", "coordinates": [ [ [ [ -75.220665, 40.003944 ], [ -75.213745, 40.00716 ], [ -75.213533, 40.006646 ], [ -75.21403, 40.005079 ], [ -75.215355, 40.001244 ], [ -75.209385, 40.002429 ], [ -75.208252, 40.002621 ], [ -75.206376, 40.002918 ], [ -75.203194, 40.003393 ], [ -75.202057, 40.004729 ], [ -75.200868, 40.004432 ], [ -75.20412, 40.000328 ], [ -75.205488, 40.000902 ], [ -75.206695, 39.999167 ], [ -75.20728, 39.999054 ], [ -75.216331, 39.995826 ], [ -75.217994, 39.994223 ], [ -75.21828, 39.995318 ], [ -75.219551, 39.999839 ], [ -75.220665, 40.003944 ] ] ] ] } },
{ "type": "Feature", "properties": { "STATEFP": "42", "COUNTYFP": "101", "TRACTCE": "016702", "GEOIDFQ": "1400000US42101016702", "GEOID": "42101016702", "NAME": "167.02", "NAMELSAD": "Census Tract 167.02", "STUSPS": "PA", "NAMELSADCO": "Philadelphia County", "STATE_NAME": "Pennsylvania", "LSAD": "CT", "ALAND": 355103.0, "AWATER": 0.0 }, "geometry": { "type": "MultiPolygon", "coordinates": [ [ [ [ -75.160695, 39.988495 ], [ -75.160365, 39.989991 ], [ -75.160044, 39.991473 ], [ -75.159721, 39.992971 ], [ -75.159366, 39.994525 ], [ -75.157791, 39.994342 ], [ -75.154588, 39.993938 ], [ -75.15495, 39.992353 ], [ -75.155593, 39.989369 ], [ -75.155934, 39.987877 ], [ -75.156275, 39.986283 ], [ -75.157899, 39.986492 ], [ -75.161032, 39.986907 ], [ -75.160695, 39.988495 ] ] ] ] } },
{ "type": "Feature", "properties": { "STATEFP": "42", "COUNTYFP": "101", "TRACTCE": "018400", "GEOIDFQ": "1400000US42101018400", "GEOID": "42101018400", "NAME": "184", "NAMELSAD": "Census Tract 184", "STUSPS": "PA", "NAMELSADCO": "Philadelphia County", "STATE_NAME": "Pennsylvania", "LSAD": "CT", "ALAND": 1320301.0, "AWATER": 930651.0 }, "geometry": { "type": "MultiPolygon", "coordinates": [ [ [ [ -75.075687, 40.005553 ], [ -75.072487, 40.008123 ], [ -75.068938, 40.008779 ], [ -75.068625, 40.007644 ], [ -75.067696, 40.005333 ], [ -75.064579, 40.006194 ], [ -75.063056, 40.006098 ], [ -75.062126, 40.006643 ], [ -75.058457, 40.004988 ], [ -75.053770533914999, 40.004008929767998 ], [ -75.058089, 39.997404 ], [ -75.059647, 39.992145 ], [ -75.060112524315201, 39.9915160075617 ], [ -75.064175, 39.986027 ], [ -75.065442755749004, 39.984989396580602 ], [ -75.069431, 39.986496 ], [ -75.072258, 39.990202 ], [ -75.067864, 39.992483 ], [ -75.065458, 39.99498 ], [ -75.069049, 39.999566 ], [ -75.070175, 40.00106 ], [ -75.070609, 40.001652 ], [ -75.073149, 40.001517 ], [ -75.075687, 40.005553 ] ] ] ] } },
{ "type": "Feature", "properties": { "STATEFP": "42", "COUNTYFP": "101", "TRACTCE": "020000", "GEOIDFQ": "1400000US42101020000", "GEOID": "42101020000", "NAME": "200", "NAMELSAD": "Census Tract 200", "STUSPS": "PA", "NAMELSADCO": "Philadelphia County", "STATE_NAME": "Pennsylvania", "LSAD": "CT", "ALAND": 316769.0, "AWATER": 0.0 }, "geometry": { "type": "MultiPolygon", "coordinates": [ [ [ [ -75.153609, 39.998515 ], [ -75.152926, 40.001592 ], [ -75.152549, 40.003181 ], [ -75.151603, 40.007665 ], [ -75.151246, 40.009279 ], [ -75.151067, 40.010036 ], [ -75.148817, 40.002698 ], [ -75.148148, 40.000987 ], [ -75.147717, 39.999974 ], [ -75.15002, 39.999096 ], [ -75.153782, 39.997718 ], [ -75.153609, 39.998515 ] ] ] ] } },
{ "type": "Feature", "properties": { "STATEFP": "42", "COUNTYFP": "101", "TRACTCE": "023600", "GEOIDFQ": "1400000US42101023600", "GEOID": "42101023600", "NAME": "236", "NAMELSAD": "Census Tract 236", "STUSPS": "PA", "NAMELSADCO": "Philadelphia County", "STATE_NAME": "Pennsylvania", "LSAD": "CT", "ALAND": 978079.0, "AWATER": 0.0 }, "geometry": { "type": "MultiPolygon", "coordinates": [ [ [ [ -75.200784, 40.043528 ], [ -75.198988, 40.045271 ], [ -75.199409, 40.046469 ], [ -75.196511, 40.049188 ], [ -75.194491, 40.051466 ], [ -75.194083, 40.051633 ], [ -75.194411, 40.050637 ], [ -75.192123, 40.047679 ], [ -75.192106, 40.047163 ], [ -75.193091, 40.04459 ], [ -75.189479, 40.042307 ], [ -75.187315, 40.040929 ], [ -75.188797, 40.03948 ], [ -75.190987, 40.037353 ], [ -75.193127, 40.035381 ], [ -75.201433, 40.042404 ], [ -75.200784, 40.043528 ] ] ] ] } },
{ "type": "Feature", "properties": { "STATEFP": "42", "COUNTYFP": "101", "TRACTCE": "026000", "GEOIDFQ": "1400000US42101026000", "GEOID": "42101026000", "NAME": "260", "NAMELSAD": "Census Tract 260", "STUSPS": "PA", "NAMELSADCO": "Philadelphia County", "STATE_NAME": "Pennsylvania", "LSAD": "CT", "ALAND": 543433.0, "AWATER": 0.0 }, "geometry": { "type": "MultiPolygon", "coordinates": [ [ [ [ -75.174171, 40.076549 ], [ -75.172621, 40.078103 ], [ -75.169914, 40.080818 ], [ -75.163399, 40.07695 ], [ -75.166062, 40.074338 ], [ -75.167097, 40.07332 ], [ -75.16899, 40.071473 ], [ -75.171716, 40.073039 ], [ -75.17394, 40.07431 ], [ -75.175509, 40.075214 ], [ -75.174171, 40.076549 ] ] ] ] } },
{ "type": "Feature", "properties": { "STATEFP": "42", "COUNTYFP": "101", "TRACTCE": "027600", "GEOIDFQ": "1400000US42101027600", "GEOID": "42101027600", "NAME": "276", "NAMELSAD": "Census Tract 276", "STUSPS": "PA", "NAMELSADCO": "Philadelphia County", "STATE_NAME": "Pennsylvania", "LSAD": "CT", "ALAND": 658885.0, "AWATER": 0.0 }, "geometry": { "type": "MultiPolygon", "coordinates": [ [ [ [ -75.144302, 40.04109 ], [ -75.144224, 40.041381 ], [ -75.143547, 40.044426 ], [ -75.142858, 40.047488 ], [ -75.139107, 40.047011 ], [ -75.137529, 40.046805 ], [ -75.13566, 40.046174 ], [ -75.134724, 40.046134 ], [ -75.134899, 40.040179 ], [ -75.135257, 40.03864 ], [ -75.139212, 40.039146 ], [ -75.144571, 40.039836 ], [ -75.144302, 40.04109 ] ] ] ] } },
{ "type": "Feature", "properties": { "STATEFP": "42", "COUNTYFP": "101", "TRACTCE": "028600", "GEOIDFQ": "1400000US42101028600", "GEOID": "42101028600", "NAME": "286", "NAMELSAD": "Census Tract 286", "STUSPS": "PA", "NAMELSADCO": "Philadelphia County", "STATE_NAME": "Pennsylvania", "LSAD": "CT", "ALAND": 666562.0, "AWATER": 0.0 }, "geometry": { "type": "MultiPolygon", "coordinates": [ [ [ [ -75.133167, 40.024299 ], [ -75.132174, 40.028772 ], [ -75.13129, 40.032818 ], [ -75.128428, 40.032472 ], [ -75.125196, 40.032305 ], [ -75.124167, 40.032575 ], [ -75.1236, 40.032771 ], [ -75.121964, 40.03373 ], [ -75.121711, 40.03347 ], [ -75.122727, 40.029151 ], [ -75.12342, 40.02593 ], [ -75.125387, 40.025647 ], [ -75.128126, 40.025222 ], [ -75.13061, 40.024699 ], [ -75.133207, 40.024144 ], [ -75.133167, 40.024299 ] ] ] ] } },
{ "type": "Feature", "properties": { "STATEFP": "42", "COUNTYFP": "101", "TRACTCE": "030000", "GEOIDFQ": "1400000US42101030000", "GEOID": "42101030000", "NAME": "300", "NAMELSAD": "Census Tract 300", "STUSPS": "PA", "NAMELSADCO": "Philadelphia County", "STATE_NAME": "Pennsylvania", "LSAD": "CT", "ALAND": 910853.0, "AWATER": 0.0 }, "geometry": { "type": "MultiPolygon", "coordinates": [ [ [ [ -75.086382, 40.015257 ], [ -75.083508, 40.018365 ], [ -75.081309, 40.02076 ], [ -75.080281, 40.021866 ], [ -75.078163, 40.022361 ], [ -75.07684, 40.023257 ], [ -75.075622, 40.024074 ], [ -75.073963, 40.025073 ], [ -75.073364, 40.025369 ], [ -75.069087, 40.021904 ], [ -75.07338, 40.019654 ], [ -75.074354, 40.018804 ], [ -75.07505, 40.017159 ], [ -75.077257, 40.014973 ], [ -75.079046, 40.013007 ], [ -75.080857, 40.011903 ], [ -75.0817, 40.012736 ], [ -75.085519, 40.014787 ], [ -75.086382, 40.015257 ] ] ] ] } },
{ "type": "Feature", "properties": { "STATEFP": "42", "COUNTYFP": "101", "TRACTCE": "031900", "GEOIDFQ": "1400000US42101031900", "GEOID": "42101031900", "NAME": "319", "NAMELSAD": "Census Tract 319", "STUSPS": "PA", "NAMELSADCO": "Philadelphia County", "STATE_NAME": "Pennsylvania", "LSAD": "CT", "ALAND": 773215.0, "AWATER": 0.0 }, "geometry": { "type": "MultiPolygon", "coordinates": [ [ [ [ -75.073364, 40.025369 ], [ -75.067957, 40.026583 ], [ -75.065403, 40.027033 ], [ -75.065108, 40.027073 ], [ -75.062394, 40.027444 ], [ -75.062238, 40.026995 ], [ -75.059761, 40.024161 ], [ -75.057513, 40.021597 ], [ -75.06113, 40.019725 ], [ -75.065113, 40.017511 ], [ -75.066116, 40.018648 ], [ -75.06701, 40.01967 ], [ -75.068516, 40.021385 ], [ -75.069087, 40.021904 ], [ -75.073364, 40.025369 ] ] ] ] } },
{ "type": "Feature", "properties": { "STATEFP": "42", "COUNTYFP": "101", "TRACTCE": "034502", "GEOIDFQ": "1400000US42101034502", "GEOID": "42101034502", "NAME": "345.02", "NAMELSAD": "Census Tract 345.02", "STUSPS": "PA", "NAMELSADCO": "Philadelphia County", "STATE_NAME": "Pennsylvania", "LSAD": "CT", "ALAND": 1021734.0, "AWATER": 0.0 }, "geometry": { "type": "MultiPolygon", "coordinates": [ [ [ [ -75.047286, 40.082932 ], [ -75.041488, 40.087338 ], [ -75.040877, 40.086966 ], [ -75.039509, 40.085702 ], [ -75.0384, 40.084472 ], [ -75.037498, 40.085459 ], [ -75.028952, 40.080968 ], [ -75.035087, 40.074617 ], [ -75.03536, 40.074939 ], [ -75.036758, 40.079083 ], [ -75.040252, 40.079994 ], [ -75.04312, 40.077166 ], [ -75.043154, 40.078466 ], [ -75.045593, 40.078487 ], [ -75.044809, 40.079715 ], [ -75.046249, 40.081459 ], [ -75.047286, 40.082932 ] ] ] ] } },
{ "type": "Feature", "properties": { "STATEFP": "42", "COUNTYFP": "101", "TRACTCE": "034803", "GEOIDFQ": "1400000US42101034803", "GEOID": "42101034803", "NAME": "348.03", "NAMELSAD": "Census Tract 348.03", "STUSPS": "PA", "NAMELSADCO": "Philadelphia County", "STATE_NAME": "Pennsylvania", "LSAD": "CT", "ALAND": 1271528.0, "AWATER": 8028.0 }, "geometry": { "type": "MultiPolygon", "coordinates": [ [ [ [ -75.009331, 40.065812 ], [ -75.008788, 40.06735 ], [ -75.008128, 40.068585 ], [ -75.007269, 40.069161 ], [ -74.998385, 40.064117 ], [ -74.995336, 40.062382 ], [ -74.995269, 40.062344 ], [ -74.991709, 40.061095 ], [ -74.990432, 40.060396 ], [ -74.991254, 40.059949 ], [ -74.998259, 40.05808 ], [ -75.001181, 40.057232 ], [ -75.004795, 40.054747 ], [ -75.007814, 40.057407 ], [ -75.008245, 40.057796 ], [ -75.008621, 40.058224 ], [ -75.008801, 40.058401 ], [ -75.009421, 40.061365 ], [ -75.009331, 40.065812 ] ] ] ] } },
{ "type": "Feature", "properties": { "STATEFP": "42", "COUNTYFP": "101", "TRACTCE": "035800", "GEOIDFQ": "1400000US42101035800", "GEOID": "42101035800", "NAME": "358", "NAMELSAD": "Census Tract 358", "STUSPS": "PA", "NAMELSADCO": "Philadelphia County", "STATE_NAME": "Pennsylvania", "LSAD": "CT", "ALAND": 1757642.0, "AWATER": 2013.0 }, "geometry": { "type": "MultiPolygon", "coordinates": [ [ [ [ -75.037842, 40.120213 ], [ -75.033263, 40.123385 ], [ -75.024891, 40.129216 ], [ -75.021931, 40.127467 ], [ -75.015384, 40.123599 ], [ -75.018005, 40.118909 ], [ -75.018457, 40.118119 ], [ -75.023041, 40.112998 ], [ -75.027231, 40.115422 ], [ -75.028062, 40.1157 ], [ -75.02923, 40.11597 ], [ -75.036495, 40.12039 ], [ -75.037842, 40.120213 ] ] ] ] } },
{ "type": "Feature", "properties": { "STATEFP": "42", "COUNTYFP": "101", "TRACTCE": "034702", "GEOIDFQ": "1400000US42101034702", "GEOID": "42101034702", "NAME": "347.02", "NAMELSAD": "Census Tract 347.02", "STUSPS": "PA", "NAMELSADCO": "Philadelphia County", "STATE_NAME": "Pennsylvania", "LSAD": "CT", "ALAND": 1032346.0, "AWATER": 0.0 }, "geometry": { "type": "MultiPolygon", "coordinates": [ [ [ [ -75.036467, 40.053965 ], [ -75.035062, 40.057327 ], [ -75.03433, 40.057067 ], [ -75.033734, 40.056884 ], [ -75.029032, 40.056399 ], [ -75.028756, 40.056781 ], [ -75.029004, 40.057795 ], [ -75.028016, 40.060725 ], [ -75.028512, 40.06684 ], [ -75.028256, 40.067314 ], [ -75.022217, 40.06352 ], [ -75.021707, 40.063392 ], [ -75.021992, 40.063113 ], [ -75.024818, 40.060286 ], [ -75.024345, 40.05644 ], [ -75.023374, 40.055334 ], [ -75.02425, 40.053991 ], [ -75.022732, 40.052387 ], [ -75.023759, 40.051269 ], [ -75.025342, 40.05065 ], [ -75.026753, 40.050779 ], [ -75.031695, 40.051607 ], [ -75.032754, 40.052569 ], [ -75.036019, 40.051602 ], [ -75.036467, 40.053965 ] ] ] ] } },
{ "type": "Feature", "properties": { "STATEFP": "42", "COUNTYFP": "101", "TRACTCE": "037300", "GEOIDFQ": "1400000US42101037300", "GEOID": "42101037300", "NAME": "373", "NAMELSAD": "Census Tract 373", "STUSPS": "PA", "NAMELSADCO": "Philadelphia County", "STATE_NAME": "Pennsylvania", "LSAD": "CT", "ALAND": 2597401.0, "AWATER": 135359.0 }, "geometry": { "type": "MultiPolygon", "coordinates": [ [ [ [ -75.193987, 39.905633 ], [ -75.192285, 39.906428 ], [ -75.190285, 39.915588 ], [ -75.19022, 39.915884 ], [ -75.18901, 39.914556 ], [ -75.181884, 39.913517 ], [ -75.177806, 39.91309 ], [ -75.172253, 39.912388 ], [ -75.171928, 39.912348 ], [ -75.169806, 39.911326 ], [ -75.17081, 39.908594 ], [ -75.173234, 39.908002 ], [ -75.178512, 39.90867 ], [ -75.1828, 39.909208 ], [ -75.183387, 39.906617 ], [ -75.174141, 39.905433 ], [ -75.173536, 39.90539 ], [ -75.174808, 39.899179 ], [ -75.174959, 39.898488 ], [ -75.176562, 39.898666 ], [ -75.187183, 39.896682 ], [ -75.189993, 39.89681 ], [ -75.19194, 39.896089 ], [ -75.193809, 39.90002 ], [ -75.193652, 39.902387 ], [ -75.193465, 39.903433 ], [ -75.193987, 39.905633 ] ] ] ] } },
{ "type": "Feature", "properties": { "STATEFP": "42", "COUNTYFP": "101", "TRACTCE": "020800", "GEOIDFQ": "1400000US42101020800", "GEOID": "42101020800", "NAME": "208", "NAMELSAD": "Census Tract 208", "STUSPS": "PA", "NAMELSADCO": "Philadelphia County", "STATE_NAME": "Pennsylvania", "LSAD": "CT", "ALAND": 895387.0, "AWATER": 0.0 }, "geometry": { "type": "MultiPolygon", "coordinates": [ [ [ [ -75.202422, 40.015804 ], [ -75.197636, 40.021461 ], [ -75.193308, 40.024091 ], [ -75.193231, 40.024996 ], [ -75.187462, 40.0285 ], [ -75.185463, 40.028875 ], [ -75.183544, 40.027265 ], [ -75.181668, 40.025657 ], [ -75.182456, 40.025343 ], [ -75.190007, 40.022524 ], [ -75.191105, 40.021663 ], [ -75.192405, 40.020495 ], [ -75.200278, 40.013708 ], [ -75.201086, 40.012929 ], [ -75.206139, 40.014753 ], [ -75.202422, 40.015804 ] ] ] ] } },
{ "type": "Feature", "properties": { "STATEFP": "42", "COUNTYFP": "101", "TRACTCE": "989100", "GEOIDFQ": "1400000US42101989100", "GEOID": "42101989100", "NAME": "9891", "NAMELSAD": "Census Tract 9891", "STUSPS": "PA", "NAMELSADCO": "Philadelphia County", "STATE_NAME": "Pennsylvania", "LSAD": "CT", "ALAND": 2785522.0, "AWATER": 1362058.0 }, "geometry": { "type": "MultiPolygon", "coordinates": [ [ [ [ -75.022508, 40.030832 ], [ -75.017973, 40.033361 ], [ -75.018617, 40.033655 ], [ -75.021725, 40.033923 ], [ -75.021906, 40.03451 ], [ -75.021806, 40.037024 ], [ -75.01783, 40.039076 ], [ -75.016212, 40.039914 ], [ -75.012541, 40.038027 ], [ -75.011038, 40.038599 ], [ -75.010099, 40.039038 ], [ -75.006278, 40.041155 ], [ -74.99627, 40.047202 ], [ -74.990302, 40.042377 ], [ -74.986814312427896, 40.038812025399203 ], [ -74.988884, 40.037289 ], [ -74.990096078430895, 40.036463500942702 ], [ -75.003420235272898, 40.027388940557401 ], [ -75.008568, 40.023883 ], [ -75.012214, 40.020698 ], [ -75.013779810063298, 40.020221366658198 ], [ -75.013868889440005, 40.020194250852803 ], [ -75.015583, 40.023134 ], [ -75.021941, 40.030451 ], [ -75.022508, 40.030832 ] ] ] ] } },
{ "type": "Feature", "properties": { "STATEFP": "42", "COUNTYFP": "101", "TRACTCE": "001600", "GEOIDFQ": "1400000US42101001600", "GEOID": "42101001600", "NAME": "16", "NAMELSAD": "Census Tract 16", "STUSPS": "PA", "NAMELSADCO": "Philadelphia County", "STATE_NAME": "Pennsylvania", "LSAD": "CT", "ALAND": 196389.0, "AWATER": 0.0 }, "geometry": { "type": "MultiPolygon", "coordinates": [ [ [ [ -75.152546, 39.941148 ], [ -75.152334, 39.942015 ], [ -75.150755, 39.941818 ], [ -75.147604, 39.941422 ], [ -75.14406, 39.940972 ], [ -75.144529, 39.938873 ], [ -75.144646, 39.938373 ], [ -75.148157, 39.938899 ], [ -75.151773, 39.939548 ], [ -75.152771, 39.940039 ], [ -75.152546, 39.941148 ] ] ] ] } },
{ "type": "Feature", "properties": { "STATEFP": "42", "COUNTYFP": "101", "TRACTCE": "012201", "GEOIDFQ": "1400000US42101012201", "GEOID": "42101012201", "NAME": "122.01", "NAMELSAD": "Census Tract 122.01", "STUSPS": "PA", "NAMELSADCO": "Philadelphia County", "STATE_NAME": "Pennsylvania", "LSAD": "CT", "ALAND": 376738.0, "AWATER": 2325.0 }, "geometry": { "type": "MultiPolygon", "coordinates": [ [ [ [ -75.21403, 40.005079 ], [ -75.211854, 40.004986 ], [ -75.209771, 40.006983 ], [ -75.207784, 40.006302 ], [ -75.207504, 40.006469 ], [ -75.20338, 40.005165 ], [ -75.201293, 40.00597 ], [ -75.202057, 40.004729 ], [ -75.203194, 40.003393 ], [ -75.206376, 40.002918 ], [ -75.208252, 40.002621 ], [ -75.209385, 40.002429 ], [ -75.215355, 40.001244 ], [ -75.21403, 40.005079 ] ] ] ] } },
{ "type": "Feature", "properties": { "STATEFP": "42", "COUNTYFP": "101", "TRACTCE": "016002", "GEOIDFQ": "1400000US42101016002", "GEOID": "42101016002", "NAME": "160.02", "NAMELSAD": "Census Tract 160.02", "STUSPS": "PA", "NAMELSADCO": "Philadelphia County", "STATE_NAME": "Pennsylvania", "LSAD": "CT", "ALAND": 391013.0, "AWATER": 0.0 }, "geometry": { "type": "MultiPolygon", "coordinates": [ [ [ [ -75.130448, 39.978589 ], [ -75.127623, 39.98143 ], [ -75.125062, 39.982373 ], [ -75.122679, 39.983488 ], [ -75.120252, 39.984755 ], [ -75.118522, 39.982825 ], [ -75.120973, 39.981546 ], [ -75.123266, 39.980344 ], [ -75.122449, 39.979411 ], [ -75.124193, 39.9785 ], [ -75.123334, 39.977514 ], [ -75.126136, 39.976082 ], [ -75.128628, 39.977533 ], [ -75.130448, 39.978589 ] ] ] ] } },
{ "type": "Feature", "properties": { "STATEFP": "42", "COUNTYFP": "101", "TRACTCE": "000403", "GEOIDFQ": "1400000US42101000403", "GEOID": "42101000403", "NAME": "4.03", "NAMELSAD": "Census Tract 4.03", "STUSPS": "PA", "NAMELSADCO": "Philadelphia County", "STATE_NAME": "Pennsylvania", "LSAD": "CT", "ALAND": 139616.0, "AWATER": 0.0 }, "geometry": { "type": "MultiPolygon", "coordinates": [ [ [ [ -75.168444, 39.952975 ], [ -75.167989, 39.955008 ], [ -75.166365, 39.954816 ], [ -75.163093, 39.9544 ], [ -75.163323, 39.953355 ], [ -75.165063, 39.953608 ], [ -75.165299, 39.952284 ], [ -75.163996, 39.951625 ], [ -75.164011, 39.950876 ], [ -75.168767, 39.951468 ], [ -75.168444, 39.952975 ] ] ] ] } },
{ "type": "Feature", "properties": { "STATEFP": "42", "COUNTYFP": "101", "TRACTCE": "989200", "GEOIDFQ": "1400000US42101989200", "GEOID": "42101989200", "NAME": "9892", "NAMELSAD": "Census Tract 9892", "STUSPS": "PA", "NAMELSADCO": "Philadelphia County", "STATE_NAME": "Pennsylvania", "LSAD": "CT", "ALAND": 4591616.0, "AWATER": 3633982.0 }, "geometry": { "type": "MultiPolygon", "coordinates": [ [ [ [ -75.196687, 39.900857 ], [ -75.193652, 39.902387 ], [ -75.193809, 39.90002 ], [ -75.19194, 39.896089 ], [ -75.189993, 39.89681 ], [ -75.187183, 39.896682 ], [ -75.176562, 39.898666 ], [ -75.174959, 39.898488 ], [ -75.170726, 39.897583 ], [ -75.15468, 39.897064 ], [ -75.144277, 39.895682 ], [ -75.141533, 39.895062 ], [ -75.135414640421303, 39.8929982118906 ], [ -75.137296, 39.889966 ], [ -75.1394044896645, 39.888431781893402 ], [ -75.141522, 39.886891 ], [ -75.143746, 39.884998 ], [ -75.144413494442901, 39.884833168945597 ], [ -75.145349161568802, 39.884602115338303 ], [ -75.148893, 39.883727 ], [ -75.165394317526093, 39.882898307991802 ], [ -75.174534567747102, 39.8824392869288 ], [ -75.183023, 39.882013 ], [ -75.184944043216703, 39.881616594256897 ], [ -75.188466318753001, 39.880889775495397 ], [ -75.189323, 39.880713 ], [ -75.195018, 39.877521 ], [ -75.195231403775097, 39.877331410657298 ], [ -75.195514, 39.89184 ], [ -75.196239, 39.893365 ], [ -75.195421, 39.89903 ], [ -75.196687, 39.900857 ] ] ] ] } },
{ "type": "Feature", "properties": { "STATEFP": "42", "COUNTYFP": "101", "TRACTCE": "014202", "GEOIDFQ": "1400000US42101014202", "GEOID": "42101014202", "NAME": "142.02", "NAMELSAD": "Census Tract 142.02", "STUSPS": "PA", "NAMELSADCO": "Philadelphia County", "STATE_NAME": "Pennsylvania", "LSAD": "CT", "ALAND": 514671.0, "AWATER": 258066.0 }, "geometry": { "type": "MultiPolygon", "coordinates": [ [ [ [ -75.139567, 39.969391 ], [ -75.139578, 39.969515 ], [ -75.135143, 39.968687 ], [ -75.134428, 39.968791 ], [ -75.134417, 39.966723 ], [ -75.134223, 39.964477 ], [ -75.128697, 39.966977 ], [ -75.125439131010495, 39.9619389787863 ], [ -75.12692, 39.961112 ], [ -75.13012, 39.958712 ], [ -75.130218063946202, 39.958593981944198 ], [ -75.131742, 39.959838 ], [ -75.136638, 39.960881 ], [ -75.134545, 39.960597 ], [ -75.136242, 39.962415 ], [ -75.138081, 39.962936 ], [ -75.138827, 39.963129 ], [ -75.140706, 39.964138 ], [ -75.139567, 39.969391 ] ] ] ] } },
{ "type": "Feature", "properties": { "STATEFP": "42", "COUNTYFP": "101", "TRACTCE": "008400", "GEOIDFQ": "1400000US42101008400", "GEOID": "42101008400", "NAME": "84", "NAMELSAD": "Census Tract 84", "STUSPS": "PA", "NAMELSADCO": "Philadelphia County", "STATE_NAME": "Pennsylvania", "LSAD": "CT", "ALAND": 501763.0, "AWATER": 0.0 }, "geometry": { "type": "MultiPolygon", "coordinates": [ [ [ [ -75.239909, 39.956313 ], [ -75.239658, 39.957534 ], [ -75.238785, 39.961715 ], [ -75.236808, 39.961471 ], [ -75.234869, 39.961231 ], [ -75.232857, 39.960976 ], [ -75.230801, 39.960722 ], [ -75.231277, 39.958448 ], [ -75.231557, 39.957102 ], [ -75.231937, 39.955319 ], [ -75.232153, 39.954262 ], [ -75.234212, 39.954521 ], [ -75.238166, 39.955011 ], [ -75.240137, 39.955252 ], [ -75.239909, 39.956313 ] ] ] ] } },
{ "type": "Feature", "properties": { "STATEFP": "42", "COUNTYFP": "101", "TRACTCE": "009000", "GEOIDFQ": "1400000US42101009000", "GEOID": "42101009000", "NAME": "90", "NAMELSAD": "Census Tract 90", "STUSPS": "PA", "NAMELSADCO": "Philadelphia County", "STATE_NAME": "Pennsylvania", "LSAD": "CT", "ALAND": 525631.0, "AWATER": 0.0 }, "geometry": { "type": "MultiPolygon", "coordinates": [ [ [ [ -75.194297, 39.962607 ], [ -75.186742, 39.963445 ], [ -75.186668, 39.963081 ], [ -75.186675, 39.960685 ], [ -75.186286, 39.957641 ], [ -75.18449, 39.956914 ], [ -75.186574, 39.956251 ], [ -75.187064, 39.955295 ], [ -75.191464, 39.955843 ], [ -75.194152, 39.95618 ], [ -75.193574, 39.958689 ], [ -75.193789, 39.959881 ], [ -75.194015, 39.961124 ], [ -75.194297, 39.962607 ] ] ] ] } },
{ "type": "Feature", "properties": { "STATEFP": "42", "COUNTYFP": "101", "TRACTCE": "014300", "GEOIDFQ": "1400000US42101014300", "GEOID": "42101014300", "NAME": "143", "NAMELSAD": "Census Tract 143", "STUSPS": "PA", "NAMELSADCO": "Philadelphia County", "STATE_NAME": "Pennsylvania", "LSAD": "CT", "ALAND": 570961.0, "AWATER": 245926.0 }, "geometry": { "type": "MultiPolygon", "coordinates": [ [ [ [ -75.134428, 39.968791 ], [ -75.130452, 39.970189 ], [ -75.123489, 39.972651 ], [ -75.121045, 39.973372 ], [ -75.120235, 39.97332 ], [ -75.119617, 39.97295 ], [ -75.122097, 39.970632 ], [ -75.121801, 39.969656 ], [ -75.121476, 39.969251 ], [ -75.121241, 39.968659 ], [ -75.119025994855406, 39.965491799553099 ], [ -75.11922, 39.965412 ], [ -75.123882849215306, 39.962808071217403 ], [ -75.125439131010495, 39.9619389787863 ], [ -75.128697, 39.966977 ], [ -75.134223, 39.964477 ], [ -75.134417, 39.966723 ], [ -75.134428, 39.968791 ] ] ] ] } },
{ "type": "Feature", "properties": { "STATEFP": "42", "COUNTYFP": "101", "TRACTCE": "024200", "GEOIDFQ": "1400000US42101024200", "GEOID": "42101024200", "NAME": "242", "NAMELSAD": "Census Tract 242", "STUSPS": "PA", "NAMELSADCO": "Philadelphia County", "STATE_NAME": "Pennsylvania", "LSAD": "CT", "ALAND": 532060.0, "AWATER": 0.0 }, "geometry": { "type": "MultiPolygon", "coordinates": [ [ [ [ -75.175115, 40.027255 ], [ -75.173611, 40.028691 ], [ -75.174572, 40.029244 ], [ -75.173482, 40.030336 ], [ -75.17061, 40.033131 ], [ -75.169211, 40.032314 ], [ -75.166488, 40.030794 ], [ -75.165491, 40.030242 ], [ -75.163749, 40.029255 ], [ -75.166395, 40.026593 ], [ -75.167644, 40.025372 ], [ -75.169124, 40.023865 ], [ -75.170583, 40.024667 ], [ -75.172523, 40.025758 ], [ -75.174043, 40.026588 ], [ -75.175115, 40.027255 ] ] ] ] } },
{ "type": "Feature", "properties": { "STATEFP": "42", "COUNTYFP": "101", "TRACTCE": "038900", "GEOIDFQ": "1400000US42101038900", "GEOID": "42101038900", "NAME": "389", "NAMELSAD": "Census Tract 389", "STUSPS": "PA", "NAMELSADCO": "Philadelphia County", "STATE_NAME": "Pennsylvania", "LSAD": "CT", "ALAND": 1280554.0, "AWATER": 0.0 }, "geometry": { "type": "MultiPolygon", "coordinates": [ [ [ [ -75.177193, 40.05308 ], [ -75.175743, 40.054577 ], [ -75.174759, 40.057282 ], [ -75.172869, 40.057256 ], [ -75.168641, 40.061373 ], [ -75.165453, 40.059541 ], [ -75.164602, 40.059044 ], [ -75.163173, 40.058233 ], [ -75.160691, 40.056831 ], [ -75.158889, 40.055768 ], [ -75.161898, 40.052842 ], [ -75.164529, 40.050306 ], [ -75.167701, 40.047245 ], [ -75.170884, 40.049199 ], [ -75.171755, 40.048359 ], [ -75.172888, 40.050431 ], [ -75.17326, 40.050667 ], [ -75.175804, 40.052241 ], [ -75.177193, 40.05308 ] ] ] ] } },
{ "type": "Feature", "properties": { "STATEFP": "42", "COUNTYFP": "101", "TRACTCE": "027200", "GEOIDFQ": "1400000US42101027200", "GEOID": "42101027200", "NAME": "272", "NAMELSAD": "Census Tract 272", "STUSPS": "PA", "NAMELSADCO": "Philadelphia County", "STATE_NAME": "Pennsylvania", "LSAD": "CT", "ALAND": 679047.0, "AWATER": 408.0 }, "geometry": { "type": "MultiPolygon", "coordinates": [ [ [ [ -75.122776, 40.049613 ], [ -75.122147, 40.053177 ], [ -75.118652, 40.051186 ], [ -75.118553, 40.051132 ], [ -75.117104, 40.050304 ], [ -75.112363, 40.047563 ], [ -75.110985, 40.046769 ], [ -75.111963, 40.04364 ], [ -75.112319, 40.043276 ], [ -75.113544, 40.042711 ], [ -75.113833, 40.043483 ], [ -75.119454, 40.04448 ], [ -75.121432, 40.044731 ], [ -75.123566, 40.044993 ], [ -75.122776, 40.049613 ] ] ] ] } },
{ "type": "Feature", "properties": { "STATEFP": "42", "COUNTYFP": "101", "TRACTCE": "027800", "GEOIDFQ": "1400000US42101027800", "GEOID": "42101027800", "NAME": "278", "NAMELSAD": "Census Tract 278", "STUSPS": "PA", "NAMELSADCO": "Philadelphia County", "STATE_NAME": "Pennsylvania", "LSAD": "CT", "ALAND": 724987.0, "AWATER": 0.0 }, "geometry": { "type": "MultiPolygon", "coordinates": [ [ [ [ -75.151249, 40.041174 ], [ -75.150336, 40.042028 ], [ -75.149796, 40.043673 ], [ -75.149591, 40.04483 ], [ -75.150148, 40.045658 ], [ -75.15068, 40.046352 ], [ -75.150967, 40.046767 ], [ -75.15082, 40.048518 ], [ -75.147672, 40.048117 ], [ -75.144959, 40.04868 ], [ -75.142858, 40.047488 ], [ -75.143547, 40.044426 ], [ -75.144224, 40.041381 ], [ -75.144302, 40.04109 ], [ -75.144571, 40.039836 ], [ -75.145554, 40.035262 ], [ -75.149859, 40.035827 ], [ -75.149126, 40.037464 ], [ -75.149988, 40.038971 ], [ -75.151505, 40.040612 ], [ -75.151249, 40.041174 ] ] ] ] } },
{ "type": "Feature", "properties": { "STATEFP": "42", "COUNTYFP": "101", "TRACTCE": "026900", "GEOIDFQ": "1400000US42101026900", "GEOID": "42101026900", "NAME": "269", "NAMELSAD": "Census Tract 269", "STUSPS": "PA", "NAMELSADCO": "Philadelphia County", "STATE_NAME": "Pennsylvania", "LSAD": "CT", "ALAND": 614685.0, "AWATER": 0.0 }, "geometry": { "type": "MultiPolygon", "coordinates": [ [ [ [ -75.136585, 40.058566 ], [ -75.137025, 40.058773 ], [ -75.13619, 40.059264 ], [ -75.135124, 40.060989 ], [ -75.130135, 40.057796 ], [ -75.129021, 40.057091 ], [ -75.12632, 40.055481 ], [ -75.127143, 40.051748 ], [ -75.130783, 40.052206 ], [ -75.137767, 40.053112 ], [ -75.136585, 40.058566 ] ] ] ] } },
{ "type": "Feature", "properties": { "STATEFP": "42", "COUNTYFP": "101", "TRACTCE": "002801", "GEOIDFQ": "1400000US42101002801", "GEOID": "42101002801", "NAME": "28.01", "NAMELSAD": "Census Tract 28.01", "STUSPS": "PA", "NAMELSADCO": "Philadelphia County", "STATE_NAME": "Pennsylvania", "LSAD": "CT", "ALAND": 222950.0, "AWATER": 0.0 }, "geometry": { "type": "MultiPolygon", "coordinates": [ [ [ [ -75.158393, 39.929177 ], [ -75.157578, 39.932837 ], [ -75.154454, 39.93242 ], [ -75.155274, 39.928763 ], [ -75.156095, 39.925103 ], [ -75.159204, 39.925511 ], [ -75.158393, 39.929177 ] ] ] ] } },
{ "type": "Feature", "properties": { "STATEFP": "42", "COUNTYFP": "101", "TRACTCE": "036201", "GEOIDFQ": "1400000US42101036201", "GEOID": "42101036201", "NAME": "362.01", "NAMELSAD": "Census Tract 362.01", "STUSPS": "PA", "NAMELSADCO": "Philadelphia County", "STATE_NAME": "Pennsylvania", "LSAD": "CT", "ALAND": 1031927.0, "AWATER": 15195.0 }, "geometry": { "type": "MultiPolygon", "coordinates": [ [ [ [ -74.990155, 40.084052 ], [ -74.987065, 40.086049 ], [ -74.98418, 40.089906 ], [ -74.982159, 40.088266 ], [ -74.980601, 40.087914 ], [ -74.980158, 40.086256 ], [ -74.980404, 40.085545 ], [ -74.981546, 40.083583 ], [ -74.981807, 40.082355 ], [ -74.982487, 40.077246 ], [ -74.984631, 40.074335 ], [ -74.984901, 40.07448 ], [ -74.986886, 40.075332 ], [ -74.987568, 40.075825 ], [ -74.990003, 40.077975 ], [ -74.994348, 40.081681 ], [ -74.990155, 40.084052 ] ] ] ] } },
{ "type": "Feature", "properties": { "STATEFP": "42", "COUNTYFP": "101", "TRACTCE": "005500", "GEOIDFQ": "1400000US42101005500", "GEOID": "42101005500", "NAME": "55", "NAMELSAD": "Census Tract 55", "STUSPS": "PA", "NAMELSADCO": "Philadelphia County", "STATE_NAME": "Pennsylvania", "LSAD": "CT", "ALAND": 1168597.0, "AWATER": 12010.0 }, "geometry": { "type": "MultiPolygon", "coordinates": [ [ [ [ -75.255597, 39.899596 ], [ -75.251288, 39.904403 ], [ -75.253492, 39.905585 ], [ -75.2525, 39.906614 ], [ -75.250319, 39.907626 ], [ -75.249929, 39.909352 ], [ -75.251498, 39.910051 ], [ -75.2472, 39.913578 ], [ -75.24694, 39.916871 ], [ -75.247341, 39.918541 ], [ -75.246856, 39.918759 ], [ -75.246308, 39.917176 ], [ -75.244935, 39.91545 ], [ -75.24338, 39.913488 ], [ -75.242832, 39.911272 ], [ -75.241558, 39.907257 ], [ -75.240576, 39.904062 ], [ -75.244985, 39.903178 ], [ -75.247308, 39.902282 ], [ -75.249109, 39.901113 ], [ -75.252349, 39.897618 ], [ -75.253285, 39.898094 ], [ -75.255093, 39.898756 ], [ -75.255597, 39.899596 ] ] ] ] } },
{ "type": "Feature", "properties": { "STATEFP": "42", "COUNTYFP": "101", "TRACTCE": "014400", "GEOIDFQ": "1400000US42101014400", "GEOID": "42101014400", "NAME": "144", "NAMELSAD": "Census Tract 144", "STUSPS": "PA", "NAMELSADCO": "Philadelphia County", "STATE_NAME": "Pennsylvania", "LSAD": "CT", "ALAND": 609443.0, "AWATER": 0.0 }, "geometry": { "type": "MultiPolygon", "coordinates": [ [ [ [ -75.146082, 39.972833 ], [ -75.145559, 39.975638 ], [ -75.141976, 39.97519 ], [ -75.139715, 39.974897 ], [ -75.138434, 39.97474 ], [ -75.133374, 39.97409 ], [ -75.134401, 39.972303 ], [ -75.134428, 39.968791 ], [ -75.135143, 39.968687 ], [ -75.139578, 39.969515 ], [ -75.140665, 39.969652 ], [ -75.141518, 39.969758 ], [ -75.143095, 39.969954 ], [ -75.145018, 39.970191 ], [ -75.146543, 39.97038 ], [ -75.146082, 39.972833 ] ] ] ] } },
{ "type": "Feature", "properties": { "STATEFP": "42", "COUNTYFP": "101", "TRACTCE": "017702", "GEOIDFQ": "1400000US42101017702", "GEOID": "42101017702", "NAME": "177.02", "NAMELSAD": "Census Tract 177.02", "STUSPS": "PA", "NAMELSADCO": "Philadelphia County", "STATE_NAME": "Pennsylvania", "LSAD": "CT", "ALAND": 489257.0, "AWATER": 0.0 }, "geometry": { "type": "MultiPolygon", "coordinates": [ [ [ [ -75.126915, 39.991834 ], [ -75.126374, 39.993462 ], [ -75.126054, 39.994957 ], [ -75.125737, 39.996451 ], [ -75.12538, 39.998043 ], [ -75.125058, 39.999628 ], [ -75.120933, 39.999097 ], [ -75.118994, 39.998852 ], [ -75.119328, 39.997255 ], [ -75.119665, 39.995671 ], [ -75.12031, 39.992672 ], [ -75.123686, 39.990836 ], [ -75.124722, 39.990257 ], [ -75.125491, 39.989836 ], [ -75.127031, 39.990386 ], [ -75.126915, 39.991834 ] ] ] ] } },
{ "type": "Feature", "properties": { "STATEFP": "42", "COUNTYFP": "101", "TRACTCE": "020400", "GEOIDFQ": "1400000US42101020400", "GEOID": "42101020400", "NAME": "204", "NAMELSAD": "Census Tract 204", "STUSPS": "PA", "NAMELSADCO": "Philadelphia County", "STATE_NAME": "Pennsylvania", "LSAD": "CT", "ALAND": 407373.0, "AWATER": 0.0 }, "geometry": { "type": "MultiPolygon", "coordinates": [ [ [ [ -75.157303, 40.022607 ], [ -75.154929, 40.02229 ], [ -75.153357, 40.022088 ], [ -75.148567, 40.021476 ], [ -75.14711, 40.02128 ], [ -75.147139, 40.019518 ], [ -75.147143, 40.01901 ], [ -75.149347, 40.017957 ], [ -75.151207, 40.017114 ], [ -75.153849, 40.015891 ], [ -75.15409, 40.016325 ], [ -75.154576, 40.017272 ], [ -75.155692, 40.019078 ], [ -75.156094, 40.019695 ], [ -75.159035, 40.0228 ], [ -75.157303, 40.022607 ] ] ] ] } },
{ "type": "Feature", "properties": { "STATEFP": "42", "COUNTYFP": "101", "TRACTCE": "038800", "GEOIDFQ": "1400000US42101038800", "GEOID": "42101038800", "NAME": "388", "NAMELSAD": "Census Tract 388", "STUSPS": "PA", "NAMELSADCO": "Philadelphia County", "STATE_NAME": "Pennsylvania", "LSAD": "CT", "ALAND": 1390293.0, "AWATER": 4751.0 }, "geometry": { "type": "MultiPolygon", "coordinates": [ [ [ [ -75.201889, 40.056773 ], [ -75.202545, 40.059884 ], [ -75.202475, 40.06265 ], [ -75.200359, 40.063476 ], [ -75.196385, 40.066623 ], [ -75.195726, 40.065177 ], [ -75.192891, 40.062662 ], [ -75.191876, 40.061257 ], [ -75.191054, 40.060176 ], [ -75.19022, 40.059199 ], [ -75.188378, 40.057436 ], [ -75.188077, 40.056898 ], [ -75.191752, 40.054604 ], [ -75.193951, 40.054358 ], [ -75.19326, 40.053057 ], [ -75.194083, 40.051633 ], [ -75.194491, 40.051466 ], [ -75.196511, 40.049188 ], [ -75.201462, 40.052316 ], [ -75.204845, 40.054823 ], [ -75.201889, 40.056773 ] ] ] ] } },
{ "type": "Feature", "properties": { "STATEFP": "42", "COUNTYFP": "101", "TRACTCE": "980702", "GEOIDFQ": "1400000US42101980702", "GEOID": "42101980702", "NAME": "9807.02", "NAMELSAD": "Census Tract 9807.02", "STUSPS": "PA", "NAMELSADCO": "Philadelphia County", "STATE_NAME": "Pennsylvania", "LSAD": "CT", "ALAND": 2245124.0, "AWATER": 959849.0 }, "geometry": { "type": "MultiPolygon", "coordinates": [ [ [ [ -75.148124, 39.913772 ], [ -75.147357, 39.91509 ], [ -75.147091, 39.916341 ], [ -75.146538, 39.91884 ], [ -75.148079, 39.919035 ], [ -75.148223, 39.920148 ], [ -75.148035, 39.921581 ], [ -75.147842, 39.924015 ], [ -75.146985, 39.927665 ], [ -75.141509, 39.927445 ], [ -75.140261, 39.926353 ], [ -75.134327554977702, 39.925851034156899 ], [ -75.132344, 39.921666 ], [ -75.13012, 39.917013 ], [ -75.1292771681305, 39.915020851944803 ], [ -75.12792, 39.911813 ], [ -75.129005171468194, 39.907472314126998 ], [ -75.129548764705802, 39.905297941176499 ], [ -75.13949, 39.907028 ], [ -75.149181, 39.908642 ], [ -75.148124, 39.913772 ] ] ] ] } },
{ "type": "Feature", "properties": { "STATEFP": "42", "COUNTYFP": "101", "TRACTCE": "014201", "GEOIDFQ": "1400000US42101014201", "GEOID": "42101014201", "NAME": "142.01", "NAMELSAD": "Census Tract 142.01", "STUSPS": "PA", "NAMELSADCO": "Philadelphia County", "STATE_NAME": "Pennsylvania", "LSAD": "CT", "ALAND": 290725.0, "AWATER": 0.0 }, "geometry": { "type": "MultiPolygon", "coordinates": [ [ [ [ -75.146543, 39.97038 ], [ -75.145018, 39.970191 ], [ -75.143095, 39.969954 ], [ -75.141518, 39.969758 ], [ -75.140665, 39.969652 ], [ -75.139578, 39.969515 ], [ -75.139567, 39.969391 ], [ -75.140706, 39.964138 ], [ -75.142528, 39.964985 ], [ -75.144002, 39.96567 ], [ -75.147146, 39.967126 ], [ -75.146543, 39.97038 ] ] ] ] } },
{ "type": "Feature", "properties": { "STATEFP": "42", "COUNTYFP": "101", "TRACTCE": "009100", "GEOIDFQ": "1400000US42101009100", "GEOID": "42101009100", "NAME": "91", "NAMELSAD": "Census Tract 91", "STUSPS": "PA", "NAMELSADCO": "Philadelphia County", "STATE_NAME": "Pennsylvania", "LSAD": "CT", "ALAND": 425574.0, "AWATER": 0.0 }, "geometry": { "type": "MultiPolygon", "coordinates": [ [ [ [ -75.202235, 39.961643 ], [ -75.199436, 39.962042 ], [ -75.197197, 39.962287 ], [ -75.194297, 39.962607 ], [ -75.194015, 39.961124 ], [ -75.193789, 39.959881 ], [ -75.193574, 39.958689 ], [ -75.194152, 39.95618 ], [ -75.196121, 39.956429 ], [ -75.199622, 39.95686 ], [ -75.201953, 39.957149 ], [ -75.201824, 39.957827 ], [ -75.201971, 39.959176 ], [ -75.202235, 39.961643 ] ] ] ] } },
{ "type": "Feature", "properties": { "STATEFP": "42", "COUNTYFP": "101", "TRACTCE": "011000", "GEOIDFQ": "1400000US42101011000", "GEOID": "42101011000", "NAME": "110", "NAMELSAD": "Census Tract 110", "STUSPS": "PA", "NAMELSADCO": "Philadelphia County", "STATE_NAME": "Pennsylvania", "LSAD": "CT", "ALAND": 508471.0, "AWATER": 0.0 }, "geometry": { "type": "MultiPolygon", "coordinates": [ [ [ [ -75.213469, 39.977791 ], [ -75.209321, 39.97625 ], [ -75.20372, 39.974182 ], [ -75.199505, 39.974646 ], [ -75.198809, 39.974722 ], [ -75.198995, 39.971543 ], [ -75.201219, 39.970214 ], [ -75.203722, 39.970929 ], [ -75.205979, 39.971429 ], [ -75.208646, 39.972158 ], [ -75.212148, 39.973012 ], [ -75.212211, 39.973242 ], [ -75.213469, 39.977791 ] ] ] ] } },
{ "type": "Feature", "properties": { "STATEFP": "42", "COUNTYFP": "101", "TRACTCE": "015300", "GEOIDFQ": "1400000US42101015300", "GEOID": "42101015300", "NAME": "153", "NAMELSAD": "Census Tract 153", "STUSPS": "PA", "NAMELSADCO": "Philadelphia County", "STATE_NAME": "Pennsylvania", "LSAD": "CT", "ALAND": 469148.0, "AWATER": 0.0 }, "geometry": { "type": "MultiPolygon", "coordinates": [ [ [ [ -75.164517, 39.985759 ], [ -75.164184, 39.987311 ], [ -75.161032, 39.986907 ], [ -75.157899, 39.986492 ], [ -75.156275, 39.986283 ], [ -75.157581, 39.980223 ], [ -75.159219, 39.980435 ], [ -75.165511, 39.981244 ], [ -75.164517, 39.985759 ] ] ] ] } },
{ "type": "Feature", "properties": { "STATEFP": "42", "COUNTYFP": "101", "TRACTCE": "017300", "GEOIDFQ": "1400000US42101017300", "GEOID": "42101017300", "NAME": "173", "NAMELSAD": "Census Tract 173", "STUSPS": "PA", "NAMELSADCO": "Philadelphia County", "STATE_NAME": "Pennsylvania", "LSAD": "CT", "ALAND": 874587.0, "AWATER": 0.0 }, "geometry": { "type": "MultiPolygon", "coordinates": [ [ [ [ -75.167215, 39.997197 ], [ -75.166562, 40.000199 ], [ -75.165896, 40.003269 ], [ -75.160843, 40.002634 ], [ -75.160495, 40.004215 ], [ -75.158926, 40.004009 ], [ -75.157365, 40.003799 ], [ -75.158314, 39.99918 ], [ -75.155232, 39.998728 ], [ -75.153609, 39.998515 ], [ -75.153782, 39.997718 ], [ -75.154588, 39.993938 ], [ -75.157791, 39.994342 ], [ -75.159366, 39.994525 ], [ -75.159918, 39.994591 ], [ -75.160946, 39.994737 ], [ -75.164094, 39.995169 ], [ -75.167568, 39.995621 ], [ -75.167215, 39.997197 ] ] ] ] } },
{ "type": "Feature", "properties": { "STATEFP": "42", "COUNTYFP": "101", "TRACTCE": "020500", "GEOIDFQ": "1400000US42101020500", "GEOID": "42101020500", "NAME": "205", "NAMELSAD": "Census Tract 205", "STUSPS": "PA", "NAMELSADCO": "Philadelphia County", "STATE_NAME": "Pennsylvania", "LSAD": "CT", "ALAND": 1429513.0, "AWATER": 0.0 }, "geometry": { "type": "MultiPolygon", "coordinates": [ [ [ [ -75.174037, 40.016962 ], [ -75.172342, 40.017604 ], [ -75.166005, 40.01862 ], [ -75.163758, 40.019234 ], [ -75.162782, 40.020368 ], [ -75.162462, 40.021954 ], [ -75.162024, 40.022286 ], [ -75.159551, 40.023925 ], [ -75.159315, 40.02341 ], [ -75.159214, 40.023192 ], [ -75.159035, 40.0228 ], [ -75.156094, 40.019695 ], [ -75.155692, 40.019078 ], [ -75.154576, 40.017272 ], [ -75.15409, 40.016325 ], [ -75.153849, 40.015891 ], [ -75.155185, 40.015295 ], [ -75.156652, 40.014618 ], [ -75.161886, 40.012186 ], [ -75.166871, 40.009901 ], [ -75.167292, 40.009695 ], [ -75.167945, 40.009378 ], [ -75.16914, 40.008832 ], [ -75.175669, 40.016051 ], [ -75.174037, 40.016962 ] ] ] ] } },
{ "type": "Feature", "properties": { "STATEFP": "42", "COUNTYFP": "101", "TRACTCE": "029000", "GEOIDFQ": "1400000US42101029000", "GEOID": "42101029000", "NAME": "290", "NAMELSAD": "Census Tract 290", "STUSPS": "PA", "NAMELSADCO": "Philadelphia County", "STATE_NAME": "Pennsylvania", "LSAD": "CT", "ALAND": 773393.0, "AWATER": 9535.0 }, "geometry": { "type": "MultiPolygon", "coordinates": [ [ [ [ -75.122727, 40.029151 ], [ -75.121711, 40.03347 ], [ -75.120713, 40.03364 ], [ -75.116083, 40.033037 ], [ -75.114896, 40.034447 ], [ -75.113156, 40.036507 ], [ -75.110735, 40.033115 ], [ -75.111139, 40.031038 ], [ -75.11181, 40.027998 ], [ -75.11288, 40.027457 ], [ -75.114667, 40.0272 ], [ -75.117263, 40.026818 ], [ -75.121843, 40.026155 ], [ -75.12342, 40.02593 ], [ -75.122727, 40.029151 ] ] ] ] } },
{ "type": "Feature", "properties": { "STATEFP": "42", "COUNTYFP": "101", "TRACTCE": "031600", "GEOIDFQ": "1400000US42101031600", "GEOID": "42101031600", "NAME": "316", "NAMELSAD": "Census Tract 316", "STUSPS": "PA", "NAMELSADCO": "Philadelphia County", "STATE_NAME": "Pennsylvania", "LSAD": "CT", "ALAND": 731130.0, "AWATER": 0.0 }, "geometry": { "type": "MultiPolygon", "coordinates": [ [ [ [ -75.064433, 40.036738 ], [ -75.063057, 40.03714 ], [ -75.061544, 40.038213 ], [ -75.058568, 40.036548 ], [ -75.055334, 40.034739 ], [ -75.053701, 40.033844 ], [ -75.050972, 40.032324 ], [ -75.053249, 40.0317 ], [ -75.054054, 40.03118 ], [ -75.055661, 40.029843 ], [ -75.056077, 40.029455 ], [ -75.056872, 40.028943 ], [ -75.059227, 40.027909 ], [ -75.062207, 40.027471 ], [ -75.062394, 40.027444 ], [ -75.062828, 40.02941 ], [ -75.063277, 40.031554 ], [ -75.064433, 40.036738 ] ] ] ] } },
{ "type": "Feature", "properties": { "STATEFP": "42", "COUNTYFP": "101", "TRACTCE": "035602", "GEOIDFQ": "1400000US42101035602", "GEOID": "42101035602", "NAME": "356.02", "NAMELSAD": "Census Tract 356.02", "STUSPS": "PA", "NAMELSADCO": "Philadelphia County", "STATE_NAME": "Pennsylvania", "LSAD": "CT", "ALAND": 1394857.0, "AWATER": 1871.0 }, "geometry": { "type": "MultiPolygon", "coordinates": [ [ [ [ -75.054321, 40.108692 ], [ -75.048542, 40.112729 ], [ -75.03946, 40.107362 ], [ -75.036064, 40.106784 ], [ -75.033897, 40.105689 ], [ -75.032998, 40.10511 ], [ -75.039857, 40.101835 ], [ -75.042613, 40.100504 ], [ -75.047115, 40.098377 ], [ -75.049676, 40.102037 ], [ -75.050974, 40.103122 ], [ -75.053057, 40.10618 ], [ -75.05401, 40.108143 ], [ -75.054321, 40.108692 ] ] ] ] } },
{ "type": "Feature", "properties": { "STATEFP": "42", "COUNTYFP": "101", "TRACTCE": "039001", "GEOIDFQ": "1400000US42101039001", "GEOID": "42101039001", "NAME": "390.01", "NAMELSAD": "Census Tract 390.01", "STUSPS": "PA", "NAMELSADCO": "Philadelphia County", "STATE_NAME": "Pennsylvania", "LSAD": "CT", "ALAND": 943337.0, "AWATER": 0.0 }, "geometry": { "type": "MultiPolygon", "coordinates": [ [ [ [ -75.100728, 40.03902 ], [ -75.096603, 40.042487 ], [ -75.094175, 40.045026 ], [ -75.091859, 40.047485 ], [ -75.091098, 40.04706 ], [ -75.088312, 40.045514 ], [ -75.088978, 40.044082 ], [ -75.088184, 40.040767 ], [ -75.088709, 40.03795 ], [ -75.088091, 40.03654 ], [ -75.087852, 40.036111 ], [ -75.087159, 40.03479 ], [ -75.085313, 40.033521 ], [ -75.084273, 40.032172 ], [ -75.084134, 40.031964 ], [ -75.084197, 40.031438 ], [ -75.08508, 40.031266 ], [ -75.085381, 40.031491 ], [ -75.085502, 40.031702 ], [ -75.086551, 40.031133 ], [ -75.088078, 40.032 ], [ -75.089204, 40.032628 ], [ -75.090599, 40.033398 ], [ -75.09227, 40.034323 ], [ -75.089404, 40.037263 ], [ -75.091311, 40.038586 ], [ -75.09203, 40.040214 ], [ -75.095566, 40.037178 ], [ -75.096098, 40.036574 ], [ -75.096847, 40.03697 ], [ -75.098416, 40.036101 ], [ -75.101572, 40.038293 ], [ -75.100728, 40.03902 ] ] ] ] } },
{ "type": "Feature", "properties": { "STATEFP": "42", "COUNTYFP": "101", "TRACTCE": "980002", "GEOIDFQ": "1400000US42101980002", "GEOID": "42101980002", "NAME": "9800.02", "NAMELSAD": "Census Tract 9800.02", "STUSPS": "PA", "NAMELSADCO": "Philadelphia County", "STATE_NAME": "Pennsylvania", "LSAD": "CT", "ALAND": 5921043.0, "AWATER": 565979.0 }, "geometry": { "type": "MultiPolygon", "coordinates": [ [ [ [ -75.227057, 39.982691 ], [ -75.225573, 39.987151 ], [ -75.225109, 39.987582 ], [ -75.220317, 39.990286 ], [ -75.217994, 39.994223 ], [ -75.216331, 39.995826 ], [ -75.20728, 39.999054 ], [ -75.206695, 39.999167 ], [ -75.205488, 40.000902 ], [ -75.20412, 40.000328 ], [ -75.200868, 40.004432 ], [ -75.202057, 40.004729 ], [ -75.201293, 40.00597 ], [ -75.20338, 40.005165 ], [ -75.207504, 40.006469 ], [ -75.203156, 40.008256 ], [ -75.206157, 40.009105 ], [ -75.208221, 40.009947 ], [ -75.207376, 40.01048 ], [ -75.205978, 40.011723 ], [ -75.203107, 40.010138 ], [ -75.197451, 40.008315 ], [ -75.19281, 40.006733 ], [ -75.19132, 40.003715 ], [ -75.191754, 39.999748 ], [ -75.193986, 39.995365 ], [ -75.201107, 39.987635 ], [ -75.204084, 39.985856 ], [ -75.204417, 39.983169 ], [ -75.201831, 39.980357 ], [ -75.198654, 39.978457 ], [ -75.193985, 39.976132 ], [ -75.193724, 39.975285 ], [ -75.191012, 39.970034 ], [ -75.184976, 39.966129 ], [ -75.183323, 39.964374 ], [ -75.18521, 39.963757 ], [ -75.186742, 39.963445 ], [ -75.186904, 39.963993 ], [ -75.187403, 39.965104 ], [ -75.189583, 39.966756 ], [ -75.192308, 39.967724 ], [ -75.201219, 39.970214 ], [ -75.198995, 39.971543 ], [ -75.198809, 39.974722 ], [ -75.199505, 39.974646 ], [ -75.20372, 39.974182 ], [ -75.209321, 39.97625 ], [ -75.213469, 39.977791 ], [ -75.223157, 39.981381 ], [ -75.224066, 39.981508 ], [ -75.226202, 39.981608 ], [ -75.227057, 39.982691 ] ] ] ] } },
{ "type": "Feature", "properties": { "STATEFP": "42", "COUNTYFP": "101", "TRACTCE": "001302", "GEOIDFQ": "1400000US42101001302", "GEOID": "42101001302", "NAME": "13.02", "NAMELSAD": "Census Tract 13.02", "STUSPS": "PA", "NAMELSADCO": "Philadelphia County", "STATE_NAME": "Pennsylvania", "LSAD": "CT", "ALAND": 556886.0, "AWATER": 60583.0 }, "geometry": { "type": "MultiPolygon", "coordinates": [ [ [ [ -75.191495, 39.943153 ], [ -75.188299, 39.946409 ], [ -75.187231, 39.947176 ], [ -75.185685, 39.946159 ], [ -75.18188, 39.945691 ], [ -75.179409, 39.945377 ], [ -75.178578, 39.945269 ], [ -75.176985, 39.94508 ], [ -75.177374, 39.943231 ], [ -75.177554, 39.942487 ], [ -75.177598, 39.942228 ], [ -75.177761, 39.941461 ], [ -75.181002, 39.941863 ], [ -75.184474, 39.942274 ], [ -75.186626, 39.940985 ], [ -75.187445, 39.940364 ], [ -75.18824, 39.939878 ], [ -75.188712, 39.939567 ], [ -75.193872, 39.9421 ], [ -75.191495, 39.943153 ] ] ] ] } },
{ "type": "Feature", "properties": { "STATEFP": "42", "COUNTYFP": "101", "TRACTCE": "030800", "GEOIDFQ": "1400000US42101030800", "GEOID": "42101030800", "NAME": "308", "NAMELSAD": "Census Tract 308", "STUSPS": "PA", "NAMELSADCO": "Philadelphia County", "STATE_NAME": "Pennsylvania", "LSAD": "CT", "ALAND": 795704.0, "AWATER": 0.0 }, "geometry": { "type": "MultiPolygon", "coordinates": [ [ [ [ -75.0868, 40.052744 ], [ -75.085847, 40.05441 ], [ -75.085676, 40.057208 ], [ -75.08498, 40.058893 ], [ -75.083525, 40.06127 ], [ -75.078075, 40.058104 ], [ -75.076734, 40.05735 ], [ -75.075032, 40.056359 ], [ -75.079334, 40.051809 ], [ -75.079878, 40.051217 ], [ -75.082888, 40.048197 ], [ -75.086165, 40.050024 ], [ -75.085989, 40.050878 ], [ -75.0868, 40.052744 ] ] ] ] } },
{ "type": "Feature", "properties": { "STATEFP": "42", "COUNTYFP": "101", "TRACTCE": "033102", "GEOIDFQ": "1400000US42101033102", "GEOID": "42101033102", "NAME": "331.02", "NAMELSAD": "Census Tract 331.02", "STUSPS": "PA", "NAMELSADCO": "Philadelphia County", "STATE_NAME": "Pennsylvania", "LSAD": "CT", "ALAND": 719269.0, "AWATER": 0.0 }, "geometry": { "type": "MultiPolygon", "coordinates": [ [ [ [ -75.033824, 40.04466 ], [ -75.031636, 40.04566 ], [ -75.03163, 40.047852 ], [ -75.030144, 40.048533 ], [ -75.026037, 40.048163 ], [ -75.023007, 40.049197 ], [ -75.021343, 40.048294 ], [ -75.020489, 40.04639 ], [ -75.021752, 40.043668 ], [ -75.02562, 40.042322 ], [ -75.028257, 40.041363 ], [ -75.03134, 40.040236 ], [ -75.031919, 40.041201 ], [ -75.033482, 40.043203 ], [ -75.034393, 40.044379 ], [ -75.033824, 40.04466 ] ] ] ] } },
{ "type": "Feature", "properties": { "STATEFP": "42", "COUNTYFP": "101", "TRACTCE": "003800", "GEOIDFQ": "1400000US42101003800", "GEOID": "42101003800", "NAME": "38", "NAMELSAD": "Census Tract 38", "STUSPS": "PA", "NAMELSADCO": "Philadelphia County", "STATE_NAME": "Pennsylvania", "LSAD": "CT", "ALAND": 1089240.0, "AWATER": 0.0 }, "geometry": { "type": "MultiPolygon", "coordinates": [ [ [ [ -75.190298, 39.91644 ], [ -75.18943, 39.920822 ], [ -75.189653, 39.921807 ], [ -75.186937, 39.922318 ], [ -75.185192, 39.922627 ], [ -75.183434, 39.922939 ], [ -75.181703, 39.92329 ], [ -75.181424, 39.923337 ], [ -75.179651, 39.923652 ], [ -75.177982, 39.923951 ], [ -75.176295, 39.92425 ], [ -75.176361, 39.92396 ], [ -75.176638, 39.922707 ], [ -75.176906, 39.921464 ], [ -75.177082, 39.920207 ], [ -75.177438, 39.91897 ], [ -75.177732, 39.917575 ], [ -75.17763, 39.914983 ], [ -75.177806, 39.91309 ], [ -75.181884, 39.913517 ], [ -75.18901, 39.914556 ], [ -75.19022, 39.915884 ], [ -75.190298, 39.91644 ] ] ] ] } },
{ "type": "Feature", "properties": { "STATEFP": "42", "COUNTYFP": "101", "TRACTCE": "980100", "GEOIDFQ": "1400000US42101980100", "GEOID": "42101980100", "NAME": "9801", "NAMELSAD": "Census Tract 9801", "STUSPS": "PA", "NAMELSADCO": "Philadelphia County", "STATE_NAME": "Pennsylvania", "LSAD": "CT", "ALAND": 5340607.0, "AWATER": 241115.0 }, "geometry": { "type": "MultiPolygon", "coordinates": [ [ [ [ -75.232952, 40.083618 ], [ -75.2305, 40.086022 ], [ -75.227902, 40.084389 ], [ -75.227717, 40.084321 ], [ -75.224633, 40.079605 ], [ -75.21843, 40.075856 ], [ -75.215755, 40.076447 ], [ -75.216984, 40.074811 ], [ -75.215385, 40.073257 ], [ -75.221989, 40.073058 ], [ -75.222536, 40.071328 ], [ -75.218898, 40.067813 ], [ -75.215983, 40.069557 ], [ -75.21441, 40.06884 ], [ -75.218506, 40.066949 ], [ -75.220769, 40.064065 ], [ -75.219853, 40.062634 ], [ -75.22054, 40.061923 ], [ -75.218818, 40.059154 ], [ -75.217031, 40.059025 ], [ -75.21733, 40.05789 ], [ -75.21579, 40.056645 ], [ -75.214011, 40.0571 ], [ -75.212549, 40.058425 ], [ -75.213424, 40.056991 ], [ -75.213767, 40.056678 ], [ -75.217903, 40.055401 ], [ -75.216824, 40.052399 ], [ -75.213377, 40.049215 ], [ -75.210272, 40.047688 ], [ -75.209969, 40.047081 ], [ -75.20994, 40.044636 ], [ -75.208173, 40.04199 ], [ -75.207016, 40.0416 ], [ -75.205276, 40.042677 ], [ -75.205944, 40.040667 ], [ -75.205546, 40.039057 ], [ -75.203164, 40.037635 ], [ -75.202846, 40.039503 ], [ -75.19961, 40.036824 ], [ -75.198586, 40.037217 ], [ -75.196938, 40.033266 ], [ -75.190861, 40.031144 ], [ -75.189063, 40.031905 ], [ -75.187776, 40.030771 ], [ -75.186194, 40.029468 ], [ -75.185463, 40.028875 ], [ -75.187462, 40.0285 ], [ -75.193231, 40.024996 ], [ -75.193308, 40.024091 ], [ -75.197636, 40.021461 ], [ -75.202422, 40.015804 ], [ -75.206139, 40.014753 ], [ -75.206207, 40.01472 ], [ -75.207599, 40.012719 ], [ -75.208008, 40.012997 ], [ -75.207221, 40.016673 ], [ -75.205622, 40.017107 ], [ -75.203749, 40.016658 ], [ -75.202999, 40.017528 ], [ -75.204057, 40.020213 ], [ -75.202985, 40.024602 ], [ -75.201854, 40.025293 ], [ -75.20323, 40.025839 ], [ -75.205616, 40.028661 ], [ -75.203407, 40.029561 ], [ -75.205569, 40.032514 ], [ -75.207715, 40.031573 ], [ -75.208278, 40.033762 ], [ -75.208938, 40.035221 ], [ -75.210398, 40.03751 ], [ -75.213026, 40.039412 ], [ -75.214111, 40.040124 ], [ -75.216923, 40.042249 ], [ -75.217846, 40.044343 ], [ -75.217827, 40.0471 ], [ -75.218293, 40.048118 ], [ -75.218706, 40.04851 ], [ -75.227161, 40.052534 ], [ -75.230978, 40.053587 ], [ -75.232003, 40.054395 ], [ -75.227325, 40.056645 ], [ -75.229675, 40.059776 ], [ -75.228493, 40.060331 ], [ -75.227143, 40.059055 ], [ -75.224933, 40.058349 ], [ -75.223454, 40.059173 ], [ -75.225959, 40.062153 ], [ -75.2248, 40.062554 ], [ -75.225109, 40.06608 ], [ -75.223538, 40.067435 ], [ -75.226651, 40.070458 ], [ -75.228088, 40.070649 ], [ -75.227005, 40.072605 ], [ -75.225202, 40.074072 ], [ -75.230411, 40.077042 ], [ -75.225988, 40.079068 ], [ -75.227444, 40.081209 ], [ -75.231412, 40.082658 ], [ -75.232952, 40.083618 ] ] ] ] } },
{ "type": "Feature", "properties": { "STATEFP": "42", "COUNTYFP": "101", "TRACTCE": "034200", "GEOIDFQ": "1400000US42101034200", "GEOID": "42101034200", "NAME": "342", "NAMELSAD": "Census Tract 342", "STUSPS": "PA", "NAMELSADCO": "Philadelphia County", "STATE_NAME": "Pennsylvania", "LSAD": "CT", "ALAND": 1237805.0, "AWATER": 0.0 }, "geometry": { "type": "MultiPolygon", "coordinates": [ [ [ [ -75.082456, 40.082884 ], [ -75.077805, 40.08577 ], [ -75.07127, 40.092532 ], [ -75.069456, 40.094411 ], [ -75.066356, 40.092925 ], [ -75.066135, 40.092421 ], [ -75.072545, 40.088313 ], [ -75.074488, 40.086788 ], [ -75.070339, 40.086674 ], [ -75.068235, 40.085035 ], [ -75.063196, 40.084871 ], [ -75.062288, 40.084478 ], [ -75.068463, 40.080164 ], [ -75.066202, 40.077928 ], [ -75.067333, 40.075504 ], [ -75.067912, 40.075976 ], [ -75.071007, 40.077682 ], [ -75.073705, 40.079182 ], [ -75.076258, 40.080605 ], [ -75.078845, 40.082048 ], [ -75.082456, 40.082884 ] ] ] ] } },
{ "type": "Feature", "properties": { "STATEFP": "42", "COUNTYFP": "101", "TRACTCE": "023500", "GEOIDFQ": "1400000US42101023500", "GEOID": "42101023500", "NAME": "235", "NAMELSAD": "Census Tract 235", "STUSPS": "PA", "NAMELSADCO": "Philadelphia County", "STATE_NAME": "Pennsylvania", "LSAD": "CT", "ALAND": 799347.0, "AWATER": 0.0 }, "geometry": { "type": "MultiPolygon", "coordinates": [ [ [ [ -75.209969, 40.047081 ], [ -75.207679, 40.047496 ], [ -75.207005, 40.047063 ], [ -75.201433, 40.042404 ], [ -75.193127, 40.035381 ], [ -75.189063, 40.031905 ], [ -75.190861, 40.031144 ], [ -75.196938, 40.033266 ], [ -75.198586, 40.037217 ], [ -75.19961, 40.036824 ], [ -75.202846, 40.039503 ], [ -75.203164, 40.037635 ], [ -75.205546, 40.039057 ], [ -75.205944, 40.040667 ], [ -75.205276, 40.042677 ], [ -75.207016, 40.0416 ], [ -75.208173, 40.04199 ], [ -75.20994, 40.044636 ], [ -75.209969, 40.047081 ] ] ] ] } },
{ "type": "Feature", "properties": { "STATEFP": "42", "COUNTYFP": "101", "TRACTCE": "015102", "GEOIDFQ": "1400000US42101015102", "GEOID": "42101015102", "NAME": "151.02", "NAMELSAD": "Census Tract 151.02", "STUSPS": "PA", "NAMELSADCO": "Philadelphia County", "STATE_NAME": "Pennsylvania", "LSAD": "CT", "ALAND": 556564.0, "AWATER": 0.0 }, "geometry": { "type": "MultiPolygon", "coordinates": [ [ [ [ -75.184136, 39.986721 ], [ -75.183459, 39.9898 ], [ -75.181875, 39.989583 ], [ -75.180257, 39.989388 ], [ -75.177206, 39.988991 ], [ -75.175803, 39.988812 ], [ -75.174665, 39.988427 ], [ -75.174044, 39.988507 ], [ -75.174694, 39.985506 ], [ -75.175344, 39.982517 ], [ -75.176933, 39.982713 ], [ -75.179952, 39.983108 ], [ -75.181579, 39.983313 ], [ -75.181758, 39.983325 ], [ -75.184794, 39.983706 ], [ -75.184136, 39.986721 ] ] ] ] } },
{ "type": "Feature", "properties": { "STATEFP": "42", "COUNTYFP": "101", "TRACTCE": "024600", "GEOIDFQ": "1400000US42101024600", "GEOID": "42101024600", "NAME": "246", "NAMELSAD": "Census Tract 246", "STUSPS": "PA", "NAMELSADCO": "Philadelphia County", "STATE_NAME": "Pennsylvania", "LSAD": "CT", "ALAND": 621261.0, "AWATER": 0.0 }, "geometry": { "type": "MultiPolygon", "coordinates": [ [ [ [ -75.177757, 40.039401 ], [ -75.17573, 40.041333 ], [ -75.173355, 40.04362 ], [ -75.170725, 40.046151 ], [ -75.169492, 40.044531 ], [ -75.170855, 40.040445 ], [ -75.172027, 40.039141 ], [ -75.17206, 40.038118 ], [ -75.171368, 40.037315 ], [ -75.170377, 40.036921 ], [ -75.164809, 40.036452 ], [ -75.165747, 40.035702 ], [ -75.167084, 40.034393 ], [ -75.169211, 40.032314 ], [ -75.17061, 40.033131 ], [ -75.173514, 40.034831 ], [ -75.173951, 40.035193 ], [ -75.174724, 40.03582 ], [ -75.175208, 40.036232 ], [ -75.176428, 40.037794 ], [ -75.177629, 40.039229 ], [ -75.177757, 40.039401 ] ] ] ] } },
{ "type": "Feature", "properties": { "STATEFP": "42", "COUNTYFP": "101", "TRACTCE": "028500", "GEOIDFQ": "1400000US42101028500", "GEOID": "42101028500", "NAME": "285", "NAMELSAD": "Census Tract 285", "STUSPS": "PA", "NAMELSADCO": "Philadelphia County", "STATE_NAME": "Pennsylvania", "LSAD": "CT", "ALAND": 258296.0, "AWATER": 0.0 }, "geometry": { "type": "MultiPolygon", "coordinates": [ [ [ [ -75.135096, 40.026079 ], [ -75.135334, 40.027632 ], [ -75.13506, 40.02915 ], [ -75.135212, 40.030472 ], [ -75.135042, 40.033284 ], [ -75.13129, 40.032818 ], [ -75.132174, 40.028772 ], [ -75.133167, 40.024299 ], [ -75.133207, 40.024144 ], [ -75.135724, 40.023602 ], [ -75.135096, 40.026079 ] ] ] ] } },
{ "type": "Feature", "properties": { "STATEFP": "42", "COUNTYFP": "101", "TRACTCE": "007900", "GEOIDFQ": "1400000US42101007900", "GEOID": "42101007900", "NAME": "79", "NAMELSAD": "Census Tract 79", "STUSPS": "PA", "NAMELSADCO": "Philadelphia County", "STATE_NAME": "Pennsylvania", "LSAD": "CT", "ALAND": 377951.0, "AWATER": 0.0 }, "geometry": { "type": "MultiPolygon", "coordinates": [ [ [ [ -75.222914, 39.949975 ], [ -75.22275, 39.950754 ], [ -75.222589, 39.951519 ], [ -75.222279, 39.95304 ], [ -75.218347, 39.952553 ], [ -75.21635, 39.952302 ], [ -75.214373, 39.952053 ], [ -75.212393, 39.951811 ], [ -75.212716, 39.950292 ], [ -75.21292, 39.949065 ], [ -75.217121, 39.94861 ], [ -75.219234, 39.948368 ], [ -75.221237, 39.948161 ], [ -75.223315, 39.947925 ], [ -75.222914, 39.949975 ] ] ] ] } },
{ "type": "Feature", "properties": { "STATEFP": "42", "COUNTYFP": "101", "TRACTCE": "011800", "GEOIDFQ": "1400000US42101011800", "GEOID": "42101011800", "NAME": "118", "NAMELSAD": "Census Tract 118", "STUSPS": "PA", "NAMELSADCO": "Philadelphia County", "STATE_NAME": "Pennsylvania", "LSAD": "CT", "ALAND": 914502.0, "AWATER": 0.0 }, "geometry": { "type": "MultiPolygon", "coordinates": [ [ [ [ -75.245478, 39.986619 ], [ -75.239838, 39.989287 ], [ -75.238361, 39.990486 ], [ -75.237785, 39.990669 ], [ -75.236255, 39.990971 ], [ -75.233713, 39.992176 ], [ -75.233672, 39.991882 ], [ -75.233528, 39.990653 ], [ -75.232932, 39.988934 ], [ -75.23267, 39.988155 ], [ -75.232136, 39.986635 ], [ -75.231866, 39.985877 ], [ -75.230791, 39.982516 ], [ -75.2301, 39.981556 ], [ -75.228792, 39.980705 ], [ -75.228471, 39.97896 ], [ -75.2263, 39.977951 ], [ -75.226451, 39.977717 ], [ -75.226765, 39.977211 ], [ -75.230171, 39.978794 ], [ -75.234068, 39.980402 ], [ -75.235689, 39.980803 ], [ -75.239042, 39.98195 ], [ -75.23724, 39.98484 ], [ -75.240153, 39.985213 ], [ -75.244491, 39.985667 ], [ -75.245478, 39.986619 ] ] ] ] } },
{ "type": "Feature", "properties": { "STATEFP": "42", "COUNTYFP": "101", "TRACTCE": "014600", "GEOIDFQ": "1400000US42101014600", "GEOID": "42101014600", "NAME": "146", "NAMELSAD": "Census Tract 146", "STUSPS": "PA", "NAMELSADCO": "Philadelphia County", "STATE_NAME": "Pennsylvania", "LSAD": "CT", "ALAND": 445048.0, "AWATER": 0.0 }, "geometry": { "type": "MultiPolygon", "coordinates": [ [ [ [ -75.158526, 39.97585 ], [ -75.157581, 39.980223 ], [ -75.153808, 39.979733 ], [ -75.152235, 39.979531 ], [ -75.150661, 39.979325 ], [ -75.151915, 39.973588 ], [ -75.152188, 39.972318 ], [ -75.155341, 39.972725 ], [ -75.156616, 39.974198 ], [ -75.158782, 39.974482 ], [ -75.158526, 39.97585 ] ] ] ] } },
{ "type": "Feature", "properties": { "STATEFP": "42", "COUNTYFP": "101", "TRACTCE": "021400", "GEOIDFQ": "1400000US42101021400", "GEOID": "42101021400", "NAME": "214", "NAMELSAD": "Census Tract 214", "STUSPS": "PA", "NAMELSADCO": "Philadelphia County", "STATE_NAME": "Pennsylvania", "LSAD": "CT", "ALAND": 606692.0, "AWATER": 55006.0 }, "geometry": { "type": "MultiPolygon", "coordinates": [ [ [ [ -75.231381, 40.028615 ], [ -75.229513, 40.029492 ], [ -75.228765, 40.029792 ], [ -75.225127, 40.031643 ], [ -75.224657, 40.031899 ], [ -75.222391, 40.033052 ], [ -75.220448, 40.031211 ], [ -75.219114, 40.029931 ], [ -75.216632, 40.027602 ], [ -75.219176, 40.026306 ], [ -75.219699, 40.02614 ], [ -75.221027, 40.026228 ], [ -75.222251, 40.025715 ], [ -75.223694, 40.023712 ], [ -75.226652, 40.025267 ], [ -75.228149, 40.026031 ], [ -75.232042, 40.028037 ], [ -75.231381, 40.028615 ] ] ] ] } },
{ "type": "Feature", "properties": { "STATEFP": "42", "COUNTYFP": "101", "TRACTCE": "025600", "GEOIDFQ": "1400000US42101025600", "GEOID": "42101025600", "NAME": "256", "NAMELSAD": "Census Tract 256", "STUSPS": "PA", "NAMELSADCO": "Philadelphia County", "STATE_NAME": "Pennsylvania", "LSAD": "CT", "ALAND": 865284.0, "AWATER": 1982.0 }, "geometry": { "type": "MultiPolygon", "coordinates": [ [ [ [ -75.196385, 40.066623 ], [ -75.193222, 40.06909 ], [ -75.190626, 40.071989 ], [ -75.189203, 40.073174 ], [ -75.188461, 40.07275 ], [ -75.188052, 40.072503 ], [ -75.181751, 40.068902 ], [ -75.18437, 40.066442 ], [ -75.185757, 40.065121 ], [ -75.188629, 40.062443 ], [ -75.191054, 40.060176 ], [ -75.191876, 40.061257 ], [ -75.192891, 40.062662 ], [ -75.195726, 40.065177 ], [ -75.196385, 40.066623 ] ] ] ] } },
{ "type": "Feature", "properties": { "STATEFP": "42", "COUNTYFP": "101", "TRACTCE": "027902", "GEOIDFQ": "1400000US42101027902", "GEOID": "42101027902", "NAME": "279.02", "NAMELSAD": "Census Tract 279.02", "STUSPS": "PA", "NAMELSADCO": "Philadelphia County", "STATE_NAME": "Pennsylvania", "LSAD": "CT", "ALAND": 889786.0, "AWATER": 0.0 }, "geometry": { "type": "MultiPolygon", "coordinates": [ [ [ [ -75.158363, 40.036346 ], [ -75.158341, 40.042021 ], [ -75.158306, 40.042861 ], [ -75.153946, 40.042752 ], [ -75.153883, 40.043659 ], [ -75.152081, 40.043608 ], [ -75.149796, 40.043673 ], [ -75.150336, 40.042028 ], [ -75.151249, 40.041174 ], [ -75.151505, 40.040612 ], [ -75.149988, 40.038971 ], [ -75.149126, 40.037464 ], [ -75.149859, 40.035827 ], [ -75.151272, 40.032579 ], [ -75.152369, 40.031387 ], [ -75.154034, 40.031564 ], [ -75.154776, 40.031452 ], [ -75.158124, 40.030825 ], [ -75.15764, 40.033206 ], [ -75.159601, 40.035137 ], [ -75.158363, 40.036346 ] ] ] ] } },
{ "type": "Feature", "properties": { "STATEFP": "42", "COUNTYFP": "101", "TRACTCE": "034000", "GEOIDFQ": "1400000US42101034000", "GEOID": "42101034000", "NAME": "340", "NAMELSAD": "Census Tract 340", "STUSPS": "PA", "NAMELSADCO": "Philadelphia County", "STATE_NAME": "Pennsylvania", "LSAD": "CT", "ALAND": 763894.0, "AWATER": 729.0 }, "geometry": { "type": "MultiPolygon", "coordinates": [ [ [ [ -75.07966, 40.069203 ], [ -75.0759, 40.072884 ], [ -75.071007, 40.077682 ], [ -75.067912, 40.075976 ], [ -75.067333, 40.075504 ], [ -75.068958, 40.072358 ], [ -75.068862, 40.071845 ], [ -75.070412, 40.07022 ], [ -75.067838, 40.068959 ], [ -75.069297, 40.068345 ], [ -75.074845, 40.066538 ], [ -75.077177, 40.065785 ], [ -75.080965, 40.067974 ], [ -75.07966, 40.069203 ] ] ] ] } },
{ "type": "Feature", "properties": { "STATEFP": "42", "COUNTYFP": "101", "TRACTCE": "980800", "GEOIDFQ": "1400000US42101980800", "GEOID": "42101980800", "NAME": "9808", "NAMELSAD": "Census Tract 9808", "STUSPS": "PA", "NAMELSADCO": "Philadelphia County", "STATE_NAME": "Pennsylvania", "LSAD": "CT", "ALAND": 2103934.0, "AWATER": 43822.0 }, "geometry": { "type": "MultiPolygon", "coordinates": [ [ [ [ -75.280266, 39.974964 ], [ -75.276482, 39.976959 ], [ -75.275871, 39.977245 ], [ -75.271639, 39.972082 ], [ -75.269314, 39.97301 ], [ -75.26562, 39.969941 ], [ -75.2619, 39.972584 ], [ -75.259797, 39.974672 ], [ -75.261996, 39.977598 ], [ -75.265918, 39.979251 ], [ -75.267973, 39.980757 ], [ -75.265566, 39.981832 ], [ -75.261282, 39.978272 ], [ -75.259471, 39.97978 ], [ -75.259062, 39.982814 ], [ -75.257113, 39.983789 ], [ -75.255918, 39.978122 ], [ -75.255661, 39.976755 ], [ -75.255196, 39.97426 ], [ -75.254752, 39.971527 ], [ -75.255123, 39.970036 ], [ -75.250481, 39.96946 ], [ -75.251119, 39.966398 ], [ -75.247169, 39.965927 ], [ -75.247109, 39.964294 ], [ -75.246425, 39.964276 ], [ -75.246753, 39.962705 ], [ -75.247688, 39.962817 ], [ -75.248056, 39.964074 ], [ -75.250313, 39.965069 ], [ -75.25414, 39.965404 ], [ -75.25711, 39.963719 ], [ -75.259078, 39.965692 ], [ -75.260491, 39.966313 ], [ -75.265448, 39.965257 ], [ -75.267386, 39.966215 ], [ -75.270002, 39.967479 ], [ -75.270598, 39.96866 ], [ -75.275394, 39.969575 ], [ -75.27754, 39.971127 ], [ -75.280266, 39.974964 ] ] ] ] } },
{ "type": "Feature", "properties": { "STATEFP": "42", "COUNTYFP": "101", "TRACTCE": "000401", "GEOIDFQ": "1400000US42101000401", "GEOID": "42101000401", "NAME": "4.01", "NAMELSAD": "Census Tract 4.01", "STUSPS": "PA", "NAMELSADCO": "Philadelphia County", "STATE_NAME": "Pennsylvania", "LSAD": "CT", "ALAND": 216838.0, "AWATER": 15884.0 }, "geometry": { "type": "MultiPolygon", "coordinates": [ [ [ [ -75.180223, 39.954472 ], [ -75.17972, 39.956164 ], [ -75.177527, 39.95549 ], [ -75.176234, 39.956032 ], [ -75.172783, 39.955604 ], [ -75.173176, 39.953571 ], [ -75.173489, 39.952052 ], [ -75.175407, 39.952291 ], [ -75.176191, 39.952387 ], [ -75.180909, 39.952982 ], [ -75.180223, 39.954472 ] ] ] ] } },
{ "type": "Feature", "properties": { "STATEFP": "42", "COUNTYFP": "101", "TRACTCE": "000300", "GEOIDFQ": "1400000US42101000300", "GEOID": "42101000300", "NAME": "3", "NAMELSAD": "Census Tract 3", "STUSPS": "PA", "NAMELSADCO": "Philadelphia County", "STATE_NAME": "Pennsylvania", "LSAD": "CT", "ALAND": 546267.0, "AWATER": 22673.0 }, "geometry": { "type": "MultiPolygon", "coordinates": [ [ [ [ -75.179937, 39.960028 ], [ -75.175482, 39.959448 ], [ -75.172002, 39.959007 ], [ -75.168827, 39.958627 ], [ -75.167233, 39.958431 ], [ -75.165658, 39.95823 ], [ -75.162339, 39.957825 ], [ -75.162688, 39.956227 ], [ -75.163093, 39.9544 ], [ -75.166365, 39.954816 ], [ -75.167989, 39.955008 ], [ -75.16957, 39.955205 ], [ -75.171134, 39.955394 ], [ -75.172783, 39.955604 ], [ -75.176234, 39.956032 ], [ -75.177527, 39.95549 ], [ -75.17972, 39.956164 ], [ -75.179327, 39.95738 ], [ -75.179126, 39.958004 ], [ -75.179937, 39.960028 ] ] ] ] } },
{ "type": "Feature", "properties": { "STATEFP": "42", "COUNTYFP": "101", "TRACTCE": "003902", "GEOIDFQ": "1400000US42101003902", "GEOID": "42101003902", "NAME": "39.02", "NAMELSAD": "Census Tract 39.02", "STUSPS": "PA", "NAMELSADCO": "Philadelphia County", "STATE_NAME": "Pennsylvania", "LSAD": "CT", "ALAND": 452952.0, "AWATER": 0.0 }, "geometry": { "type": "MultiPolygon", "coordinates": [ [ [ [ -75.17763, 39.914983 ], [ -75.177732, 39.917575 ], [ -75.177438, 39.91897 ], [ -75.177082, 39.920207 ], [ -75.175614, 39.920013 ], [ -75.174033, 39.919809 ], [ -75.173748, 39.92106 ], [ -75.170581, 39.920653 ], [ -75.170854, 39.91941 ], [ -75.171122, 39.918152 ], [ -75.171423, 39.916757 ], [ -75.172253, 39.912388 ], [ -75.177806, 39.91309 ], [ -75.17763, 39.914983 ] ] ] ] } },
{ "type": "Feature", "properties": { "STATEFP": "42", "COUNTYFP": "101", "TRACTCE": "007200", "GEOIDFQ": "1400000US42101007200", "GEOID": "42101007200", "NAME": "72", "NAMELSAD": "Census Tract 72", "STUSPS": "PA", "NAMELSADCO": "Philadelphia County", "STATE_NAME": "Pennsylvania", "LSAD": "CT", "ALAND": 502743.0, "AWATER": 0.0 }, "geometry": { "type": "MultiPolygon", "coordinates": [ [ [ [ -75.240052, 39.945917 ], [ -75.235822, 39.946835 ], [ -75.233604, 39.947351 ], [ -75.231289, 39.94782 ], [ -75.229449, 39.947779 ], [ -75.228342, 39.946167 ], [ -75.228686, 39.945913 ], [ -75.226805, 39.945083 ], [ -75.228184, 39.944134 ], [ -75.229553, 39.943168 ], [ -75.230928, 39.942194 ], [ -75.231676, 39.941671 ], [ -75.233632, 39.940292 ], [ -75.235033, 39.941474 ], [ -75.236424, 39.942646 ], [ -75.237132, 39.943237 ], [ -75.240266, 39.945866 ], [ -75.240052, 39.945917 ] ] ] ] } },
{ "type": "Feature", "properties": { "STATEFP": "42", "COUNTYFP": "101", "TRACTCE": "008802", "GEOIDFQ": "1400000US42101008802", "GEOID": "42101008802", "NAME": "88.02", "NAMELSAD": "Census Tract 88.02", "STUSPS": "PA", "NAMELSADCO": "Philadelphia County", "STATE_NAME": "Pennsylvania", "LSAD": "CT", "ALAND": 395055.0, "AWATER": 0.0 }, "geometry": { "type": "MultiPolygon", "coordinates": [ [ [ [ -75.205802, 39.950985 ], [ -75.20546, 39.952682 ], [ -75.205334, 39.95328 ], [ -75.205092, 39.954419 ], [ -75.204933, 39.955181 ], [ -75.204145, 39.957422 ], [ -75.201953, 39.957149 ], [ -75.199622, 39.95686 ], [ -75.200098, 39.954582 ], [ -75.20026, 39.95382 ], [ -75.200525, 39.952695 ], [ -75.200801, 39.951458 ], [ -75.199204, 39.951257 ], [ -75.199519, 39.95022 ], [ -75.199545, 39.949211 ], [ -75.200967, 39.949862 ], [ -75.205167, 39.948522 ], [ -75.205656, 39.948053 ], [ -75.205759, 39.949832 ], [ -75.205802, 39.950985 ] ] ] ] } },
{ "type": "Feature", "properties": { "STATEFP": "42", "COUNTYFP": "101", "TRACTCE": "033000", "GEOIDFQ": "1400000US42101033000", "GEOID": "42101033000", "NAME": "330", "NAMELSAD": "Census Tract 330", "STUSPS": "PA", "NAMELSADCO": "Philadelphia County", "STATE_NAME": "Pennsylvania", "LSAD": "CT", "ALAND": 733440.0, "AWATER": 0.0 }, "geometry": { "type": "MultiPolygon", "coordinates": [ [ [ [ -75.04086, 40.036757 ], [ -75.039289, 40.03734 ], [ -75.037138, 40.038121 ], [ -75.036276, 40.038441 ], [ -75.033427, 40.039473 ], [ -75.032295, 40.037622 ], [ -75.030905, 40.035358 ], [ -75.030793, 40.03519 ], [ -75.02798, 40.031894 ], [ -75.029706, 40.030947 ], [ -75.028413, 40.029758 ], [ -75.032752, 40.02705 ], [ -75.03517, 40.030116 ], [ -75.036906, 40.032252 ], [ -75.037753, 40.033308 ], [ -75.04034, 40.036458 ], [ -75.04086, 40.036757 ] ] ] ] } },
{ "type": "Feature", "properties": { "STATEFP": "42", "COUNTYFP": "101", "TRACTCE": "036202", "GEOIDFQ": "1400000US42101036202", "GEOID": "42101036202", "NAME": "362.02", "NAMELSAD": "Census Tract 362.02", "STUSPS": "PA", "NAMELSADCO": "Philadelphia County", "STATE_NAME": "Pennsylvania", "LSAD": "CT", "ALAND": 1102852.0, "AWATER": 2329.0 }, "geometry": { "type": "MultiPolygon", "coordinates": [ [ [ [ -74.984631, 40.074335 ], [ -74.982487, 40.077246 ], [ -74.981807, 40.082355 ], [ -74.981546, 40.083583 ], [ -74.980404, 40.085545 ], [ -74.980158, 40.086256 ], [ -74.980601, 40.087914 ], [ -74.982159, 40.088266 ], [ -74.98418, 40.089906 ], [ -74.982114, 40.091942 ], [ -74.980021, 40.093712 ], [ -74.976932, 40.09114 ], [ -74.971611, 40.087236 ], [ -74.97582, 40.081889 ], [ -74.976298, 40.081454 ], [ -74.97725, 40.080506 ], [ -74.977684, 40.079834 ], [ -74.981173, 40.071985 ], [ -74.982876, 40.073261 ], [ -74.984631, 40.074335 ] ] ] ] } },
{ "type": "Feature", "properties": { "STATEFP": "42", "COUNTYFP": "101", "TRACTCE": "017201", "GEOIDFQ": "1400000US42101017201", "GEOID": "42101017201", "NAME": "172.01", "NAMELSAD": "Census Tract 172.01", "STUSPS": "PA", "NAMELSADCO": "Philadelphia County", "STATE_NAME": "Pennsylvania", "LSAD": "CT", "ALAND": 262958.0, "AWATER": 0.0 }, "geometry": { "type": "MultiPolygon", "coordinates": [ [ [ [ -75.171997, 39.997826 ], [ -75.17042, 39.997618 ], [ -75.170087, 39.999116 ], [ -75.169754, 40.000622 ], [ -75.169093, 40.003671 ], [ -75.168943, 40.00366 ], [ -75.165896, 40.003269 ], [ -75.166562, 40.000199 ], [ -75.167215, 39.997197 ], [ -75.167568, 39.995621 ], [ -75.170767, 39.996036 ], [ -75.172355, 39.99624 ], [ -75.171997, 39.997826 ] ] ] ] } },
{ "type": "Feature", "properties": { "STATEFP": "42", "COUNTYFP": "101", "TRACTCE": "019000", "GEOIDFQ": "1400000US42101019000", "GEOID": "42101019000", "NAME": "190", "NAMELSAD": "Census Tract 190", "STUSPS": "PA", "NAMELSADCO": "Philadelphia County", "STATE_NAME": "Pennsylvania", "LSAD": "CT", "ALAND": 778606.0, "AWATER": 6099.0 }, "geometry": { "type": "MultiPolygon", "coordinates": [ [ [ [ -75.10327, 40.005602 ], [ -75.103146, 40.006202 ], [ -75.102552, 40.009202 ], [ -75.102216, 40.010789 ], [ -75.101864, 40.012369 ], [ -75.101557, 40.013878 ], [ -75.099374, 40.013583 ], [ -75.097431, 40.013325 ], [ -75.097055, 40.015202 ], [ -75.097041, 40.01595 ], [ -75.095823, 40.01575 ], [ -75.0944, 40.014785 ], [ -75.093531, 40.013395 ], [ -75.094363, 40.011383 ], [ -75.094819, 40.009406 ], [ -75.092574, 40.007932 ], [ -75.094104, 40.007096 ], [ -75.101811, 40.002863 ], [ -75.103797, 40.003134 ], [ -75.10327, 40.005602 ] ] ] ] } },
{ "type": "Feature", "properties": { "STATEFP": "42", "COUNTYFP": "101", "TRACTCE": "038400", "GEOIDFQ": "1400000US42101038400", "GEOID": "42101038400", "NAME": "384", "NAMELSAD": "Census Tract 384", "STUSPS": "PA", "NAMELSADCO": "Philadelphia County", "STATE_NAME": "Pennsylvania", "LSAD": "CT", "ALAND": 2590560.0, "AWATER": 0.0 }, "geometry": { "type": "MultiPolygon", "coordinates": [ [ [ [ -75.243288, 40.073494 ], [ -75.232952, 40.083618 ], [ -75.231412, 40.082658 ], [ -75.227444, 40.081209 ], [ -75.225988, 40.079068 ], [ -75.230411, 40.077042 ], [ -75.225202, 40.074072 ], [ -75.227005, 40.072605 ], [ -75.228088, 40.070649 ], [ -75.226651, 40.070458 ], [ -75.223538, 40.067435 ], [ -75.225109, 40.06608 ], [ -75.2248, 40.062554 ], [ -75.225959, 40.062153 ], [ -75.223454, 40.059173 ], [ -75.224933, 40.058349 ], [ -75.227143, 40.059055 ], [ -75.228493, 40.060331 ], [ -75.226912, 40.061721 ], [ -75.228446, 40.06254 ], [ -75.228211, 40.064678 ], [ -75.230082, 40.0663 ], [ -75.231724, 40.064099 ], [ -75.238182, 40.059771 ], [ -75.23885, 40.060815 ], [ -75.240092, 40.067344 ], [ -75.241075, 40.070395 ], [ -75.242047, 40.071949 ], [ -75.243288, 40.073494 ] ] ] ] } },
{ "type": "Feature", "properties": { "STATEFP": "42", "COUNTYFP": "101", "TRACTCE": "025200", "GEOIDFQ": "1400000US42101025200", "GEOID": "42101025200", "NAME": "252", "NAMELSAD": "Census Tract 252", "STUSPS": "PA", "NAMELSADCO": "Philadelphia County", "STATE_NAME": "Pennsylvania", "LSAD": "CT", "ALAND": 952424.0, "AWATER": 0.0 }, "geometry": { "type": "MultiPolygon", "coordinates": [ [ [ [ -75.183398, 40.048254 ], [ -75.179616, 40.051956 ], [ -75.177983, 40.05356 ], [ -75.177193, 40.05308 ], [ -75.175804, 40.052241 ], [ -75.17326, 40.050667 ], [ -75.172888, 40.050431 ], [ -75.171755, 40.048359 ], [ -75.171536, 40.047888 ], [ -75.170725, 40.046151 ], [ -75.173355, 40.04362 ], [ -75.17573, 40.041333 ], [ -75.177757, 40.039401 ], [ -75.180884, 40.043246 ], [ -75.181701, 40.044831 ], [ -75.182203, 40.045894 ], [ -75.183398, 40.048254 ] ] ] ] } },
{ "type": "Feature", "properties": { "STATEFP": "42", "COUNTYFP": "101", "TRACTCE": "012501", "GEOIDFQ": "1400000US42101012501", "GEOID": "42101012501", "NAME": "125.01", "NAMELSAD": "Census Tract 125.01", "STUSPS": "PA", "NAMELSADCO": "Philadelphia County", "STATE_NAME": "Pennsylvania", "LSAD": "CT", "ALAND": 295431.0, "AWATER": 0.0 }, "geometry": { "type": "MultiPolygon", "coordinates": [ [ [ [ -75.168773, 39.958892 ], [ -75.168429, 39.9604 ], [ -75.168108, 39.961893 ], [ -75.167806, 39.963306 ], [ -75.166227, 39.963112 ], [ -75.164656, 39.96291 ], [ -75.161384, 39.962474 ], [ -75.161645, 39.961021 ], [ -75.161959, 39.959571 ], [ -75.162339, 39.957825 ], [ -75.165658, 39.95823 ], [ -75.167233, 39.958431 ], [ -75.168827, 39.958627 ], [ -75.168773, 39.958892 ] ] ] ] } },
{ "type": "Feature", "properties": { "STATEFP": "42", "COUNTYFP": "101", "TRACTCE": "039002", "GEOIDFQ": "1400000US42101039002", "GEOID": "42101039002", "NAME": "390.02", "NAMELSAD": "Census Tract 390.02", "STUSPS": "PA", "NAMELSADCO": "Philadelphia County", "STATE_NAME": "Pennsylvania", "LSAD": "CT", "ALAND": 1087570.0, "AWATER": 0.0 }, "geometry": { "type": "MultiPolygon", "coordinates": [ [ [ [ -75.104244, 40.030261 ], [ -75.101148, 40.033334 ], [ -75.098416, 40.036101 ], [ -75.096847, 40.03697 ], [ -75.096098, 40.036574 ], [ -75.095566, 40.037178 ], [ -75.09203, 40.040214 ], [ -75.091311, 40.038586 ], [ -75.089404, 40.037263 ], [ -75.09227, 40.034323 ], [ -75.090599, 40.033398 ], [ -75.089204, 40.032628 ], [ -75.088078, 40.032 ], [ -75.086551, 40.031133 ], [ -75.09399, 40.027037 ], [ -75.096038, 40.026567 ], [ -75.098696, 40.027853 ], [ -75.101728, 40.029726 ], [ -75.102431, 40.029934 ], [ -75.104331, 40.029981 ], [ -75.104244, 40.030261 ] ] ] ] } },
{ "type": "Feature", "properties": { "STATEFP": "42", "COUNTYFP": "101", "TRACTCE": "018802", "GEOIDFQ": "1400000US42101018802", "GEOID": "42101018802", "NAME": "188.02", "NAMELSAD": "Census Tract 188.02", "STUSPS": "PA", "NAMELSADCO": "Philadelphia County", "STATE_NAME": "Pennsylvania", "LSAD": "CT", "ALAND": 252066.0, "AWATER": 0.0 }, "geometry": { "type": "MultiPolygon", "coordinates": [ [ [ [ -75.106442, 40.000322 ], [ -75.104197, 40.001525 ], [ -75.100973, 40.001086 ], [ -75.100085, 40.000977 ], [ -75.097949, 39.998496 ], [ -75.100367, 39.997206 ], [ -75.102674, 39.996008 ], [ -75.104043, 39.997555 ], [ -75.104335, 39.997884 ], [ -75.106442, 40.000322 ] ] ] ] } },
{ "type": "Feature", "properties": { "STATEFP": "42", "COUNTYFP": "101", "TRACTCE": "025900", "GEOIDFQ": "1400000US42101025900", "GEOID": "42101025900", "NAME": "259", "NAMELSAD": "Census Tract 259", "STUSPS": "PA", "NAMELSADCO": "Philadelphia County", "STATE_NAME": "Pennsylvania", "LSAD": "CT", "ALAND": 549417.0, "AWATER": 0.0 }, "geometry": { "type": "MultiPolygon", "coordinates": [ [ [ [ -75.180901, 40.080219 ], [ -75.179756, 40.081333 ], [ -75.176438, 40.084649 ], [ -75.172951, 40.082581 ], [ -75.171601, 40.081813 ], [ -75.169914, 40.080818 ], [ -75.172621, 40.078103 ], [ -75.174171, 40.076549 ], [ -75.175509, 40.075214 ], [ -75.176841, 40.07598 ], [ -75.180238, 40.078084 ], [ -75.182053, 40.079102 ], [ -75.180901, 40.080219 ] ] ] ] } },
{ "type": "Feature", "properties": { "STATEFP": "42", "COUNTYFP": "101", "TRACTCE": "036302", "GEOIDFQ": "1400000US42101036302", "GEOID": "42101036302", "NAME": "363.02", "NAMELSAD": "Census Tract 363.02", "STUSPS": "PA", "NAMELSADCO": "Philadelphia County", "STATE_NAME": "Pennsylvania", "LSAD": "CT", "ALAND": 520968.0, "AWATER": 0.0 }, "geometry": { "type": "MultiPolygon", "coordinates": [ [ [ [ -74.981997, 40.102454 ], [ -74.9781, 40.099212 ], [ -74.977757, 40.098433 ], [ -74.976783, 40.095969 ], [ -74.976011, 40.093751 ], [ -74.976379, 40.091335 ], [ -74.976932, 40.09114 ], [ -74.980021, 40.093712 ], [ -74.986674, 40.099278 ], [ -74.981997, 40.102454 ] ] ] ] } },
{ "type": "Feature", "properties": { "STATEFP": "42", "COUNTYFP": "101", "TRACTCE": "000702", "GEOIDFQ": "1400000US42101000702", "GEOID": "42101000702", "NAME": "7.02", "NAMELSAD": "Census Tract 7.02", "STUSPS": "PA", "NAMELSADCO": "Philadelphia County", "STATE_NAME": "Pennsylvania", "LSAD": "CT", "ALAND": 106191.0, "AWATER": 7087.0 }, "geometry": { "type": "MultiPolygon", "coordinates": [ [ [ [ -75.180909, 39.952982 ], [ -75.176191, 39.952387 ], [ -75.175407, 39.952291 ], [ -75.173489, 39.952052 ], [ -75.173813, 39.950531 ], [ -75.175738, 39.950769 ], [ -75.176519, 39.95087 ], [ -75.177323, 39.950964 ], [ -75.178479, 39.951104 ], [ -75.181663, 39.951509 ], [ -75.180909, 39.952982 ] ] ] ] } },
{ "type": "Feature", "properties": { "STATEFP": "42", "COUNTYFP": "101", "TRACTCE": "036902", "GEOIDFQ": "1400000US42101036902", "GEOID": "42101036902", "NAME": "369.02", "NAMELSAD": "Census Tract 369.02", "STUSPS": "PA", "NAMELSADCO": "Philadelphia County", "STATE_NAME": "Pennsylvania", "LSAD": "CT", "ALAND": 883507.0, "AWATER": 49251.0 }, "geometry": { "type": "MultiPolygon", "coordinates": [ [ [ [ -75.199204, 39.951257 ], [ -75.197243, 39.951021 ], [ -75.196762, 39.953387 ], [ -75.196121, 39.956429 ], [ -75.194152, 39.95618 ], [ -75.191464, 39.955843 ], [ -75.187064, 39.955295 ], [ -75.180223, 39.954472 ], [ -75.180909, 39.952982 ], [ -75.181663, 39.951509 ], [ -75.183288, 39.949512 ], [ -75.185634, 39.948021 ], [ -75.187231, 39.947176 ], [ -75.191689, 39.95032 ], [ -75.192587, 39.950446 ], [ -75.195322, 39.950781 ], [ -75.195577, 39.949728 ], [ -75.199519, 39.95022 ], [ -75.199204, 39.951257 ] ] ] ] } },
{ "type": "Feature", "properties": { "STATEFP": "42", "COUNTYFP": "101", "TRACTCE": "004001", "GEOIDFQ": "1400000US42101004001", "GEOID": "42101004001", "NAME": "40.01", "NAMELSAD": "Census Tract 40.01", "STUSPS": "PA", "NAMELSADCO": "Philadelphia County", "STATE_NAME": "Pennsylvania", "LSAD": "CT", "ALAND": 314911.0, "AWATER": 0.0 }, "geometry": { "type": "MultiPolygon", "coordinates": [ [ [ [ -75.170023, 39.923138 ], [ -75.169744, 39.924409 ], [ -75.169499, 39.925531 ], [ -75.16735, 39.926579 ], [ -75.165483, 39.926333 ], [ -75.162338, 39.92592 ], [ -75.162876, 39.923489 ], [ -75.163142, 39.922263 ], [ -75.163412, 39.921015 ], [ -75.166563, 39.921418 ], [ -75.170309, 39.921885 ], [ -75.170023, 39.923138 ] ] ] ] } },
{ "type": "Feature", "properties": { "STATEFP": "42", "COUNTYFP": "101", "TRACTCE": "026301", "GEOIDFQ": "1400000US42101026301", "GEOID": "42101026301", "NAME": "263.01", "NAMELSAD": "Census Tract 263.01", "STUSPS": "PA", "NAMELSADCO": "Philadelphia County", "STATE_NAME": "Pennsylvania", "LSAD": "CT", "ALAND": 406340.0, "AWATER": 0.0 }, "geometry": { "type": "MultiPolygon", "coordinates": [ [ [ [ -75.167097, 40.07332 ], [ -75.166062, 40.074338 ], [ -75.163399, 40.07695 ], [ -75.161285, 40.075764 ], [ -75.158417, 40.074169 ], [ -75.161313, 40.071386 ], [ -75.162035, 40.070685 ], [ -75.164106, 40.068662 ], [ -75.165348, 40.069372 ], [ -75.166725, 40.070165 ], [ -75.16899, 40.071473 ], [ -75.167097, 40.07332 ] ] ] ] } },
{ "type": "Feature", "properties": { "STATEFP": "42", "COUNTYFP": "101", "TRACTCE": "003701", "GEOIDFQ": "1400000US42101003701", "GEOID": "42101003701", "NAME": "37.01", "NAMELSAD": "Census Tract 37.01", "STUSPS": "PA", "NAMELSADCO": "Philadelphia County", "STATE_NAME": "Pennsylvania", "LSAD": "CT", "ALAND": 355619.0, "AWATER": 0.0 }, "geometry": { "type": "MultiPolygon", "coordinates": [ [ [ [ -75.18524, 39.930146 ], [ -75.183601, 39.929928 ], [ -75.181944, 39.929729 ], [ -75.180367, 39.929521 ], [ -75.178445, 39.929271 ], [ -75.175289, 39.928867 ], [ -75.175562, 39.927642 ], [ -75.175741, 39.92685 ], [ -75.176088, 39.925198 ], [ -75.17767, 39.92539 ], [ -75.179242, 39.925606 ], [ -75.181159, 39.92585 ], [ -75.181698, 39.925924 ], [ -75.182743, 39.926058 ], [ -75.18333, 39.926134 ], [ -75.184393, 39.926276 ], [ -75.186029, 39.926481 ], [ -75.18524, 39.930146 ] ] ] ] } },
{ "type": "Feature", "properties": { "STATEFP": "42", "COUNTYFP": "101", "TRACTCE": "000801", "GEOIDFQ": "1400000US42101000801", "GEOID": "42101000801", "NAME": "8.01", "NAMELSAD": "Census Tract 8.01", "STUSPS": "PA", "NAMELSADCO": "Philadelphia County", "STATE_NAME": "Pennsylvania", "LSAD": "CT", "ALAND": 99957.0, "AWATER": 12755.0 }, "geometry": { "type": "MultiPolygon", "coordinates": [ [ [ [ -75.181663, 39.951509 ], [ -75.178479, 39.951104 ], [ -75.177323, 39.950964 ], [ -75.177843, 39.94861 ], [ -75.178994, 39.94875 ], [ -75.180021, 39.948872 ], [ -75.181134, 39.949008 ], [ -75.183288, 39.949512 ], [ -75.181663, 39.951509 ] ] ] ] } },
{ "type": "Feature", "properties": { "STATEFP": "42", "COUNTYFP": "101", "TRACTCE": "013800", "GEOIDFQ": "1400000US42101013800", "GEOID": "42101013800", "NAME": "138", "NAMELSAD": "Census Tract 138", "STUSPS": "PA", "NAMELSADCO": "Philadelphia County", "STATE_NAME": "Pennsylvania", "LSAD": "CT", "ALAND": 341257.0, "AWATER": 0.0 }, "geometry": { "type": "MultiPolygon", "coordinates": [ [ [ [ -75.179779, 39.977188 ], [ -75.179172, 39.979988 ], [ -75.177585, 39.979774 ], [ -75.175989, 39.979572 ], [ -75.174393, 39.97938 ], [ -75.173126, 39.97775 ], [ -75.173414, 39.976363 ], [ -75.173785, 39.974677 ], [ -75.177852, 39.974247 ], [ -75.177862, 39.97248 ], [ -75.178108, 39.972509 ], [ -75.180729, 39.972841 ], [ -75.179779, 39.977188 ] ] ] ] } },
{ "type": "Feature", "properties": { "STATEFP": "42", "COUNTYFP": "101", "TRACTCE": "031800", "GEOIDFQ": "1400000US42101031800", "GEOID": "42101031800", "NAME": "318", "NAMELSAD": "Census Tract 318", "STUSPS": "PA", "NAMELSADCO": "Philadelphia County", "STATE_NAME": "Pennsylvania", "LSAD": "CT", "ALAND": 509349.0, "AWATER": 0.0 }, "geometry": { "type": "MultiPolygon", "coordinates": [ [ [ [ -75.084273, 40.032172 ], [ -75.080235, 40.03311 ], [ -75.075052, 40.034299 ], [ -75.070806, 40.03528 ], [ -75.072682, 40.031938 ], [ -75.073733, 40.029784 ], [ -75.074325, 40.028469 ], [ -75.075488, 40.027071 ], [ -75.077214, 40.027491 ], [ -75.07908, 40.028552 ], [ -75.079693, 40.028894 ], [ -75.080866, 40.029556 ], [ -75.084197, 40.031438 ], [ -75.084134, 40.031964 ], [ -75.084273, 40.032172 ] ] ] ] } },
{ "type": "Feature", "properties": { "STATEFP": "42", "COUNTYFP": "101", "TRACTCE": "033200", "GEOIDFQ": "1400000US42101033200", "GEOID": "42101033200", "NAME": "332", "NAMELSAD": "Census Tract 332", "STUSPS": "PA", "NAMELSADCO": "Philadelphia County", "STATE_NAME": "Pennsylvania", "LSAD": "CT", "ALAND": 842715.0, "AWATER": 0.0 }, "geometry": { "type": "MultiPolygon", "coordinates": [ [ [ [ -75.054646, 40.044645 ], [ -75.052455, 40.046732 ], [ -75.051619, 40.047072 ], [ -75.047775, 40.046246 ], [ -75.045269, 40.046509 ], [ -75.043694, 40.047502 ], [ -75.041323, 40.047292 ], [ -75.039255, 40.045982 ], [ -75.033824, 40.04466 ], [ -75.034393, 40.044379 ], [ -75.040003, 40.041793 ], [ -75.043322, 40.040305 ], [ -75.045919, 40.039643 ], [ -75.049027, 40.041412 ], [ -75.052228, 40.043271 ], [ -75.054287, 40.044448 ], [ -75.054646, 40.044645 ] ] ] ] } },
{ "type": "Feature", "properties": { "STATEFP": "42", "COUNTYFP": "101", "TRACTCE": "016701", "GEOIDFQ": "1400000US42101016701", "GEOID": "42101016701", "NAME": "167.01", "NAMELSAD": "Census Tract 167.01", "STUSPS": "PA", "NAMELSADCO": "Philadelphia County", "STATE_NAME": "Pennsylvania", "LSAD": "CT", "ALAND": 254216.0, "AWATER": 0.0 }, "geometry": { "type": "MultiPolygon", "coordinates": [ [ [ [ -75.1635, 39.990401 ], [ -75.16294, 39.993043 ], [ -75.163749, 39.993966 ], [ -75.164094, 39.995169 ], [ -75.160946, 39.994737 ], [ -75.159918, 39.994591 ], [ -75.159366, 39.994525 ], [ -75.159721, 39.992971 ], [ -75.160044, 39.991473 ], [ -75.160365, 39.989991 ], [ -75.160695, 39.988495 ], [ -75.161032, 39.986907 ], [ -75.164184, 39.987311 ], [ -75.1635, 39.990401 ] ] ] ] } },
{ "type": "Feature", "properties": { "STATEFP": "42", "COUNTYFP": "101", "TRACTCE": "002300", "GEOIDFQ": "1400000US42101002300", "GEOID": "42101002300", "NAME": "23", "NAMELSAD": "Census Tract 23", "STUSPS": "PA", "NAMELSADCO": "Philadelphia County", "STATE_NAME": "Pennsylvania", "LSAD": "CT", "ALAND": 212379.0, "AWATER": 0.0 }, "geometry": { "type": "MultiPolygon", "coordinates": [ [ [ [ -75.167303, 39.935695 ], [ -75.167083, 39.936742 ], [ -75.161678, 39.935849 ], [ -75.160199, 39.9356 ], [ -75.158669, 39.935226 ], [ -75.157351, 39.934897 ], [ -75.159517, 39.9331 ], [ -75.16764, 39.93415 ], [ -75.167303, 39.935695 ] ] ] ] } }
]
}
