{
    "type": "FeatureCollection",
    "features": [
        {
            "type": "Feature",
            "geometry": {
                "type": "Point",
                "coordinates": [
                    -75.174325,
                    39.983841
                ]
            },
            "properties": {
                "objectid": 1,
                "addressobjectid": "15333257",
                "parcel_id_num": "517008",
                "casenumber": "CF-2022-104121",
                "casecreateddate": "2022-10-11T17:41:56Z",
                "casecompleteddate": null,
                "violationnumber": "VI-2022-076809",
                "violationdate": "2022-10-11T04:00:00Z",
                "violationcode": "PM15-110.1",
                "violationcodetitle": "ID STRUCTURE",
                "violationresolutiondate": null,
                "violationresolutioncode": null,
                "mostrecentinvestigation": "2022-10-11T17:44:30Z",
                "novinitialreinvestigationdate": "2022-10-21T04:00:00Z",
                "finalnovissuedate": null,
                "opa_account_num": "322165805",
                "address": "1865 N TAYLOR ST",
                "unit_type": null,
                "unit_num": null,
                "zip": "19121-2018",
                "censustract": "015200",
                "opa_owner": "WILLIAMS JOSEPH M-B/S, BRISTON ALEICE MARJORIE",
                "systemofrecord": null,
                "geocode_x": 2690171.30006792,
                "geocode_y": 247495.801486093,
                "council_district": "5",
                "posse_jobid": "527102435"
            }
        },
        {
            "type": "Feature",
            "geometry": {
                "type": "Point",
                "coordinates": [
                    -75.126754,
                    40.002029
                ]
            },
            "properties": {
                "objectid": 2,
                "addressobjectid": "15350641",
                "parcel_id_num": "496006",
                "casenumber": "CF-2023-028665",
                "casecreateddate": "2023-04-08T13:04:06Z",
                "casecompleteddate": null,
                "violationnumber": "VI-2023-021865",
                "violationdate": "2023-04-08T13:04:22Z",
                "violationcode": "PM15-110.1",
                "violationcodetitle": "ID STRUCTURE",
                "violationresolutiondate": null,
                "violationresolutioncode": null,
                "mostrecentinvestigation": "2025-01-15T16:15:55Z",
                "novinitialreinvestigationdate": "2024-09-16T04:00:00Z",
                "finalnovissuedate": null,
                "opa_account_num": "073056900",
                "address": "3418 A ST",
                "unit_type": null,
                "unit_num": null,
                "zip": "19134-1633",
                "censustract": "019502",
                "opa_owner": "HINANT VANESSA",
                "systemofrecord": null,
                "geocode_x": 2703299.30506941,
                "geocode_y": 254510.888646726,
                "council_district": "7",
                "posse_jobid": "587584797"
            }
        },
        {
            "type": "Feature",
            "geometry": {
                "type": "Point",
                "coordinates": [
                    -75.220784,
                    39.973347
                ]
            },
            "properties": {
                "objectid": 3,
                "addressobjectid": "15372647",
                "parcel_id_num": "100882",
                "casenumber": "CF-2024-098142",
                "casecreateddate": "2024-09-05T14:34:12Z",
                "casecompleteddate": null,
                "violationnumber": "VI-2024-075772",
                "violationdate": "2024-09-05T18:08:31Z",
                "violationcode": "PM15-110.1",
                "violationcodetitle": "ID STRUCTURE",
                "violationresolutiondate": null,
                "violationresolutioncode": null,
                "mostrecentinvestigation": "2025-06-09T20:28:32Z",
                "novinitialreinvestigationdate": "2024-09-16T04:00:00Z",
                "finalnovissuedate": null,
                "opa_account_num": "442115300",
                "address": "4934 W THOMPSON ST",
                "unit_type": null,
                "unit_num": null,
                "zip": "19131-4531",
                "censustract": "011100",
                "opa_owner": "HURLUM K EMPIRE LLC",
                "systemofrecord": null,
                "geocode_x": 2677267.11366952,
                "geocode_y": 243298.5987419569,
                "council_district": "4",
                "posse_jobid": "787786189"
            }
        },
        {
            "type": "Feature",
            "geometry": {
                "type": "Point",
                "coordinates": [
                    -75.155204,
                    40.021983
                ]
            },
            "properties": {
                "objectid": 4,
                "addressobjectid": "15374618",
                "parcel_id_num": "489961",
                "casenumber": "CF-2024-017730",
                "casecreateddate": "2024-03-06T17:13:48Z",
                "casecompleteddate": null,
                "violationnumber": "VI-2024-014533",
                "violationdate": "2024-03-06T17:14:01Z",
                "violationcode": "PM15-110.1",
                "violationcodetitle": "ID STRUCTURE",
                "violationresolutiondate": null,
                "violationresolutioncode": null,
                "mostrecentinvestigation": "2025-06-11T16:58:41Z",
                "novinitialreinvestigationdate": "2024-03-16T04:00:00Z",
                "finalnovissuedate": null,
                "opa_account_num": "132175900",
                "address": "4452 N 18TH ST",
                "unit_type": null,
                "unit_num": null,
                "zip": "19140-1013",
                "censustract": "020400",
                "opa_owner": "SANDERS ALBERT",
                "systemofrecord": null,
                "geocode_x": 2695118.94917068,
                "geocode_y": 261541.1806426459,
                "council_district": "8",
                "posse_jobid": "698861846"
            }
        },
        {
            "type": "Feature",
            "geometry": {
                "type": "Point",
                "coordinates": [
                    -75.156699,
                    39.998137
                ]
            },
            "properties": {
                "objectid": 5,
                "addressobjectid": "15385991",
                "parcel_id_num": "475127",
                "casenumber": "CF-2021-024790",
                "casecreateddate": "2021-04-06T13:21:21Z",
                "casecompleteddate": null,
                "violationnumber": "VI-2021-018725",
                "violationdate": "2021-04-06T04:00:00Z",
                "violationcode": "PM15-110.1",
                "violationcodetitle": "ID STRUCTURE",
                "violationresolutiondate": null,
                "violationresolutioncode": null,
                "mostrecentinvestigation": "2025-08-16T13:06:31Z",
                "novinitialreinvestigationdate": "2023-07-17T04:00:00Z",
                "finalnovissuedate": null,
                "opa_account_num": "884341740",
                "address": "2935 N 16TH ST",
                "unit_type": null,
                "unit_num": null,
                "zip": "19132-2226",
                "censustract": "017300",
                "opa_owner": "NORTH DISTRICT OWNER LLC",
                "systemofrecord": null,
                "geocode_x": 2694955.52040948,
                "geocode_y": 252845.816694796,
                "council_district": "8",
                "posse_jobid": "335933329"
            }
        },
        {
            "type": "Feature",
            "geometry": {
                "type": "Point",
                "coordinates": [
                    -75.1869,
                    40.054054
                ]
            },
            "properties": {
                "objectid": 6,
                "addressobjectid": "15400844",
                "parcel_id_num": "489327",
                "casenumber": "CF-2024-022040",
                "casecreateddate": "2024-03-19T19:16:57Z",
                "casecompleteddate": null,
                "violationnumber": "VI-2024-018050",
                "violationdate": "2024-03-19T19:18:13Z",
                "violationcode": "PM15-110.1",
                "violationcodetitle": "ID STRUCTURE",
                "violationresolutiondate": null,
                "violationresolutioncode": null,
                "mostrecentinvestigation": "2024-03-19T19:21:07Z",
                "novinitialreinvestigationdate": "2024-03-29T04:00:00Z",
                "finalnovissuedate": null,
                "opa_account_num": "223195000",
                "address": "6774 GERMANTOWN AVE",
                "unit_type": null,
                "unit_num": null,
                "zip": "19119-2110",
                "censustract": "023700",
                "opa_owner": "STEWART REGINALD",
                "systemofrecord": null,
                "geocode_x": 2685906.45648395,
                "geocode_y": 272960.0102531249,
                "council_district": "8",
                "posse_jobid": "704031405"
            }
        },
        {
            "type": "Feature",
            "geometry": {
                "type": "Point",
                "coordinates": [
                    -75.178072,
                    39.996774
                ]
            },
            "properties": {
                "objectid": 7,
                "addressobjectid": "15433471",
                "parcel_id_num": "98380",
                "casenumber": "CF-2024-048107",
                "casecreateddate": "2024-05-20T13:01:45Z",
                "casecompleteddate": null,
                "violationnumber": "VI-2024-039573",
                "violationdate": "2024-05-20T13:02:38Z",
                "violationcode": "PM15-110.1",
                "violationcodetitle": "ID STRUCTURE",
                "violationresolutiondate": null,
                "violationresolutioncode": null,
                "mostrecentinvestigation": "2024-05-20T13:05:22Z",
                "novinitialreinvestigationdate": "2025-01-10T05:00:00Z",
                "finalnovissuedate": null,
                "opa_account_num": "281371000",
                "address": "2834 W LEHIGH AVE",
                "unit_type": null,
                "unit_num": null,
                "zip": "19132-3130",
                "censustract": "016901",
                "opa_owner": "ST CHARLES PLACE LLC",
                "systemofrecord": null,
                "geocode_x": 2688984.4107184494,
                "geocode_y": 252174.7181661539,
                "council_district": "5",
                "posse_jobid": "750081940"
            }
        },
        {
            "type": "Feature",
            "geometry": {
                "type": "Point",
                "coordinates": [
                    -75.232025,
                    39.948884
                ]
            },
            "properties": {
                "objectid": 8,
                "addressobjectid": "15465827",
                "parcel_id_num": "64955",
                "casenumber": "CF-2025-084135",
                "casecreateddate": "2025-08-11T14:46:08Z",
                "casecompleteddate": null,
                "violationnumber": "VI-2025-060255",
                "violationdate": "2025-08-11T15:04:11Z",
                "violationcode": "PM15-110.1",
                "violationcodetitle": "ID STRUCTURE",
                "violationresolutiondate": null,
                "violationresolutioncode": null,
                "mostrecentinvestigation": "2025-08-11T15:06:56Z",
                "novinitialreinvestigationdate": "2025-09-12T04:00:00Z",
                "finalnovissuedate": null,
                "opa_account_num": "463119200",
                "address": "5430 WEBSTER ST",
                "unit_type": null,
                "unit_num": null,
                "zip": "19143-2519",
                "censustract": "008101",
                "opa_owner": "ETHEL MAE CARPENTER",
                "systemofrecord": null,
                "geocode_x": 2674371.73155175,
                "geocode_y": 234300.432173052,
                "council_district": "3",
                "posse_jobid": "903590904"
            }
        },
        {
            "type": "Feature",
            "geometry": {
                "type": "Point",
                "coordinates": [
                    -75.225825,
                    39.940699
                ]
            },
            "properties": {
                "objectid": 9,
                "addressobjectid": "15466025",
                "parcel_id_num": "389745",
                "casenumber": "CF-2024-005042",
                "casecreateddate": "2024-01-22T17:35:06Z",
                "casecompleteddate": null,
                "violationnumber": "VI-2024-003989",
                "violationdate": "2024-01-22T17:39:59Z",
                "violationcode": "PM15-110.1",
                "violationcodetitle": "ID STRUCTURE",
                "violationresolutiondate": null,
                "violationresolutioncode": null,
                "mostrecentinvestigation": "2024-12-06T14:26:33Z",
                "novinitialreinvestigationdate": "2024-12-17T05:00:00Z",
                "finalnovissuedate": null,
                "opa_account_num": "514079100",
                "address": "5440 WINDSOR ST",
                "unit_type": null,
                "unit_num": null,
                "zip": "19143-4826",
                "censustract": "007102",
                "opa_owner": "U S BANK NATIONAL ASSOCIATION TR, RMTP TRUST SERIES 2019-C",
                "systemofrecord": null,
                "geocode_x": 2676194.6021209895,
                "geocode_y": 231369.668702255,
                "council_district": "3",
                "posse_jobid": "681647873"
            }
        },
        {
            "type": "Feature",
            "geometry": {
                "type": "Point",
                "coordinates": [
                    -75.170571,
                    40.03777
                ]
            },
            "properties": {
                "objectid": 10,
                "addressobjectid": "15521618",
                "parcel_id_num": "537007",
                "casenumber": "CF-2025-111790",
                "casecreateddate": "2025-10-09T15:40:55Z",
                "casecompleteddate": null,
                "violationnumber": "VI-2025-080688",
                "violationdate": "2025-10-09T15:42:59Z",
                "violationcode": "PM15-110.1",
                "violationcodetitle": "ID STRUCTURE",
                "violationresolutiondate": null,
                "violationresolutioncode": null,
                "mostrecentinvestigation": "2025-10-09T17:22:08Z",
                "novinitialreinvestigationdate": "2025-10-19T04:00:00Z",
                "finalnovissuedate": null,
                "opa_account_num": "122054500",
                "address": "254 E ARMAT ST",
                "unit_type": null,
                "unit_num": null,
                "zip": "19144-2206",
                "censustract": "024700",
                "opa_owner": "GARCI BUILDING GROUP LLC",
                "systemofrecord": null,
                "geocode_x": 2690649.00183973,
                "geocode_y": 267163.562661299,
                "council_district": "8",
                "posse_jobid": "922386171"
            }
        },
        {
            "type": "Feature",
            "geometry": {
                "type": "Point",
                "coordinates": [
                    -75.18326,
                    39.993976
                ]
            },
            "properties": {
                "objectid": 11,
                "addressobjectid": "15525449",
                "parcel_id_num": "329274",
                "casenumber": "CF-2025-001486",
                "casecreateddate": "2025-01-09T14:33:53Z",
                "casecompleteddate": null,
                "violationnumber": "VI-2025-000986",
                "violationdate": "2025-01-09T14:43:20Z",
                "violationcode": "PM15-110.1",
                "violationcodetitle": "ID STRUCTURE",
                "violationresolutiondate": null,
                "violationresolutioncode": null,
                "mostrecentinvestigation": "2025-04-01T16:59:04Z",
                "novinitialreinvestigationdate": "2025-01-20T05:00:00Z",
                "finalnovissuedate": null,
                "opa_account_num": "282160300",
                "address": "2448 N NAPA ST",
                "unit_type": null,
                "unit_num": null,
                "zip": "19132-3324",
                "censustract": "016902",
                "opa_owner": "JACKSON CHARLES T",
                "systemofrecord": null,
                "geocode_x": 2687561.07560936,
                "geocode_y": 251113.383237672,
                "council_district": "5",
                "posse_jobid": "827524733"
            }
        },
        {
            "type": "Feature",
            "geometry": {
                "type": "Point",
                "coordinates": [
                    -75.161399,
                    40.044871
                ]
            },
            "properties": {
                "objectid": 12,
                "addressobjectid": "15530004",
                "parcel_id_num": "129682",
                "casenumber": "CF-2024-066499",
                "casecreateddate": "2024-06-25T12:41:21Z",
                "casecompleteddate": null,
                "violationnumber": "VI-2024-052106",
                "violationdate": "2024-06-25T12:42:21Z",
                "violationcode": "PM15-110.1",
                "violationcodetitle": "ID STRUCTURE",
                "violationresolutiondate": null,
                "violationresolutioncode": null,
                "mostrecentinvestigation": "2025-10-04T18:08:31Z",
                "novinitialreinvestigationdate": "2024-08-09T04:00:00Z",
                "finalnovissuedate": null,
                "opa_account_num": "122240305",
                "address": "5547 BLOYD ST",
                "unit_type": null,
                "unit_num": null,
                "zip": "19138-2301",
                "censustract": "024700",
                "opa_owner": "CHURCH OF TRUTH, MERCY",
                "systemofrecord": null,
                "geocode_x": 2693140.20769652,
                "geocode_y": 269824.505530796,
                "council_district": "8",
                "posse_jobid": "763203161"
            }
        },
        {
            "type": "Feature",
            "geometry": {
                "type": "Point",
                "coordinates": [
                    -75.174104,
                    39.979679
                ]
            },
            "properties": {
                "objectid": 13,
                "addressobjectid": "15536227",
                "parcel_id_num": "535514",
                "casenumber": "CF-2023-129307",
                "casecreateddate": "2023-12-28T12:26:16Z",
                "casecompleteddate": null,
                "violationnumber": "VI-2023-098913",
                "violationdate": "2023-12-28T12:36:02Z",
                "violationcode": "PM15-110.1",
                "violationcodetitle": "ID STRUCTURE",
                "violationresolutiondate": null,
                "violationresolutioncode": null,
                "mostrecentinvestigation": "2023-12-28T12:41:05Z",
                "novinitialreinvestigationdate": "2024-01-08T05:00:00Z",
                "finalnovissuedate": null,
                "opa_account_num": "291235900",
                "address": "2350 TURNER ST",
                "unit_type": null,
                "unit_num": null,
                "zip": "19121-2920",
                "censustract": "014900",
                "opa_owner": "TURNER 6IX LLC",
                "systemofrecord": null,
                "geocode_x": 2690277.26578081,
                "geocode_y": 245982.144913402,
                "council_district": "5",
                "posse_jobid": "674370246"
            }
        },
        {
            "type": "Feature",
            "geometry": {
                "type": "Point",
                "coordinates": [
                    -75.175622,
                    39.997045
                ]
            },
            "properties": {
                "objectid": 14,
                "addressobjectid": "15541476",
                "parcel_id_num": "341202",
                "casenumber": "CF-2024-010582",
                "casecreateddate": "2024-02-09T14:54:54Z",
                "casecompleteddate": null,
                "violationnumber": "VI-2024-008762",
                "violationdate": "2024-02-09T14:57:03Z",
                "violationcode": "PM15-110.1",
                "violationcodetitle": "ID STRUCTURE",
                "violationresolutiondate": null,
                "violationresolutioncode": null,
                "mostrecentinvestigation": "2025-04-30T15:44:55Z",
                "novinitialreinvestigationdate": "2025-05-29T04:00:00Z",
                "finalnovissuedate": null,
                "opa_account_num": "281387400",
                "address": "2702 W STERNER ST",
                "unit_type": null,
                "unit_num": null,
                "zip": "19132-2542",
                "censustract": "017202",
                "opa_owner": "RSYLCARTEREST11/81 LLC",
                "systemofrecord": null,
                "geocode_x": 2689667.61680463,
                "geocode_y": 252293.1051585129,
                "council_district": "4",
                "posse_jobid": "688627883"
            }
        },
        {
            "type": "Feature",
            "geometry": {
                "type": "Point",
                "coordinates": [
                    -75.229319,
                    39.958569
                ]
            },
            "properties": {
                "objectid": 15,
                "addressobjectid": "15542674",
                "parcel_id_num": "75836",
                "casenumber": "CF-2022-008587",
                "casecreateddate": "2022-02-02T18:45:02Z",
                "casecompleteddate": null,
                "violationnumber": "VI-2022-006774",
                "violationdate": "2022-02-02T18:48:00Z",
                "violationcode": "PM15-110.1",
                "violationcodetitle": "ID STRUCTURE",
                "violationresolutiondate": null,
                "violationresolutioncode": null,
                "mostrecentinvestigation": "2024-08-14T15:37:11Z",
                "novinitialreinvestigationdate": "2022-10-20T04:00:00Z",
                "finalnovissuedate": null,
                "opa_account_num": "603147900",
                "address": "110 S 54TH ST",
                "unit_type": null,
                "unit_num": null,
                "zip": "19139-3328",
                "censustract": "008500",
                "opa_owner": "LAWRENCE MICHAEL A",
                "systemofrecord": null,
                "geocode_x": 2675029.53777708,
                "geocode_y": 237848.7583588979,
                "council_district": "3",
                "posse_jobid": "437883834"
            }
        },
        {
            "type": "Feature",
            "geometry": {
                "type": "Point",
                "coordinates": [
                    -75.149143,
                    40.011458
                ]
            },
            "properties": {
                "objectid": 16,
                "addressobjectid": "15560164",
                "parcel_id_num": "294646",
                "casenumber": "CF-2025-050314",
                "casecreateddate": "2025-05-30T13:34:22Z",
                "casecompleteddate": null,
                "violationnumber": "VI-2025-037638",
                "violationdate": "2025-05-30T13:36:21Z",
                "violationcode": "PM15-110.1",
                "violationcodetitle": "ID STRUCTURE",
                "violationresolutiondate": null,
                "violationresolutioncode": null,
                "mostrecentinvestigation": "2025-09-04T18:52:04Z",
                "novinitialreinvestigationdate": "2025-06-09T04:00:00Z",
                "finalnovissuedate": null,
                "opa_account_num": "432383400",
                "address": "3835 N PARK AVE",
                "unit_type": null,
                "unit_num": null,
                "zip": "19140-3718",
                "censustract": "020300",
                "opa_owner": "DOROTHY L POLLARD TR",
                "systemofrecord": null,
                "geocode_x": 2696928.45625339,
                "geocode_y": 257758.562085768,
                "council_district": "5",
                "posse_jobid": "879979170"
            }
        },
        {
            "type": "Feature",
            "geometry": {
                "type": "Point",
                "coordinates": [
                    -75.182574,
                    39.986889
                ]
            },
            "properties": {
                "objectid": 17,
                "addressobjectid": "15587726",
                "parcel_id_num": "440392",
                "casenumber": "CF-2021-011829",
                "casecreateddate": "2021-02-22T04:44:09Z",
                "casecompleteddate": null,
                "violationnumber": "VI-2021-008978",
                "violationdate": "2021-02-21T05:00:00Z",
                "violationcode": "PM15-110.1",
                "violationcodetitle": "ID STRUCTURE",
                "violationresolutiondate": null,
                "violationresolutioncode": null,
                "mostrecentinvestigation": "2025-07-22T17:33:55Z",
                "novinitialreinvestigationdate": "2025-07-30T04:00:00Z",
                "finalnovissuedate": null,
                "opa_account_num": "323087200",
                "address": "3000 PAGE ST",
                "unit_type": null,
                "unit_num": null,
                "zip": "19121-1828",
                "censustract": "015102",
                "opa_owner": "FELDER JOHN, LUCILLE H/W",
                "systemofrecord": null,
                "geocode_x": 2687828.17651606,
                "geocode_y": 248538.476311178,
                "council_district": "5",
                "posse_jobid": "319548011"
            }
        },
        {
            "type": "Feature",
            "geometry": {
                "type": "Point",
                "coordinates": [
                    -75.1617,
                    40.004537
                ]
            },
            "properties": {
                "objectid": 18,
                "addressobjectid": "15624823",
                "parcel_id_num": "109578",
                "casenumber": "CF-2025-085272",
                "casecreateddate": "2025-08-12T20:26:13Z",
                "casecompleteddate": null,
                "violationnumber": "VI-2025-060739",
                "violationdate": "2025-08-12T20:27:02Z",
                "violationcode": "PM15-110.1",
                "violationcodetitle": "ID STRUCTURE",
                "violationresolutiondate": null,
                "violationresolutioncode": null,
                "mostrecentinvestigation": "2025-08-25T13:21:15Z",
                "novinitialreinvestigationdate": "2025-08-22T04:00:00Z",
                "finalnovissuedate": null,
                "opa_account_num": "112032000",
                "address": "1935 W WESTMORELAND ST",
                "unit_type": null,
                "unit_num": null,
                "zip": "19140-4841",
                "censustract": "020200",
                "opa_owner": "WILLIAMS VIVIAN",
                "systemofrecord": null,
                "geocode_x": 2693486.50855628,
                "geocode_y": 255135.123589184,
                "council_district": "8",
                "posse_jobid": "904326540"
            }
        },
        {
            "type": "Feature",
            "geometry": {
                "type": "Point",
                "coordinates": [
                    -75.243251,
                    39.955195
                ]
            },
            "properties": {
                "objectid": 19,
                "addressobjectid": "15662437",
                "parcel_id_num": "393859",
                "casenumber": "CF-2022-022708",
                "casecreateddate": "2022-03-19T18:23:17Z",
                "casecompleteddate": null,
                "violationnumber": "VI-2022-018669",
                "violationdate": "2022-03-19T04:00:00Z",
                "violationcode": "PM15-110.1",
                "violationcodetitle": "ID STRUCTURE",
                "violationresolutiondate": null,
                "violationresolutioncode": null,
                "mostrecentinvestigation": "2022-03-19T18:24:43Z",
                "novinitialreinvestigationdate": "2022-03-29T04:00:00Z",
                "finalnovissuedate": null,
                "opa_account_num": "885000161",
                "address": "6026-28 PINE ST",
                "unit_type": null,
                "unit_num": null,
                "zip": "19143-1126",
                "censustract": "008302",
                "opa_owner": "BALLARD CHRIS",
                "systemofrecord": null,
                "geocode_x": 2671160.43382368,
                "geocode_y": 236509.2448565829,
                "council_district": "3",
                "posse_jobid": "455733555"
            }
        },
        {
            "type": "Feature",
            "geometry": {
                "type": "Point",
                "coordinates": [
                    -75.139643,
                    40.000862
                ]
            },
            "properties": {
                "objectid": 20,
                "addressobjectid": "15731736",
                "parcel_id_num": "404432",
                "casenumber": "CF-2022-022704",
                "casecreateddate": "2022-03-19T17:41:33Z",
                "casecompleteddate": null,
                "violationnumber": "VI-2022-018664",
                "violationdate": "2022-03-19T04:00:00Z",
                "violationcode": "PM15-110.1",
                "violationcodetitle": "ID STRUCTURE",
                "violationresolutiondate": null,
                "violationresolutioncode": null,
                "mostrecentinvestigation": "2022-03-19T17:42:46Z",
                "novinitialreinvestigationdate": "2022-03-29T04:00:00Z",
                "finalnovissuedate": null,
                "opa_account_num": "193168300",
                "address": "3241 N FAIRHILL ST",
                "unit_type": null,
                "unit_num": null,
                "zip": "19140-5615",
                "censustract": "017500",
                "opa_owner": "ARROYO ANTHONY",
                "systemofrecord": null,
                "geocode_x": 2699702.6464966,
                "geocode_y": 253979.0658460109,
                "council_district": "7",
                "posse_jobid": "455728335"
            }
        },
        {
            "type": "Feature",
            "geometry": {
                "type": "Point",
                "coordinates": [
                    -75.17289,
                    39.996514
                ]
            },
            "properties": {
                "objectid": 21,
                "addressobjectid": "15740247",
                "parcel_id_num": "30298",
                "casenumber": "CF-2025-043325",
                "casecreateddate": "2025-05-15T17:00:22Z",
                "casecompleteddate": null,
                "violationnumber": "VI-2025-032545",
                "violationdate": "2025-05-15T17:01:33Z",
                "violationcode": "PM15-110.1",
                "violationcodetitle": "ID STRUCTURE",
                "violationresolutiondate": null,
                "violationresolutioncode": null,
                "mostrecentinvestigation": "2025-09-18T16:32:40Z",
                "novinitialreinvestigationdate": "2025-05-25T04:00:00Z",
                "finalnovissuedate": null,
                "opa_account_num": "281374600",
                "address": "2517 W LEHIGH AVE",
                "unit_type": null,
                "unit_num": null,
                "zip": "19132-3207",
                "censustract": "017202",
                "opa_owner": "BUSH ERIC J",
                "systemofrecord": null,
                "geocode_x": 2690438.50336028,
                "geocode_y": 252122.0903082009,
                "council_district": "4",
                "posse_jobid": "875159155"
            }
        },
        {
            "type": "Feature",
            "geometry": {
                "type": "Point",
                "coordinates": [
                    -75.186666,
                    40.003807
                ]
            },
            "properties": {
                "objectid": 22,
                "addressobjectid": "15756404",
                "parcel_id_num": "515711",
                "casenumber": "CF-2025-110783",
                "casecreateddate": "2025-10-07T18:01:18Z",
                "casecompleteddate": null,
                "violationnumber": "VI-2025-079625",
                "violationdate": "2025-10-07T18:01:54Z",
                "violationcode": "PM15-110.1",
                "violationcodetitle": "ID STRUCTURE",
                "violationresolutiondate": null,
                "violationresolutioncode": null,
                "mostrecentinvestigation": "2025-10-07T18:09:35Z",
                "novinitialreinvestigationdate": "2025-10-17T04:00:00Z",
                "finalnovissuedate": null,
                "opa_account_num": "382204500",
                "address": "3035 N 35TH ST",
                "unit_type": null,
                "unit_num": null,
                "zip": "19132-1818",
                "censustract": "017000",
                "opa_owner": "WILSON DORIS",
                "systemofrecord": null,
                "geocode_x": 2686503.25887371,
                "geocode_y": 254665.368200919,
                "council_district": "4",
                "posse_jobid": "921637968"
            }
        },
        {
            "type": "Feature",
            "geometry": {
                "type": "Point",
                "coordinates": [
                    -75.170251,
                    39.996181
                ]
            },
            "properties": {
                "objectid": 23,
                "addressobjectid": "15760765",
                "parcel_id_num": "529395",
                "casenumber": "CF-2024-048962",
                "casecreateddate": "2024-05-21T12:47:01Z",
                "casecompleteddate": null,
                "violationnumber": "VI-2024-040116",
                "violationdate": "2024-05-21T12:48:34Z",
                "violationcode": "PM15-110.1",
                "violationcodetitle": "ID STRUCTURE",
                "violationresolutiondate": null,
                "violationresolutioncode": null,
                "mostrecentinvestigation": "2025-08-30T13:22:03Z",
                "novinitialreinvestigationdate": "2024-05-31T04:00:00Z",
                "finalnovissuedate": null,
                "opa_account_num": "111010200",
                "address": "2327 W LEHIGH AVE",
                "unit_type": null,
                "unit_num": null,
                "zip": "19132-3203",
                "censustract": "017201",
                "opa_owner": "N & A GRACE CORPORATION",
                "systemofrecord": null,
                "geocode_x": 2691180.91907891,
                "geocode_y": 252022.604518134,
                "council_district": "8",
                "posse_jobid": "750565834"
            }
        },
        {
            "type": "Feature",
            "geometry": {
                "type": "Point",
                "coordinates": [
                    -75.209146,
                    39.975577
                ]
            },
            "properties": {
                "objectid": 24,
                "addressobjectid": "15781590",
                "parcel_id_num": "162012",
                "casenumber": "CF-2024-027428",
                "casecreateddate": "2024-04-05T15:57:44Z",
                "casecompleteddate": null,
                "violationnumber": "VI-2024-022307",
                "violationdate": "2024-04-05T15:58:48Z",
                "violationcode": "PM15-110.1",
                "violationcodetitle": "ID STRUCTURE",
                "violationresolutiondate": null,
                "violationresolutioncode": null,
                "mostrecentinvestigation": "2024-04-05T16:02:58Z",
                "novinitialreinvestigationdate": "2024-04-18T04:00:00Z",
                "finalnovissuedate": null,
                "opa_account_num": "062273800",
                "address": "1724 MEMORIAL AVE",
                "unit_type": null,
                "unit_num": null,
                "zip": "19104-1018",
                "censustract": "011000",
                "opa_owner": "PHILLY METROPOLITAN LLC",
                "systemofrecord": null,
                "geocode_x": 2680504.00961241,
                "geocode_y": 244204.200261917,
                "council_district": "3",
                "posse_jobid": "710546060"
            }
        },
        {
            "type": "Feature",
            "geometry": {
                "type": "Point",
                "coordinates": [
                    -75.1708,
                    39.982013
                ]
            },
            "properties": {
                "objectid": 25,
                "addressobjectid": "15796320",
                "parcel_id_num": "494026",
                "casenumber": "CF-2024-096911",
                "casecreateddate": "2024-09-03T14:42:32Z",
                "casecompleteddate": null,
                "violationnumber": "VI-2024-074823",
                "violationdate": "2024-09-03T14:43:36Z",
                "violationcode": "PM15-110.1",
                "violationcodetitle": "ID STRUCTURE",
                "violationresolutiondate": null,
                "violationresolutioncode": null,
                "mostrecentinvestigation": "2024-10-04T14:06:04Z",
                "novinitialreinvestigationdate": "2025-10-01T04:00:00Z",
                "finalnovissuedate": null,
                "opa_account_num": "871542050",
                "address": "1800 N 22ND ST",
                "unit_type": null,
                "unit_num": null,
                "zip": "19121-2111",
                "censustract": "015200",
                "opa_owner": "BATE BUILDERS LLC",
                "systemofrecord": null,
                "geocode_x": 2691178.10167403,
                "geocode_y": 246859.0314490969,
                "council_district": "5",
                "posse_jobid": "786859916"
            }
        },
        {
            "type": "Feature",
            "geometry": {
                "type": "Point",
                "coordinates": [
                    -75.17079,
                    39.982056
                ]
            },
            "properties": {
                "objectid": 26,
                "addressobjectid": "15796321",
                "parcel_id_num": "48257",
                "casenumber": "CF-2024-096908",
                "casecreateddate": "2024-09-03T14:35:10Z",
                "casecompleteddate": null,
                "violationnumber": "VI-2024-074809",
                "violationdate": "2024-09-03T14:36:43Z",
                "violationcode": "PM15-110.1",
                "violationcodetitle": "ID STRUCTURE",
                "violationresolutiondate": null,
                "violationresolutioncode": null,
                "mostrecentinvestigation": "2024-09-03T14:40:50Z",
                "novinitialreinvestigationdate": "2024-09-13T04:00:00Z",
                "finalnovissuedate": null,
                "opa_account_num": "322089300",
                "address": "1802 N 22ND ST",
                "unit_type": null,
                "unit_num": null,
                "zip": "19121-2111",
                "censustract": "015200",
                "opa_owner": "GARCIA ROSANNA",
                "systemofrecord": null,
                "geocode_x": 2691180.35807151,
                "geocode_y": 246874.881167407,
                "council_district": "5",
                "posse_jobid": "786855879"
            }
        },
        {
            "type": "Feature",
            "geometry": {
                "type": "Point",
                "coordinates": [
                    -75.207656,
                    39.955731
                ]
            },
            "properties": {
                "objectid": 27,
                "addressobjectid": "15849914",
                "parcel_id_num": "148569",
                "casenumber": "CF-2024-120901",
                "casecreateddate": "2024-11-18T16:47:18Z",
                "casecompleteddate": null,
                "violationnumber": "VI-2024-093284",
                "violationdate": "2024-11-18T16:54:57Z",
                "violationcode": "PM15-110.1",
                "violationcodetitle": "ID STRUCTURE",
                "violationresolutiondate": null,
                "violationresolutioncode": null,
                "mostrecentinvestigation": "2025-08-11T14:39:52Z",
                "novinitialreinvestigationdate": "2024-11-28T05:00:00Z",
                "finalnovissuedate": null,
                "opa_account_num": "272021800",
                "address": "4243 SANSOM ST",
                "unit_type": null,
                "unit_num": null,
                "zip": "19104-3023",
                "censustract": "008702",
                "opa_owner": "FULLWOOD SHEILA",
                "systemofrecord": null,
                "geocode_x": 2681129.55774976,
                "geocode_y": 236989.3741323989,
                "council_district": "3",
                "posse_jobid": "812517381"
            }
        },
        {
            "type": "Feature",
            "geometry": {
                "type": "Point",
                "coordinates": [
                    -75.222315,
                    39.96794
                ]
            },
            "properties": {
                "objectid": 28,
                "addressobjectid": "15883080",
                "parcel_id_num": "426581",
                "casenumber": "CF-2023-070558",
                "casecreateddate": "2023-07-21T12:22:54Z",
                "casecompleteddate": null,
                "violationnumber": "VI-2023-083157",
                "violationdate": "2023-10-24T15:26:42Z",
                "violationcode": "PM15-110.1",
                "violationcodetitle": "ID STRUCTURE",
                "violationresolutiondate": null,
                "violationresolutioncode": null,
                "mostrecentinvestigation": "2025-09-29T19:34:51Z",
                "novinitialreinvestigationdate": "2023-11-03T04:00:00Z",
                "finalnovissuedate": null,
                "opa_account_num": "442042600",
                "address": "5057 HOOPES ST",
                "unit_type": null,
                "unit_num": null,
                "zip": "19139-1640",
                "censustract": "010400",
                "opa_owner": "MARION RICHBURG WID",
                "systemofrecord": null,
                "geocode_x": 2676894.41187731,
                "geocode_y": 241317.115401138,
                "council_district": "3",
                "posse_jobid": "624625803"
            }
        },
        {
            "type": "Feature",
            "geometry": {
                "type": "Point",
                "coordinates": [
                    -75.239488,
                    39.920423
                ]
            },
            "properties": {
                "objectid": 29,
                "addressobjectid": "15887511",
                "parcel_id_num": "357615",
                "casenumber": "CF-2025-093985",
                "casecreateddate": "2025-08-29T14:19:51Z",
                "casecompleteddate": null,
                "violationnumber": "VI-2025-067304",
                "violationdate": "2025-08-29T14:29:25Z",
                "violationcode": "PM15-110.1",
                "violationcodetitle": "ID STRUCTURE",
                "violationresolutiondate": null,
                "violationresolutioncode": null,
                "mostrecentinvestigation": "2025-08-29T14:34:03Z",
                "novinitialreinvestigationdate": "2025-09-13T04:00:00Z",
                "finalnovissuedate": null,
                "opa_account_num": "403312800",
                "address": "6909 PASCHALL AVE",
                "unit_type": null,
                "unit_num": null,
                "zip": "19142-1818",
                "censustract": "006300",
                "opa_owner": "ROYAL HOMECARE & COMMUNITY SERVICES INC",
                "systemofrecord": null,
                "geocode_x": 2672574.94165213,
                "geocode_y": 223877.5417469169,
                "council_district": "2",
                "posse_jobid": "909696988"
            }
        },
        {
            "type": "Feature",
            "geometry": {
                "type": "Point",
                "coordinates": [
                    -75.218081,
                    39.938281
                ]
            },
            "properties": {
                "objectid": 30,
                "addressobjectid": "15907204",
                "parcel_id_num": "534349",
                "casenumber": "CF-2025-075224",
                "casecreateddate": "2025-07-24T17:13:28Z",
                "casecompleteddate": null,
                "violationnumber": "VI-2025-054556",
                "violationdate": "2025-07-24T17:29:17Z",
                "violationcode": "PM15-110.1",
                "violationcodetitle": "ID STRUCTURE",
                "violationresolutiondate": null,
                "violationresolutioncode": null,
                "mostrecentinvestigation": "2025-09-17T13:18:13Z",
                "novinitialreinvestigationdate": "2025-08-10T04:00:00Z",
                "finalnovissuedate": null,
                "opa_account_num": "512066000",
                "address": "1518 S LINDENWOOD ST",
                "unit_type": null,
                "unit_num": null,
                "zip": "19143-5030",
                "censustract": "007400",
                "opa_owner": "JOHNSON RENATA",
                "systemofrecord": null,
                "geocode_x": 2678390.55339111,
                "geocode_y": 230551.433713328,
                "council_district": "3",
                "posse_jobid": "898131461"
            }
        },
        {
            "type": "Feature",
            "geometry": {
                "type": "Point",
                "coordinates": [
                    -75.217866,
                    39.964396
                ]
            },
            "properties": {
                "objectid": 31,
                "addressobjectid": "15911140",
                "parcel_id_num": "179187",
                "casenumber": "CF-2023-079952",
                "casecreateddate": "2023-08-10T15:30:16Z",
                "casecompleteddate": null,
                "violationnumber": "VI-2023-059074",
                "violationdate": "2023-08-10T15:30:26Z",
                "violationcode": "PM15-110.1",
                "violationcodetitle": "ID STRUCTURE",
                "violationresolutiondate": null,
                "violationresolutioncode": null,
                "mostrecentinvestigation": "2023-08-10T15:32:14Z",
                "novinitialreinvestigationdate": "2023-08-20T04:00:00Z",
                "finalnovissuedate": null,
                "opa_account_num": "441235301",
                "address": "4848 OLIVE ST",
                "unit_type": null,
                "unit_num": null,
                "zip": "19139-2155",
                "censustract": "010400",
                "opa_owner": "SHIFA LLC",
                "systemofrecord": null,
                "geocode_x": 2678178.0614394294,
                "geocode_y": 240062.6846219229,
                "council_district": "3",
                "posse_jobid": "631477846"
            }
        },
        {
            "type": "Feature",
            "geometry": {
                "type": "Point",
                "coordinates": [
                    -75.16398,
                    39.976389
                ]
            },
            "properties": {
                "objectid": 32,
                "addressobjectid": "15914803",
                "parcel_id_num": "513577",
                "casenumber": "CF-2024-031521",
                "casecreateddate": "2024-04-16T17:47:32Z",
                "casecompleteddate": null,
                "violationnumber": "VI-2024-025884",
                "violationdate": "2024-04-16T17:55:23Z",
                "violationcode": "PM15-110.1",
                "violationcodetitle": "ID STRUCTURE",
                "violationresolutiondate": null,
                "violationresolutioncode": null,
                "mostrecentinvestigation": "2024-04-16T18:04:43Z",
                "novinitialreinvestigationdate": "2024-04-26T04:00:00Z",
                "finalnovissuedate": null,
                "opa_account_num": "471123100",
                "address": "1706 JEFFERSON ST",
                "unit_type": null,
                "unit_num": null,
                "zip": "19121-4220",
                "censustract": "014000",
                "opa_owner": "THOMAS R BOOTH-MARY B",
                "systemofrecord": null,
                "geocode_x": 2693148.45067019,
                "geocode_y": 244867.080339755,
                "council_district": "5",
                "posse_jobid": "714367973"
            }
        },
        {
            "type": "Feature",
            "geometry": {
                "type": "Point",
                "coordinates": [
                    -75.007007,
                    40.066832
                ]
            },
            "properties": {
                "objectid": 33,
                "addressobjectid": "15920708",
                "parcel_id_num": "270572",
                "casenumber": "CF-2025-112553",
                "casecreateddate": "2025-10-11T21:52:27Z",
                "casecompleteddate": null,
                "violationnumber": "VI-2025-081213",
                "violationdate": "2025-10-11T21:52:37Z",
                "violationcode": "PM15-110.1",
                "violationcodetitle": "ID STRUCTURE",
                "violationresolutiondate": null,
                "violationresolutioncode": null,
                "mostrecentinvestigation": "2025-10-14T13:56:44Z",
                "novinitialreinvestigationdate": "2025-10-21T04:00:00Z",
                "finalnovissuedate": null,
                "opa_account_num": "572322528",
                "address": "9446 KIRKWOOD RD",
                "unit_type": null,
                "unit_num": null,
                "zip": "19114-2606",
                "censustract": "034803",
                "opa_owner": "LAVKO GENNADY, HAVUL VICTORIA",
                "systemofrecord": null,
                "geocode_x": 2736098.17602527,
                "geocode_y": 279125.2989174829,
                "council_district": "6",
                "posse_jobid": "923013450"
            }
        },
        {
            "type": "Feature",
            "geometry": {
                "type": "Point",
                "coordinates": [
                    -75.239381,
                    39.94311
                ]
            },
            "properties": {
                "objectid": 34,
                "addressobjectid": "15922464",
                "parcel_id_num": "340703",
                "casenumber": "CF-2025-011509",
                "casecreateddate": "2025-02-22T05:23:01Z",
                "casecompleteddate": null,
                "violationnumber": "VI-2025-008944",
                "violationdate": "2025-02-22T05:26:01Z",
                "violationcode": "PM15-110.1",
                "violationcodetitle": "ID STRUCTURE",
                "violationresolutiondate": null,
                "violationresolutioncode": null,
                "mostrecentinvestigation": "2025-09-24T14:26:27Z",
                "novinitialreinvestigationdate": "2025-03-06T05:00:00Z",
                "finalnovissuedate": null,
                "opa_account_num": "034040100",
                "address": "5857 HOFFMAN AVE",
                "unit_type": null,
                "unit_num": null,
                "zip": "19143-3924",
                "censustract": "006500",
                "opa_owner": "CHARII ABBES",
                "systemofrecord": null,
                "geocode_x": 2672369.99021524,
                "geocode_y": 232139.336004631,
                "council_district": "3",
                "posse_jobid": "844283973"
            }
        },
        {
            "type": "Feature",
            "geometry": {
                "type": "Point",
                "coordinates": [
                    -75.244656,
                    39.97868
                ]
            },
            "properties": {
                "objectid": 35,
                "addressobjectid": "127737071",
                "parcel_id_num": "384458",
                "casenumber": "CF-2021-012328",
                "casecreateddate": "2021-02-23T18:11:03Z",
                "casecompleteddate": null,
                "violationnumber": "VI-2021-009384",
                "violationdate": "2021-02-23T05:00:00Z",
                "violationcode": "PM15-110.1",
                "violationcodetitle": "ID STRUCTURE",
                "violationresolutiondate": null,
                "violationresolutioncode": null,
                "mostrecentinvestigation": "2021-02-23T18:12:28Z",
                "novinitialreinvestigationdate": "2021-03-19T04:00:00Z",
                "finalnovissuedate": null,
                "opa_account_num": "342072300",
                "address": "6211 JEFFERSON ST",
                "unit_type": null,
                "unit_num": null,
                "zip": "19151-4532",
                "censustract": "011400",
                "opa_owner": "SAINT FORT LUCE",
                "systemofrecord": null,
                "geocode_x": 2670524.08808658,
                "geocode_y": 245049.6894999289,
                "council_district": "4",
                "posse_jobid": "320254936"
            }
        },
        {
            "type": "Feature",
            "geometry": {
                "type": "Point",
                "coordinates": [
                    -75.164505,
                    40.027502
                ]
            },
            "properties": {
                "objectid": 36,
                "addressobjectid": "127958156",
                "parcel_id_num": "413586",
                "casenumber": "CF-2023-123764",
                "casecreateddate": "2023-12-06T14:00:16Z",
                "casecompleteddate": null,
                "violationnumber": "VI-2023-093988",
                "violationdate": "2023-12-06T05:00:00Z",
                "violationcode": "PM15-110.1",
                "violationcodetitle": "ID STRUCTURE",
                "violationresolutiondate": null,
                "violationresolutioncode": null,
                "mostrecentinvestigation": "2023-12-06T14:28:55Z",
                "novinitialreinvestigationdate": "2025-08-11T04:00:00Z",
                "finalnovissuedate": null,
                "opa_account_num": "123151200",
                "address": "4929-31 GREENE ST",
                "unit_type": null,
                "unit_num": null,
                "zip": "19144-6030",
                "censustract": "024400",
                "opa_owner": "CAMMACK BETTY JANE, CAMMACK ERNEST",
                "systemofrecord": null,
                "geocode_x": 2692456.30883255,
                "geocode_y": 263474.2314005239,
                "council_district": "8",
                "posse_jobid": "668406778"
            }
        },
        {
            "type": "Feature",
            "geometry": {
                "type": "Point",
                "coordinates": [
                    -75.244515,
                    39.978696
                ]
            },
            "properties": {
                "objectid": 37,
                "addressobjectid": "128002168",
                "parcel_id_num": "509547",
                "casenumber": "CF-2021-012315",
                "casecreateddate": "2021-02-23T18:03:46Z",
                "casecompleteddate": null,
                "violationnumber": "VI-2021-009377",
                "violationdate": "2021-02-23T05:00:00Z",
                "violationcode": "PM15-110.1",
                "violationcodetitle": "ID STRUCTURE",
                "violationresolutiondate": null,
                "violationresolutioncode": null,
                "mostrecentinvestigation": "2021-02-23T18:05:17Z",
                "novinitialreinvestigationdate": "2021-03-05T05:00:00Z",
                "finalnovissuedate": null,
                "opa_account_num": "342072100",
                "address": "6207 JEFFERSON ST",
                "unit_type": null,
                "unit_num": null,
                "zip": "19151-4532",
                "censustract": "011400",
                "opa_owner": "HARRIS JAMES B JR",
                "systemofrecord": null,
                "geocode_x": 2670563.35625561,
                "geocode_y": 245056.478005751,
                "council_district": "4",
                "posse_jobid": "320250869"
            }
        },
        {
            "type": "Feature",
            "geometry": {
                "type": "Point",
                "coordinates": [
                    -75.244868,
                    39.978656
                ]
            },
            "properties": {
                "objectid": 38,
                "addressobjectid": "128003364",
                "parcel_id_num": "124793",
                "casenumber": "CF-2021-012337",
                "casecreateddate": "2021-02-23T18:16:56Z",
                "casecompleteddate": null,
                "violationnumber": "VI-2021-009394",
                "violationdate": "2021-02-23T05:00:00Z",
                "violationcode": "PM15-110.1",
                "violationcodetitle": "ID STRUCTURE",
                "violationresolutiondate": null,
                "violationresolutioncode": null,
                "mostrecentinvestigation": "2021-02-23T18:18:08Z",
                "novinitialreinvestigationdate": "2021-03-05T05:00:00Z",
                "finalnovissuedate": null,
                "opa_account_num": "342072600",
                "address": "6217 JEFFERSON ST",
                "unit_type": null,
                "unit_num": null,
                "zip": "19151-4532",
                "censustract": "011400",
                "opa_owner": "RICE JOCELYN",
                "systemofrecord": null,
                "geocode_x": 2670465.00845468,
                "geocode_y": 245039.284990892,
                "council_district": "4",
                "posse_jobid": "320258076"
            }
        },
        {
            "type": "Feature",
            "geometry": {
                "type": "Point",
                "coordinates": [
                    -75.182433,
                    40.054701
                ]
            },
            "properties": {
                "objectid": 39,
                "addressobjectid": "128009320",
                "parcel_id_num": "66539",
                "casenumber": "CF-2025-066752",
                "casecreateddate": "2025-07-08T22:53:51Z",
                "casecompleteddate": null,
                "violationnumber": "VI-2025-049329",
                "violationdate": "2025-07-08T22:55:00Z",
                "violationcode": "PM15-110.1",
                "violationcodetitle": "ID STRUCTURE",
                "violationresolutiondate": null,
                "violationresolutioncode": null,
                "mostrecentinvestigation": "2025-07-08T22:57:13Z",
                "novinitialreinvestigationdate": "2025-07-21T04:00:00Z",
                "finalnovissuedate": null,
                "opa_account_num": "222004500",
                "address": "225 E PHIL ELLENA ST",
                "unit_type": null,
                "unit_num": null,
                "zip": "19119-2221",
                "censustract": "025300",
                "opa_owner": "CHILDS DOROTHY",
                "systemofrecord": null,
                "geocode_x": 2687149.55147103,
                "geocode_y": 273232.027326343,
                "council_district": "8",
                "posse_jobid": "893077754"
            }
        },
        {
            "type": "Feature",
            "geometry": {
                "type": "Point",
                "coordinates": [
                    -75.137632,
                    39.979596
                ]
            },
            "properties": {
                "objectid": 40,
                "addressobjectid": "128250673",
                "parcel_id_num": "135367",
                "casenumber": "CF-2023-125660",
                "casecreateddate": "2023-12-12T18:31:38Z",
                "casecompleteddate": null,
                "violationnumber": "VI-2023-095594",
                "violationdate": "2023-12-12T18:33:36Z",
                "violationcode": "PM15-110.1",
                "violationcodetitle": "ID STRUCTURE",
                "violationresolutiondate": null,
                "violationresolutioncode": null,
                "mostrecentinvestigation": "2023-12-12T18:40:38Z",
                "novinitialreinvestigationdate": "2023-12-22T05:00:00Z",
                "finalnovissuedate": null,
                "opa_account_num": "183282000",
                "address": "1914 N 2ND ST",
                "unit_type": null,
                "unit_num": null,
                "zip": "19122-2309",
                "censustract": "015700",
                "opa_owner": "SANTIAGO SAUL",
                "systemofrecord": null,
                "geocode_x": 2700494.73006599,
                "geocode_y": 246252.286904872,
                "council_district": "7",
                "posse_jobid": "670243256"
            }
        },
        {
            "type": "Feature",
            "geometry": {
                "type": "Point",
                "coordinates": [
                    -75.244727,
                    39.978672
                ]
            },
            "properties": {
                "objectid": 41,
                "addressobjectid": "128328988",
                "parcel_id_num": "207606",
                "casenumber": "CF-2021-012333",
                "casecreateddate": "2021-02-23T18:13:08Z",
                "casecompleteddate": null,
                "violationnumber": "VI-2021-009386",
                "violationdate": "2021-02-23T05:00:00Z",
                "violationcode": "PM15-110.1",
                "violationcodetitle": "ID STRUCTURE",
                "violationresolutiondate": null,
                "violationresolutioncode": null,
                "mostrecentinvestigation": "2021-02-23T18:14:24Z",
                "novinitialreinvestigationdate": "2021-03-05T05:00:00Z",
                "finalnovissuedate": null,
                "opa_account_num": "342072400",
                "address": "6213 JEFFERSON ST",
                "unit_type": null,
                "unit_num": null,
                "zip": "19151-4532",
                "censustract": "011400",
                "opa_owner": "APC ENTERPRISES LLC",
                "systemofrecord": null,
                "geocode_x": 2670504.2584106596,
                "geocode_y": 245046.222301112,
                "council_district": "4",
                "posse_jobid": "320256540"
            }
        },
        {
            "type": "Feature",
            "geometry": {
                "type": "Point",
                "coordinates": [
                    -75.245151,
                    39.978624
                ]
            },
            "properties": {
                "objectid": 42,
                "addressobjectid": "128331078",
                "parcel_id_num": "133046",
                "casenumber": "CF-2021-012354",
                "casecreateddate": "2021-02-23T18:24:47Z",
                "casecompleteddate": null,
                "violationnumber": "VI-2021-009405",
                "violationdate": "2021-02-23T05:00:00Z",
                "violationcode": "PM15-110.1",
                "violationcodetitle": "ID STRUCTURE",
                "violationresolutiondate": null,
                "violationresolutioncode": null,
                "mostrecentinvestigation": "2021-02-23T18:26:04Z",
                "novinitialreinvestigationdate": "2021-03-05T05:00:00Z",
                "finalnovissuedate": null,
                "opa_account_num": "342073002",
                "address": "6225 JEFFERSON ST",
                "unit_type": null,
                "unit_num": null,
                "zip": "19151-4532",
                "censustract": "011400",
                "opa_owner": "WATSON ROBERT A",
                "systemofrecord": null,
                "geocode_x": 2670386.06638385,
                "geocode_y": 245025.379792863,
                "council_district": "4",
                "posse_jobid": "320263851"
            }
        },
        {
            "type": "Feature",
            "geometry": {
                "type": "Point",
                "coordinates": [
                    -75.164387,
                    40.001098
                ]
            },
            "properties": {
                "objectid": 43,
                "addressobjectid": "128473449",
                "parcel_id_num": "43537",
                "casenumber": "CF-2025-104862",
                "casecreateddate": "2025-09-23T18:49:02Z",
                "casecompleteddate": null,
                "violationnumber": "VI-2025-074994",
                "violationdate": "2025-09-23T18:49:47Z",
                "violationcode": "PM15-110.1",
                "violationcodetitle": "ID STRUCTURE",
                "violationresolutiondate": null,
                "violationresolutioncode": null,
                "mostrecentinvestigation": "2025-09-23T19:04:52Z",
                "novinitialreinvestigationdate": "2025-10-04T04:00:00Z",
                "finalnovissuedate": null,
                "opa_account_num": "884558000",
                "address": "3031-49 N 21ST ST",
                "unit_type": null,
                "unit_num": null,
                "zip": "19132",
                "censustract": "017300",
                "opa_owner": "DELIVERANCE CENTER OF, HOPE INC",
                "systemofrecord": null,
                "geocode_x": 2692770.8523992,
                "geocode_y": 253861.015497704,
                "council_district": "8",
                "posse_jobid": "917018211"
            }
        },
        {
            "type": "Feature",
            "geometry": {
                "type": "Point",
                "coordinates": [
                    -75.245222,
                    39.978616
                ]
            },
            "properties": {
                "objectid": 44,
                "addressobjectid": "128569373",
                "parcel_id_num": "174020",
                "casenumber": "CF-2021-012358",
                "casecreateddate": "2021-02-23T18:26:34Z",
                "casecompleteddate": null,
                "violationnumber": "VI-2021-009410",
                "violationdate": "2021-02-23T05:00:00Z",
                "violationcode": "PM15-110.1",
                "violationcodetitle": "ID STRUCTURE",
                "violationresolutiondate": null,
                "violationresolutioncode": null,
                "mostrecentinvestigation": "2021-02-23T18:27:51Z",
                "novinitialreinvestigationdate": "2021-03-05T05:00:00Z",
                "finalnovissuedate": null,
                "opa_account_num": "342073100",
                "address": "6227 JEFFERSON ST",
                "unit_type": null,
                "unit_num": null,
                "zip": "19151-4532",
                "censustract": "011400",
                "opa_owner": "FOSTER ANDREA",
                "systemofrecord": null,
                "geocode_x": 2670366.00466391,
                "geocode_y": 245021.7895052089,
                "council_district": "4",
                "posse_jobid": "320264876"
            }
        },
        {
            "type": "Feature",
            "geometry": {
                "type": "Point",
                "coordinates": [
                    -75.244303,
                    39.978719
                ]
            },
            "properties": {
                "objectid": 45,
                "addressobjectid": "128571095",
                "parcel_id_num": "272218",
                "casenumber": "CF-2021-012294",
                "casecreateddate": "2021-02-23T17:56:00Z",
                "casecompleteddate": null,
                "violationnumber": "VI-2021-009364",
                "violationdate": "2021-02-23T05:00:00Z",
                "violationcode": "PM15-110.1",
                "violationcodetitle": "ID STRUCTURE",
                "violationresolutiondate": null,
                "violationresolutioncode": null,
                "mostrecentinvestigation": "2021-02-23T17:57:39Z",
                "novinitialreinvestigationdate": "2021-03-05T05:00:00Z",
                "finalnovissuedate": null,
                "opa_account_num": "342071800",
                "address": "6201 JEFFERSON ST",
                "unit_type": null,
                "unit_num": null,
                "zip": "19151-4532",
                "censustract": "011400",
                "opa_owner": "LEWIS AMIRH K",
                "systemofrecord": null,
                "geocode_x": 2670622.53042635,
                "geocode_y": 245066.808904843,
                "council_district": "4",
                "posse_jobid": "320245843"
            }
        },
        {
            "type": "Feature",
            "geometry": {
                "type": "Point",
                "coordinates": [
                    -75.244797,
                    39.978664
                ]
            },
            "properties": {
                "objectid": 46,
                "addressobjectid": "128574627",
                "parcel_id_num": "431906",
                "casenumber": "CF-2021-012336",
                "casecreateddate": "2021-02-23T18:15:03Z",
                "casecompleteddate": null,
                "violationnumber": "VI-2021-009392",
                "violationdate": "2021-02-23T05:00:00Z",
                "violationcode": "PM15-110.1",
                "violationcodetitle": "ID STRUCTURE",
                "violationresolutiondate": null,
                "violationresolutioncode": null,
                "mostrecentinvestigation": "2021-02-23T18:16:20Z",
                "novinitialreinvestigationdate": "2021-03-05T05:00:00Z",
                "finalnovissuedate": null,
                "opa_account_num": "342072500",
                "address": "6215 JEFFERSON ST",
                "unit_type": null,
                "unit_num": null,
                "zip": "19151-4532",
                "censustract": "011400",
                "opa_owner": "WASHINGTON TIFFINIE",
                "systemofrecord": null,
                "geocode_x": 2670484.63883128,
                "geocode_y": 245042.761079909,
                "council_district": "4",
                "posse_jobid": "320257457"
            }
        },
        {
            "type": "Feature",
            "geometry": {
                "type": "Point",
                "coordinates": [
                    -75.244374,
                    39.978712
                ]
            },
            "properties": {
                "objectid": 47,
                "addressobjectid": "128855823",
                "parcel_id_num": "101115",
                "casenumber": "CF-2021-012308",
                "casecreateddate": "2021-02-23T17:58:27Z",
                "casecompleteddate": null,
                "violationnumber": "VI-2021-009370",
                "violationdate": "2021-02-23T05:00:00Z",
                "violationcode": "PM15-110.1",
                "violationcodetitle": "ID STRUCTURE",
                "violationresolutiondate": null,
                "violationresolutioncode": null,
                "mostrecentinvestigation": "2021-02-23T18:00:17Z",
                "novinitialreinvestigationdate": "2021-03-05T05:00:00Z",
                "finalnovissuedate": null,
                "opa_account_num": "342071900",
                "address": "6203 JEFFERSON ST",
                "unit_type": null,
                "unit_num": null,
                "zip": "19151-4532",
                "censustract": "011400",
                "opa_owner": "SMITH ALLISON",
                "systemofrecord": null,
                "geocode_x": 2670602.8229318694,
                "geocode_y": 245063.6803685979,
                "council_district": "4",
                "posse_jobid": "320247454"
            }
        },
        {
            "type": "Feature",
            "geometry": {
                "type": "Point",
                "coordinates": [
                    -75.245009,
                    39.97864
                ]
            },
            "properties": {
                "objectid": 48,
                "addressobjectid": "128860819",
                "parcel_id_num": "277225",
                "casenumber": "CF-2021-012344",
                "casecreateddate": "2021-02-23T18:20:53Z",
                "casecompleteddate": null,
                "violationnumber": "VI-2021-009399",
                "violationdate": "2021-02-23T05:00:00Z",
                "violationcode": "PM15-110.1",
                "violationcodetitle": "ID STRUCTURE",
                "violationresolutiondate": null,
                "violationresolutioncode": null,
                "mostrecentinvestigation": "2021-02-23T18:22:12Z",
                "novinitialreinvestigationdate": "2021-03-05T05:00:00Z",
                "finalnovissuedate": null,
                "opa_account_num": "342072800",
                "address": "6221 JEFFERSON ST",
                "unit_type": null,
                "unit_num": null,
                "zip": "19151-4532",
                "censustract": "011400",
                "opa_owner": "GRAHAM ZAMIAH CHYNA",
                "systemofrecord": null,
                "geocode_x": 2670425.58167116,
                "geocode_y": 245032.2552634419,
                "council_district": "4",
                "posse_jobid": "320260720"
            }
        },
        {
            "type": "Feature",
            "geometry": {
                "type": "Point",
                "coordinates": [
                    -75.244939,
                    39.978648
                ]
            },
            "properties": {
                "objectid": 49,
                "addressobjectid": "128860824",
                "parcel_id_num": "406852",
                "casenumber": "CF-2021-012338",
                "casecreateddate": "2021-02-23T18:18:45Z",
                "casecompleteddate": null,
                "violationnumber": "VI-2021-009397",
                "violationdate": "2021-02-23T05:00:00Z",
                "violationcode": "PM15-110.1",
                "violationcodetitle": "ID STRUCTURE",
                "violationresolutiondate": null,
                "violationresolutioncode": null,
                "mostrecentinvestigation": "2021-02-23T18:20:05Z",
                "novinitialreinvestigationdate": "2021-03-05T05:00:00Z",
                "finalnovissuedate": null,
                "opa_account_num": "342072700",
                "address": "6219 JEFFERSON ST",
                "unit_type": null,
                "unit_num": null,
                "zip": "19151-4532",
                "censustract": "011400",
                "opa_owner": "HACKETT MARY L",
                "systemofrecord": null,
                "geocode_x": 2670445.18156479,
                "geocode_y": 245035.8179189059,
                "council_district": "4",
                "posse_jobid": "320259145"
            }
        },
        {
            "type": "Feature",
            "geometry": {
                "type": "Point",
                "coordinates": [
                    -75.147993,
                    40.002383
                ]
            },
            "properties": {
                "objectid": 50,
                "addressobjectid": "129008016",
                "parcel_id_num": "24797",
                "casenumber": "CF-2025-068424",
                "casecreateddate": "2025-07-11T17:40:03Z",
                "casecompleteddate": null,
                "violationnumber": "VI-2025-050211",
                "violationdate": "2025-07-11T17:41:05Z",
                "violationcode": "PM15-110.1",
                "violationcodetitle": "ID STRUCTURE",
                "violationresolutiondate": null,
                "violationresolutioncode": null,
                "mostrecentinvestigation": "2025-07-11T17:43:16Z",
                "novinitialreinvestigationdate": "2025-07-26T04:00:00Z",
                "finalnovissuedate": null,
                "opa_account_num": "884348965",
                "address": "1127-29 ROY ST",
                "unit_type": null,
                "unit_num": null,
                "zip": "19140-5309",
                "censustract": "019900",
                "opa_owner": "JEROME FRANTZ Y",
                "systemofrecord": null,
                "geocode_x": 2697347.88955445,
                "geocode_y": 254463.6247324789,
                "council_district": "5",
                "posse_jobid": "894147588"
            }
        },
        {
            "type": "Feature",
            "geometry": {
                "type": "Point",
                "coordinates": [
                    -75.244585,
                    39.978688
                ]
            },
            "properties": {
                "objectid": 51,
                "addressobjectid": "129121075",
                "parcel_id_num": "197119",
                "casenumber": "CF-2021-012319",
                "casecreateddate": "2021-02-23T18:05:58Z",
                "casecompleteddate": null,
                "violationnumber": "VI-2021-009380",
                "violationdate": "2021-02-23T05:00:00Z",
                "violationcode": "PM15-110.1",
                "violationcodetitle": "ID STRUCTURE",
                "violationresolutiondate": null,
                "violationresolutioncode": null,
                "mostrecentinvestigation": "2021-02-23T18:07:52Z",
                "novinitialreinvestigationdate": "2021-03-05T05:00:00Z",
                "finalnovissuedate": null,
                "opa_account_num": "342072200",
                "address": "6209 JEFFERSON ST",
                "unit_type": null,
                "unit_num": null,
                "zip": "19151-4532",
                "censustract": "011400",
                "opa_owner": "WALTON SADIYYA",
                "systemofrecord": null,
                "geocode_x": 2670543.70174309,
                "geocode_y": 245053.1615174979,
                "council_district": "4",
                "posse_jobid": "320251573"
            }
        },
        {
            "type": "Feature",
            "geometry": {
                "type": "Point",
                "coordinates": [
                    -75.148815,
                    40.016256
                ]
            },
            "properties": {
                "objectid": 52,
                "addressobjectid": "129170137",
                "parcel_id_num": "472196",
                "casenumber": "CF-2025-081502",
                "casecreateddate": "2025-08-05T18:33:54Z",
                "casecompleteddate": null,
                "violationnumber": "VI-2025-058733",
                "violationdate": "2025-08-05T18:35:10Z",
                "violationcode": "PM15-110.1",
                "violationcodetitle": "ID STRUCTURE",
                "violationresolutiondate": null,
                "violationresolutioncode": null,
                "mostrecentinvestigation": "2025-10-09T15:19:46Z",
                "novinitialreinvestigationdate": "2025-08-16T04:00:00Z",
                "finalnovissuedate": null,
                "opa_account_num": "433199200",
                "address": "1351 W JEROME ST",
                "unit_type": null,
                "unit_num": null,
                "zip": "19140-2016",
                "censustract": "020300",
                "opa_owner": "ROADCLOUD VICTORIA E",
                "systemofrecord": null,
                "geocode_x": 2696968.95978773,
                "geocode_y": 259508.604855151,
                "council_district": "5",
                "posse_jobid": "901728312"
            }
        },
        {
            "type": "Feature",
            "geometry": {
                "type": "Point",
                "coordinates": [
                    -75.243116,
                    39.928699
                ]
            },
            "properties": {
                "objectid": 53,
                "addressobjectid": "129197014",
                "parcel_id_num": "297268",
                "casenumber": "CF-2023-091406",
                "casecreateddate": "2023-09-06T11:14:21Z",
                "casecompleteddate": null,
                "violationnumber": "VI-2023-067146",
                "violationdate": "2023-09-06T11:18:38Z",
                "violationcode": "PM15-110.1",
                "violationcodetitle": "ID STRUCTURE",
                "violationresolutiondate": null,
                "violationresolutioncode": null,
                "mostrecentinvestigation": "2023-09-15T17:52:33Z",
                "novinitialreinvestigationdate": "2023-09-16T04:00:00Z",
                "finalnovissuedate": null,
                "opa_account_num": "783097800",
                "address": "6501 COBBS CREEK PKWY",
                "unit_type": null,
                "unit_num": null,
                "zip": "19142",
                "censustract": "006400",
                "opa_owner": "CITY OF PHILA",
                "systemofrecord": null,
                "geocode_x": 2671472.15866661,
                "geocode_y": 226862.146829979,
                "council_district": "2",
                "posse_jobid": "639630781"
            }
        },
        {
            "type": "Feature",
            "geometry": {
                "type": "Point",
                "coordinates": [
                    -75.244444,
                    39.978704
                ]
            },
            "properties": {
                "objectid": 54,
                "addressobjectid": "129488460",
                "parcel_id_num": "213076",
                "casenumber": "CF-2021-012311",
                "casecreateddate": "2021-02-23T18:01:35Z",
                "casecompleteddate": null,
                "violationnumber": "VI-2021-009374",
                "violationdate": "2021-02-23T05:00:00Z",
                "violationcode": "PM15-110.1",
                "violationcodetitle": "ID STRUCTURE",
                "violationresolutiondate": null,
                "violationresolutioncode": null,
                "mostrecentinvestigation": "2021-02-23T18:03:07Z",
                "novinitialreinvestigationdate": "2021-03-05T05:00:00Z",
                "finalnovissuedate": null,
                "opa_account_num": "342072000",
                "address": "6205 JEFFERSON ST",
                "unit_type": null,
                "unit_num": null,
                "zip": "19151-4532",
                "censustract": "011400",
                "opa_owner": "AFUWAPE ROTIMI RASIDATU MARY",
                "systemofrecord": null,
                "geocode_x": 2670583.10385034,
                "geocode_y": 245059.9720772689,
                "council_district": "4",
                "posse_jobid": "320249132"
            }
        },
        {
            "type": "Feature",
            "geometry": {
                "type": "Point",
                "coordinates": [
                    -75.24508,
                    39.978632
                ]
            },
            "properties": {
                "objectid": 55,
                "addressobjectid": "129489333",
                "parcel_id_num": "474238",
                "casenumber": "CF-2021-012349",
                "casecreateddate": "2021-02-23T18:22:51Z",
                "casecompleteddate": null,
                "violationnumber": "VI-2021-009403",
                "violationdate": "2021-02-23T05:00:00Z",
                "violationcode": "PM15-110.1",
                "violationcodetitle": "ID STRUCTURE",
                "violationresolutiondate": null,
                "violationresolutioncode": null,
                "mostrecentinvestigation": "2021-02-23T18:24:12Z",
                "novinitialreinvestigationdate": "2021-03-05T05:00:00Z",
                "finalnovissuedate": null,
                "opa_account_num": "342072900",
                "address": "6223 JEFFERSON ST",
                "unit_type": null,
                "unit_num": null,
                "zip": "19151-4532",
                "censustract": "011400",
                "opa_owner": "STRAWBERRY CHARLES",
                "systemofrecord": null,
                "geocode_x": 2670405.86299075,
                "geocode_y": 245028.827736384,
                "council_district": "4",
                "posse_jobid": "320262520"
            }
        },
        {
            "type": "Feature",
            "geometry": {
                "type": "Point",
                "coordinates": [
                    -75.233056,
                    39.963128
                ]
            },
            "properties": {
                "objectid": 56,
                "addressobjectid": "129955435",
                "parcel_id_num": "327047",
                "casenumber": "CF-2024-096570",
                "casecreateddate": "2024-08-30T15:42:18Z",
                "casecompleteddate": null,
                "violationnumber": "VI-2024-074420",
                "violationdate": "2024-08-30T15:42:47Z",
                "violationcode": "PM15-110.1",
                "violationcodetitle": "ID STRUCTURE",
                "violationresolutiondate": null,
                "violationresolutioncode": null,
                "mostrecentinvestigation": "2025-06-10T16:36:22Z",
                "novinitialreinvestigationdate": "2024-11-28T05:00:00Z",
                "finalnovissuedate": null,
                "opa_account_num": "042044000",
                "address": "5619 APPLETREE ST",
                "unit_type": null,
                "unit_num": null,
                "zip": "19139-2551",
                "censustract": "009400",
                "opa_owner": "NORCUM JOHN",
                "systemofrecord": null,
                "geocode_x": 2673935.03292947,
                "geocode_y": 239479.105275553,
                "council_district": "4",
                "posse_jobid": "786345253"
            }
        },
        {
            "type": "Feature",
            "geometry": {
                "type": "Point",
                "coordinates": [
                    -75.208392,
                    39.968049
                ]
            },
            "properties": {
                "objectid": 57,
                "addressobjectid": "129998316",
                "parcel_id_num": "366940",
                "casenumber": "CF-2022-025168",
                "casecreateddate": "2022-03-26T21:07:55Z",
                "casecompleteddate": null,
                "violationnumber": "VI-2022-020555",
                "violationdate": "2022-03-26T04:00:00Z",
                "violationcode": "PM15-110.1",
                "violationcodetitle": "ID STRUCTURE",
                "violationresolutiondate": null,
                "violationresolutioncode": null,
                "mostrecentinvestigation": "2022-03-26T21:09:00Z",
                "novinitialreinvestigationdate": "2022-04-05T04:00:00Z",
                "finalnovissuedate": null,
                "opa_account_num": "062062500",
                "address": "4209 PARRISH ST",
                "unit_type": null,
                "unit_num": null,
                "zip": "19104-1412",
                "censustract": "010700",
                "opa_owner": "R&K REALITY GROUP LLC",
                "systemofrecord": null,
                "geocode_x": 2680794.13373266,
                "geocode_y": 241468.96019096,
                "council_district": "3",
                "posse_jobid": "458555018"
            }
        },
        {
            "type": "Feature",
            "geometry": {
                "type": "Point",
                "coordinates": [
                    -75.122569,
                    39.992334
                ]
            },
            "properties": {
                "objectid": 58,
                "addressobjectid": "129999145",
                "parcel_id_num": "218808",
                "casenumber": "CF-2022-066442",
                "casecreateddate": "2022-07-07T18:17:21Z",
                "casecompleteddate": null,
                "violationnumber": "VI-2022-048133",
                "violationdate": "2022-07-07T04:00:00Z",
                "violationcode": "PM15-110.1",
                "violationcodetitle": "ID STRUCTURE",
                "violationresolutiondate": null,
                "violationresolutioncode": null,
                "mostrecentinvestigation": "2025-10-09T12:57:29Z",
                "novinitialreinvestigationdate": "2023-07-12T04:00:00Z",
                "finalnovissuedate": null,
                "opa_account_num": "071492500",
                "address": "2832 D ST",
                "unit_type": null,
                "unit_num": null,
                "zip": "19134-3445",
                "censustract": "017702",
                "opa_owner": "2834 D STREET LLC",
                "systemofrecord": null,
                "geocode_x": 2704576.17778809,
                "geocode_y": 251015.432868064,
                "council_district": "7",
                "posse_jobid": "496021801"
            }
        },
        {
            "type": "Feature",
            "geometry": {
                "type": "Point",
                "coordinates": [
                    -75.210304,
                    39.974849
                ]
            },
            "properties": {
                "objectid": 59,
                "addressobjectid": "130004001",
                "parcel_id_num": "260250",
                "casenumber": "CF-2025-091719",
                "casecreateddate": "2025-08-26T06:38:38Z",
                "casecompleteddate": null,
                "violationnumber": "VI-2025-065630",
                "violationdate": "2025-08-26T06:38:56Z",
                "violationcode": "PM15-110.1",
                "violationcodetitle": "ID STRUCTURE",
                "violationresolutiondate": null,
                "violationresolutioncode": null,
                "mostrecentinvestigation": "2025-08-26T06:44:20Z",
                "novinitialreinvestigationdate": "2025-09-05T04:00:00Z",
                "finalnovissuedate": null,
                "opa_account_num": "062188800",
                "address": "4204 W THOMPSON ST",
                "unit_type": null,
                "unit_num": null,
                "zip": "19104-1026",
                "censustract": "011000",
                "opa_owner": "DINNIE MITCHELL",
                "systemofrecord": null,
                "geocode_x": 2680187.25432021,
                "geocode_y": 243929.713438406,
                "council_district": "3",
                "posse_jobid": "908403369"
            }
        },
        {
            "type": "Feature",
            "geometry": {
                "type": "Point",
                "coordinates": [
                    -75.115555,
                    39.999607
                ]
            },
            "properties": {
                "objectid": 60,
                "addressobjectid": "130236935",
                "parcel_id_num": "26286",
                "casenumber": "CF-2021-004224",
                "casecreateddate": "2021-01-19T18:02:38Z",
                "casecompleteddate": null,
                "violationnumber": "VI-2021-003157",
                "violationdate": "2021-01-19T05:00:00Z",
                "violationcode": "PM15-110.1",
                "violationcodetitle": "ID STRUCTURE",
                "violationresolutiondate": null,
                "violationresolutioncode": null,
                "mostrecentinvestigation": "2024-03-21T19:17:55Z",
                "novinitialreinvestigationdate": "2021-01-29T05:00:00Z",
                "finalnovissuedate": null,
                "opa_account_num": "331149800",
                "address": "741 E THAYER ST",
                "unit_type": null,
                "unit_num": null,
                "zip": "19134-1813",
                "censustract": "019200",
                "opa_owner": "CIPPARONE JOSEPH A",
                "systemofrecord": null,
                "geocode_x": 2706461.59759531,
                "geocode_y": 253722.233061082,
                "council_district": "7",
                "posse_jobid": "308001491"
            }
        },
        {
            "type": "Feature",
            "geometry": {
                "type": "Point",
                "coordinates": [
                    -75.243777,
                    39.97904
                ]
            },
            "properties": {
                "objectid": 61,
                "addressobjectid": "130244766",
                "parcel_id_num": "432875",
                "casenumber": "CF-2021-006111",
                "casecreateddate": "2021-01-26T12:44:45Z",
                "casecompleteddate": null,
                "violationnumber": "VI-2021-004524",
                "violationdate": "2021-01-26T05:00:00Z",
                "violationcode": "PM15-110.1",
                "violationcodetitle": "ID STRUCTURE",
                "violationresolutiondate": null,
                "violationresolutioncode": null,
                "mostrecentinvestigation": "2021-03-02T17:09:44Z",
                "novinitialreinvestigationdate": "2021-02-05T05:00:00Z",
                "finalnovissuedate": null,
                "opa_account_num": "342078500",
                "address": "6128 NASSAU RD",
                "unit_type": null,
                "unit_num": null,
                "zip": "19151-4505",
                "censustract": "011400",
                "opa_owner": "BURTON BARBARA B",
                "systemofrecord": null,
                "geocode_x": 2670766.67977368,
                "geocode_y": 245187.831144331,
                "council_district": "4",
                "posse_jobid": "310431607"
            }
        },
        {
            "type": "Feature",
            "geometry": {
                "type": "Point",
                "coordinates": [
                    -75.151853,
                    39.997065
                ]
            },
            "properties": {
                "objectid": 62,
                "addressobjectid": "130311489",
                "parcel_id_num": "109684",
                "casenumber": "CF-2025-028582",
                "casecreateddate": "2025-04-14T14:56:00Z",
                "casecompleteddate": null,
                "violationnumber": "VI-2025-021737",
                "violationdate": "2025-04-14T15:01:49Z",
                "violationcode": "PM15-110.1",
                "violationcodetitle": "ID STRUCTURE",
                "violationresolutiondate": null,
                "violationresolutioncode": null,
                "mostrecentinvestigation": "2025-04-14T15:06:45Z",
                "novinitialreinvestigationdate": "2025-04-24T04:00:00Z",
                "finalnovissuedate": null,
                "opa_account_num": "372275100",
                "address": "2910 N 13TH ST",
                "unit_type": null,
                "unit_num": null,
                "zip": "19133-1327",
                "censustract": "017400",
                "opa_owner": "MARIE MARSHALL WIDOW",
                "systemofrecord": null,
                "geocode_x": 2696324.13172243,
                "geocode_y": 252495.481772619,
                "council_district": "5",
                "posse_jobid": "863848953"
            }
        },
        {
            "type": "Feature",
            "geometry": {
                "type": "Point",
                "coordinates": [
                    -75.055565,
                    40.012531
                ]
            },
            "properties": {
                "objectid": 63,
                "addressobjectid": "130473008",
                "parcel_id_num": "105903",
                "casenumber": "CF-2025-108983",
                "casecreateddate": "2025-10-02T15:51:57Z",
                "casecompleteddate": null,
                "violationnumber": "VI-2025-078096",
                "violationdate": "2025-10-02T15:52:07Z",
                "violationcode": "PM15-110.1",
                "violationcodetitle": "ID STRUCTURE",
                "violationresolutiondate": null,
                "violationresolutioncode": null,
                "mostrecentinvestigation": "2025-10-02T15:58:38Z",
                "novinitialreinvestigationdate": "2025-10-12T04:00:00Z",
                "finalnovissuedate": null,
                "opa_account_num": "411116000",
                "address": "5037 HOMESTEAD ST",
                "unit_type": null,
                "unit_num": null,
                "zip": "19135-4305",
                "censustract": "038100",
                "opa_owner": "LE JASON HAN, LAM NGAN KIM",
                "systemofrecord": null,
                "geocode_x": 2723117.21722733,
                "geocode_y": 258935.023534008,
                "council_district": "6",
                "posse_jobid": "920134658"
            }
        },
        {
            "type": "Feature",
            "geometry": {
                "type": "Point",
                "coordinates": [
                    -75.158295,
                    39.913619
                ]
            },
            "properties": {
                "objectid": 64,
                "addressobjectid": "130495293",
                "parcel_id_num": "219303",
                "casenumber": "CF-2022-122009",
                "casecreateddate": "2022-12-09T12:23:09Z",
                "casecompleteddate": null,
                "violationnumber": "VI-2022-091731",
                "violationdate": "2022-12-09T12:23:24Z",
                "violationcode": "PM15-110.1",
                "violationcodetitle": "ID STRUCTURE",
                "violationresolutiondate": null,
                "violationresolutioncode": null,
                "mostrecentinvestigation": "2025-04-25T14:08:14Z",
                "novinitialreinvestigationdate": "2023-01-13T05:00:00Z",
                "finalnovissuedate": "2024-12-23T18:21:23Z",
                "opa_account_num": "395038800",
                "address": "536 JOHNSTON ST",
                "unit_type": null,
                "unit_num": null,
                "zip": "19148-4813",
                "censustract": "037200",
                "opa_owner": "D ANTONIO ROBERT",
                "systemofrecord": null,
                "geocode_x": 2695411.82315745,
                "geocode_y": 222057.632204176,
                "council_district": "1",
                "posse_jobid": "544958407"
            }
        },
        {
            "type": "Feature",
            "geometry": {
                "type": "Point",
                "coordinates": [
                    -75.148509,
                    40.007449
                ]
            },
            "properties": {
                "objectid": 65,
                "addressobjectid": "130522111",
                "parcel_id_num": "460589",
                "casenumber": "CF-2025-089269",
                "casecreateddate": "2025-08-20T15:27:44Z",
                "casecompleteddate": null,
                "violationnumber": "VI-2025-063690",
                "violationdate": "2025-08-20T15:29:49Z",
                "violationcode": "PM15-110.1",
                "violationcodetitle": "ID STRUCTURE",
                "violationresolutiondate": null,
                "violationresolutioncode": null,
                "mostrecentinvestigation": "2025-10-02T17:25:45Z",
                "novinitialreinvestigationdate": "2025-08-30T04:00:00Z",
                "finalnovissuedate": null,
                "opa_account_num": "432043300",
                "address": "1219 W VENANGO ST",
                "unit_type": null,
                "unit_num": null,
                "zip": "19140-4234",
                "censustract": "020300",
                "opa_owner": "POWELL GEORGE M",
                "systemofrecord": null,
                "geocode_x": 2697149.24400908,
                "geocode_y": 256303.998584059,
                "council_district": "5",
                "posse_jobid": "906767161"
            }
        },
        {
            "type": "Feature",
            "geometry": {
                "type": "Point",
                "coordinates": [
                    -75.222325,
                    39.957163
                ]
            },
            "properties": {
                "objectid": 66,
                "addressobjectid": "130755714",
                "parcel_id_num": "345642",
                "casenumber": "CF-2025-008891",
                "casecreateddate": "2025-02-10T17:26:41Z",
                "casecompleteddate": null,
                "violationnumber": "VI-2025-007050",
                "violationdate": "2025-02-10T17:27:26Z",
                "violationcode": "PM15-110.1",
                "violationcodetitle": "ID STRUCTURE",
                "violationresolutiondate": null,
                "violationresolutioncode": null,
                "mostrecentinvestigation": "2025-04-02T16:29:12Z",
                "novinitialreinvestigationdate": "2025-03-16T04:00:00Z",
                "finalnovissuedate": null,
                "opa_account_num": "602037400",
                "address": "5026 SANSOM ST",
                "unit_type": null,
                "unit_num": null,
                "zip": "19139-3533",
                "censustract": "008500",
                "opa_owner": "HAMILTON MORRIS D, HAMILTON MICHAEL",
                "systemofrecord": null,
                "geocode_x": 2677003.93882903,
                "geocode_y": 237393.101816845,
                "council_district": "3",
                "posse_jobid": "839608118"
            }
        },
        {
            "type": "Feature",
            "geometry": {
                "type": "Point",
                "coordinates": [
                    -75.244004,
                    39.979015
                ]
            },
            "properties": {
                "objectid": 67,
                "addressobjectid": "131083763",
                "parcel_id_num": "272033",
                "casenumber": "CF-2021-004451",
                "casecreateddate": "2021-01-20T12:25:57Z",
                "casecompleteddate": null,
                "violationnumber": "VI-2021-003286",
                "violationdate": "2021-01-20T05:00:00Z",
                "violationcode": "PM15-110.1",
                "violationcodetitle": "ID STRUCTURE",
                "violationresolutiondate": null,
                "violationresolutioncode": null,
                "mostrecentinvestigation": "2025-04-09T20:10:20Z",
                "novinitialreinvestigationdate": "2021-01-30T05:00:00Z",
                "finalnovissuedate": null,
                "opa_account_num": "342078700",
                "address": "6132 NASSAU RD",
                "unit_type": null,
                "unit_num": null,
                "zip": "19151-4505",
                "censustract": "011400",
                "opa_owner": "SZENSKO ANDREA M",
                "systemofrecord": null,
                "geocode_x": 2670703.12685906,
                "geocode_y": 245176.705052607,
                "council_district": "4",
                "posse_jobid": "308290618"
            }
        },
        {
            "type": "Feature",
            "geometry": {
                "type": "Point",
                "coordinates": [
                    -75.181692,
                    39.987804
                ]
            },
            "properties": {
                "objectid": 68,
                "addressobjectid": "131103998",
                "parcel_id_num": "209327",
                "casenumber": "CF-2023-113177",
                "casecreateddate": "2023-10-30T16:37:12Z",
                "casecompleteddate": null,
                "violationnumber": "VI-2023-084909",
                "violationdate": "2023-10-30T16:37:24Z",
                "violationcode": "PM15-110.1",
                "violationcodetitle": "ID STRUCTURE",
                "violationresolutiondate": null,
                "violationresolutioncode": null,
                "mostrecentinvestigation": "2023-10-30T16:43:12Z",
                "novinitialreinvestigationdate": "2024-07-22T04:00:00Z",
                "finalnovissuedate": null,
                "opa_account_num": "323117500",
                "address": "2926 DIAMOND ST",
                "unit_type": null,
                "unit_num": null,
                "zip": "19121-1210",
                "censustract": "015102",
                "opa_owner": "FRANK S MITCHELL JR, ETHELRENE R H/W",
                "systemofrecord": null,
                "geocode_x": 2688065.70443606,
                "geocode_y": 248878.775082663,
                "council_district": "5",
                "posse_jobid": "657488601"
            }
        },
        {
            "type": "Feature",
            "geometry": {
                "type": "Point",
                "coordinates": [
                    -75.18516,
                    39.993667
                ]
            },
            "properties": {
                "objectid": 69,
                "addressobjectid": "131121117",
                "parcel_id_num": "123435",
                "casenumber": "CF-2025-088900",
                "casecreateddate": "2025-08-19T19:47:38Z",
                "casecompleteddate": null,
                "violationnumber": "VI-2025-063423",
                "violationdate": "2025-08-19T19:49:53Z",
                "violationcode": "PM15-110.1",
                "violationcodetitle": "ID STRUCTURE",
                "violationresolutiondate": null,
                "violationresolutioncode": null,
                "mostrecentinvestigation": "2025-08-19T19:53:59Z",
                "novinitialreinvestigationdate": "2025-09-30T04:00:00Z",
                "finalnovissuedate": null,
                "opa_account_num": "282216400",
                "address": "2421 N DOUGLAS ST",
                "unit_type": null,
                "unit_num": null,
                "zip": "19132-3319",
                "censustract": "016902",
                "opa_owner": "BROWN CHERYL",
                "systemofrecord": null,
                "geocode_x": 2687032.34060596,
                "geocode_y": 250985.402629927,
                "council_district": "5",
                "posse_jobid": "906527819"
            }
        },
        {
            "type": "Feature",
            "geometry": {
                "type": "Point",
                "coordinates": [
                    -75.157544,
                    39.990857
                ]
            },
            "properties": {
                "objectid": 70,
                "addressobjectid": "131461115",
                "parcel_id_num": "70782",
                "casenumber": "CF-2024-115067",
                "casecreateddate": "2024-10-28T15:38:53Z",
                "casecompleteddate": null,
                "violationnumber": "VI-2024-088267",
                "violationdate": "2024-10-28T15:39:05Z",
                "violationcode": "PM15-110.1",
                "violationcodetitle": "ID STRUCTURE",
                "violationresolutiondate": null,
                "violationresolutioncode": null,
                "mostrecentinvestigation": "2025-04-02T17:15:31Z",
                "novinitialreinvestigationdate": "2024-11-07T05:00:00Z",
                "finalnovissuedate": null,
                "opa_account_num": "161047500",
                "address": "2447-49 N SYDENHAM ST",
                "unit_type": null,
                "unit_num": null,
                "zip": "19132-4450",
                "censustract": "016702",
                "opa_owner": "FAULK JOE",
                "systemofrecord": null,
                "geocode_x": 2694796.62144125,
                "geocode_y": 250188.062712017,
                "council_district": "5",
                "posse_jobid": "805083319"
            }
        },
        {
            "type": "Feature",
            "geometry": {
                "type": "Point",
                "coordinates": [
                    -75.118642,
                    39.993368
                ]
            },
            "properties": {
                "objectid": 71,
                "addressobjectid": "131650071",
                "parcel_id_num": "181312",
                "casenumber": "CF-2022-111965",
                "casecreateddate": "2022-11-02T19:01:44Z",
                "casecompleteddate": null,
                "violationnumber": "VI-2022-083348",
                "violationdate": "2022-11-02T04:00:00Z",
                "violationcode": "PM15-110.1",
                "violationcodetitle": "ID STRUCTURE",
                "violationresolutiondate": null,
                "violationresolutioncode": null,
                "mostrecentinvestigation": "2023-04-04T14:54:35Z",
                "novinitialreinvestigationdate": "2022-11-13T05:00:00Z",
                "finalnovissuedate": null,
                "opa_account_num": "871533390",
                "address": "2947-49 KENSINGTON AVE",
                "unit_type": null,
                "unit_num": null,
                "zip": "19134-3030",
                "censustract": "017800",
                "opa_owner": "JK HI POINT LLC",
                "systemofrecord": null,
                "geocode_x": 2705664.74633696,
                "geocode_y": 251424.852747592,
                "council_district": "7",
                "posse_jobid": "534335702"
            }
        },
        {
            "type": "Feature",
            "geometry": {
                "type": "Point",
                "coordinates": [
                    -75.093048,
                    39.989358
                ]
            },
            "properties": {
                "objectid": 72,
                "addressobjectid": "131730825",
                "parcel_id_num": "432135",
                "casenumber": "CF-2023-022039",
                "casecreateddate": "2023-03-17T18:47:39Z",
                "casecompleteddate": null,
                "violationnumber": "VI-2023-016598",
                "violationdate": "2023-03-17T18:47:57Z",
                "violationcode": "PM15-110.1",
                "violationcodetitle": "ID STRUCTURE",
                "violationresolutiondate": null,
                "violationresolutioncode": null,
                "mostrecentinvestigation": "2025-09-29T17:05:16Z",
                "novinitialreinvestigationdate": "2023-03-27T04:00:00Z",
                "finalnovissuedate": null,
                "opa_account_num": "777336000",
                "address": "2645 E VENANGO ST",
                "unit_type": null,
                "unit_num": null,
                "zip": "19134-5589",
                "censustract": "037900",
                "opa_owner": "GRACE CHURCH OF THE, INCARNATION",
                "systemofrecord": null,
                "geocode_x": 2712876.7308480996,
                "geocode_y": 250179.258099472,
                "council_district": "6",
                "posse_jobid": "579702547"
            }
        },
        {
            "type": "Feature",
            "geometry": {
                "type": "Point",
                "coordinates": [
                    -75.146212,
                    40.013404
                ]
            },
            "properties": {
                "objectid": 73,
                "addressobjectid": "131744644",
                "parcel_id_num": "505254",
                "casenumber": "CF-2022-022705",
                "casecreateddate": "2022-03-19T17:47:57Z",
                "casecompleteddate": null,
                "violationnumber": "VI-2022-018665",
                "violationdate": "2022-03-19T04:00:00Z",
                "violationcode": "PM15-110.1",
                "violationcodetitle": "ID STRUCTURE",
                "violationresolutiondate": null,
                "violationresolutioncode": null,
                "mostrecentinvestigation": "2022-03-19T17:49:14Z",
                "novinitialreinvestigationdate": "2022-03-29T04:00:00Z",
                "finalnovissuedate": null,
                "opa_account_num": "885000355",
                "address": "4001 N 12TH ST",
                "unit_type": null,
                "unit_num": null,
                "zip": "19140-2101",
                "censustract": "019800",
                "opa_owner": "LUNVEST LLC",
                "systemofrecord": null,
                "geocode_x": 2697728.31523609,
                "geocode_y": 258491.384677356,
                "council_district": "5",
                "posse_jobid": "455729168"
            }
        },
        {
            "type": "Feature",
            "geometry": {
                "type": "Point",
                "coordinates": [
                    -75.007102,
                    40.066761
                ]
            },
            "properties": {
                "objectid": 74,
                "addressobjectid": "131810287",
                "parcel_id_num": "302487",
                "casenumber": "CF-2025-112552",
                "casecreateddate": "2025-10-11T21:26:18Z",
                "casecompleteddate": null,
                "violationnumber": "VI-2025-081206",
                "violationdate": "2025-10-11T21:26:29Z",
                "violationcode": "PM15-110.1",
                "violationcodetitle": "ID STRUCTURE",
                "violationresolutiondate": null,
                "violationresolutioncode": null,
                "mostrecentinvestigation": "2025-10-14T14:02:04Z",
                "novinitialreinvestigationdate": "2025-10-21T04:00:00Z",
                "finalnovissuedate": null,
                "opa_account_num": "572322527",
                "address": "9444 KIRKWOOD RD",
                "unit_type": null,
                "unit_num": null,
                "zip": "19114-2606",
                "censustract": "034803",
                "opa_owner": "HAMMOND JUSTINA D",
                "systemofrecord": null,
                "geocode_x": 2736072.2988229496,
                "geocode_y": 279098.640157381,
                "council_district": "6",
                "posse_jobid": "923010801"
            }
        },
        {
            "type": "Feature",
            "geometry": {
                "type": "Point",
                "coordinates": [
                    -75.11102,
                    39.998751
                ]
            },
            "properties": {
                "objectid": 75,
                "addressobjectid": "131900867",
                "parcel_id_num": "90237",
                "casenumber": "CF-2025-098842",
                "casecreateddate": "2025-09-10T15:17:16Z",
                "casecompleteddate": null,
                "violationnumber": "VI-2025-070642",
                "violationdate": "2025-09-10T15:35:35Z",
                "violationcode": "PM15-110.1",
                "violationcodetitle": "ID STRUCTURE",
                "violationresolutiondate": null,
                "violationresolutioncode": null,
                "mostrecentinvestigation": "2025-09-10T15:39:51Z",
                "novinitialreinvestigationdate": "2025-09-22T04:00:00Z",
                "finalnovissuedate": null,
                "opa_account_num": "331379500",
                "address": "3342 I ST",
                "unit_type": null,
                "unit_num": null,
                "zip": "19134-1437",
                "censustract": "019200",
                "opa_owner": "3342 I ST LLC",
                "systemofrecord": null,
                "geocode_x": 2707740.95971909,
                "geocode_y": 253448.4191295569,
                "council_district": "7",
                "posse_jobid": "912841900"
            }
        },
        {
            "type": "Feature",
            "geometry": {
                "type": "Point",
                "coordinates": [
                    -75.240295,
                    39.962927
                ]
            },
            "properties": {
                "objectid": 76,
                "addressobjectid": "132007732",
                "parcel_id_num": "40733",
                "casenumber": "CF-2022-016540",
                "casecreateddate": "2022-03-02T00:09:58Z",
                "casecompleteddate": null,
                "violationnumber": "VI-2022-013699",
                "violationdate": "2022-03-01T05:00:00Z",
                "violationcode": "PM15-110.1",
                "violationcodetitle": "ID STRUCTURE",
                "violationresolutiondate": null,
                "violationresolutioncode": null,
                "mostrecentinvestigation": "2022-03-02T00:11:04Z",
                "novinitialreinvestigationdate": "2022-03-11T05:00:00Z",
                "finalnovissuedate": null,
                "opa_account_num": "042132100",
                "address": "39 N 60TH ST",
                "unit_type": null,
                "unit_num": null,
                "zip": "19139-2349",
                "censustract": "009500",
                "opa_owner": "NELSON MICHAEL",
                "systemofrecord": null,
                "geocode_x": 2671908.67414169,
                "geocode_y": 239348.3152891,
                "council_district": "4",
                "posse_jobid": "448668686"
            }
        },
        {
            "type": "Feature",
            "geometry": {
                "type": "Point",
                "coordinates": [
                    -75.236954,
                    39.964986
                ]
            },
            "properties": {
                "objectid": 77,
                "addressobjectid": "132014186",
                "parcel_id_num": "418372",
                "casenumber": "CF-2022-023195",
                "casecreateddate": "2022-03-21T23:35:53Z",
                "casecompleteddate": null,
                "violationnumber": "VI-2022-019035",
                "violationdate": "2022-03-21T04:00:00Z",
                "violationcode": "PM15-110.1",
                "violationcodetitle": "ID STRUCTURE",
                "violationresolutiondate": null,
                "violationresolutioncode": null,
                "mostrecentinvestigation": "2022-03-21T23:37:07Z",
                "novinitialreinvestigationdate": "2022-03-31T04:00:00Z",
                "finalnovissuedate": null,
                "opa_account_num": "042224000",
                "address": "210 N WANAMAKER ST",
                "unit_type": null,
                "unit_num": null,
                "zip": "19139-1245",
                "censustract": "009500",
                "opa_owner": "BANNISTER EVANGELINE",
                "systemofrecord": null,
                "geocode_x": 2672823.6104615396,
                "geocode_y": 240124.373405116,
                "council_district": "4",
                "posse_jobid": "456392372"
            }
        },
        {
            "type": "Feature",
            "geometry": {
                "type": "Point",
                "coordinates": [
                    -75.073715,
                    40.002074
                ]
            },
            "properties": {
                "objectid": 78,
                "addressobjectid": "132368061",
                "parcel_id_num": "76390",
                "casenumber": "CF-2025-099468",
                "casecreateddate": "2025-09-11T15:52:49Z",
                "casecompleteddate": null,
                "violationnumber": "VI-2025-071053",
                "violationdate": "2025-09-11T15:52:58Z",
                "violationcode": "PM15-110.1",
                "violationcodetitle": "ID STRUCTURE",
                "violationresolutiondate": null,
                "violationresolutioncode": null,
                "mostrecentinvestigation": "2025-10-02T15:15:47Z",
                "novinitialreinvestigationdate": "2025-09-22T04:00:00Z",
                "finalnovissuedate": null,
                "opa_account_num": "453187700",
                "address": "4498 1/2 LIVINGSTON ST",
                "unit_type": null,
                "unit_num": null,
                "zip": "19137-1622",
                "censustract": "018300",
                "opa_owner": "HUTTENLOCK ROBERT W JR, HUTTENLOCK ROBERT C",
                "systemofrecord": null,
                "geocode_x": 2718151.12456335,
                "geocode_y": 254973.158078754,
                "council_district": "6",
                "posse_jobid": "913279153"
            }
        },
        {
            "type": "Feature",
            "geometry": {
                "type": "Point",
                "coordinates": [
                    -75.243888,
                    39.979027
                ]
            },
            "properties": {
                "objectid": 79,
                "addressobjectid": "132471026",
                "parcel_id_num": "28917",
                "casenumber": "CF-2021-004449",
                "casecreateddate": "2021-01-20T12:17:02Z",
                "casecompleteddate": null,
                "violationnumber": "VI-2021-003284",
                "violationdate": "2021-01-20T05:00:00Z",
                "violationcode": "PM15-110.1",
                "violationcodetitle": "ID STRUCTURE",
                "violationresolutiondate": null,
                "violationresolutioncode": null,
                "mostrecentinvestigation": "2025-06-09T20:31:17Z",
                "novinitialreinvestigationdate": "2021-01-30T05:00:00Z",
                "finalnovissuedate": null,
                "opa_account_num": "342078600",
                "address": "6130 NASSAU RD",
                "unit_type": null,
                "unit_num": null,
                "zip": "19151-4505",
                "censustract": "011400",
                "opa_owner": "LYDE MARCIA A",
                "systemofrecord": null,
                "geocode_x": 2670735.6032908,
                "geocode_y": 245182.251504276,
                "council_district": "4",
                "posse_jobid": "308288571"
            }
        },
        {
            "type": "Feature",
            "geometry": {
                "type": "Point",
                "coordinates": [
                    -75.247054,
                    39.915344
                ]
            },
            "properties": {
                "objectid": 80,
                "addressobjectid": "132699372",
                "parcel_id_num": "524931",
                "casenumber": "CF-2023-043363",
                "casecreateddate": "2023-05-12T17:47:40Z",
                "casecompleteddate": null,
                "violationnumber": "VI-2023-033379",
                "violationdate": "2023-05-12T17:47:53Z",
                "violationcode": "PM15-110.1",
                "violationcodetitle": "ID STRUCTURE",
                "violationresolutiondate": null,
                "violationresolutioncode": null,
                "mostrecentinvestigation": "2025-09-30T13:52:15Z",
                "novinitialreinvestigationdate": "2023-05-22T04:00:00Z",
                "finalnovissuedate": null,
                "opa_account_num": "884791910",
                "address": "2230 ISLAND AVE",
                "unit_type": null,
                "unit_num": null,
                "zip": "19142-1006",
                "censustract": "005500",
                "opa_owner": "C C C ASSOC L P",
                "systemofrecord": null,
                "geocode_x": 2670506.0706545,
                "geocode_y": 221967.896855792,
                "council_district": "2",
                "posse_jobid": "600033868"
            }
        },
        {
            "type": "Feature",
            "geometry": {
                "type": "Point",
                "coordinates": [
                    -75.133619,
                    40.004678
                ]
            },
            "properties": {
                "objectid": 81,
                "addressobjectid": "132838826",
                "parcel_id_num": "422785",
                "casenumber": "CF-2023-101924",
                "casecreateddate": "2023-09-29T17:58:54Z",
                "casecompleteddate": null,
                "violationnumber": "VI-2023-075730",
                "violationdate": "2023-09-29T17:59:17Z",
                "violationcode": "PM15-110.1",
                "violationcodetitle": "ID STRUCTURE",
                "violationresolutiondate": null,
                "violationresolutioncode": null,
                "mostrecentinvestigation": "2025-01-25T14:00:22Z",
                "novinitialreinvestigationdate": "2023-10-09T04:00:00Z",
                "finalnovissuedate": null,
                "opa_account_num": "884344110",
                "address": "221 W GLENWOOD AVE",
                "unit_type": null,
                "unit_num": null,
                "zip": "19140-5708",
                "censustract": "019502",
                "opa_owner": "221 W GLENWOOD LLC",
                "systemofrecord": null,
                "geocode_x": 2701348.2185242893,
                "geocode_y": 255418.4372632889,
                "council_district": "7",
                "posse_jobid": "647668446"
            }
        },
        {
            "type": "Feature",
            "geometry": {
                "type": "Point",
                "coordinates": [
                    -75.238243,
                    39.960373
                ]
            },
            "properties": {
                "objectid": 82,
                "addressobjectid": "132895906",
                "parcel_id_num": "298949",
                "casenumber": "CF-2024-032046",
                "casecreateddate": "2024-04-17T16:37:01Z",
                "casecompleteddate": null,
                "violationnumber": "VI-2024-026242",
                "violationdate": "2024-04-17T16:37:29Z",
                "violationcode": "PM15-110.1",
                "violationcodetitle": "ID STRUCTURE",
                "violationresolutiondate": null,
                "violationresolutioncode": null,
                "mostrecentinvestigation": "2024-10-29T17:13:47Z",
                "novinitialreinvestigationdate": "2024-06-24T04:00:00Z",
                "finalnovissuedate": null,
                "opa_account_num": "604151800",
                "address": "5839 CHESTNUT ST",
                "unit_type": null,
                "unit_num": null,
                "zip": "19139-3110",
                "censustract": "008400",
                "opa_owner": "DELMAR MC INTYRE, MABEL",
                "systemofrecord": null,
                "geocode_x": 2672510.13368227,
                "geocode_y": 238434.659663932,
                "council_district": "3",
                "posse_jobid": "714834137"
            }
        },
        {
            "type": "Feature",
            "geometry": {
                "type": "Point",
                "coordinates": [
                    -75.154589,
                    40.021805
                ]
            },
            "properties": {
                "objectid": 83,
                "addressobjectid": "132918785",
                "parcel_id_num": "208280",
                "casenumber": "CF-2025-020247",
                "casecreateddate": "2025-03-21T15:17:07Z",
                "casecompleteddate": null,
                "violationnumber": "VI-2025-015225",
                "violationdate": "2025-03-21T15:18:25Z",
                "violationcode": "PM15-110.1",
                "violationcodetitle": "ID STRUCTURE",
                "violationresolutiondate": null,
                "violationresolutioncode": null,
                "mostrecentinvestigation": "2025-10-09T14:42:05Z",
                "novinitialreinvestigationdate": "2025-10-08T04:00:00Z",
                "finalnovissuedate": null,
                "opa_account_num": "132168600",
                "address": "4431 N 18TH ST",
                "unit_type": null,
                "unit_num": null,
                "zip": "19140-1000",
                "censustract": "020400",
                "opa_owner": "PAYNE BARBARA",
                "systemofrecord": null,
                "geocode_x": 2695293.12894738,
                "geocode_y": 261481.350000539,
                "council_district": "8",
                "posse_jobid": "855092143"
            }
        },
        {
            "type": "Feature",
            "geometry": {
                "type": "Point",
                "coordinates": [
                    -75.17129,
                    39.93498
                ]
            },
            "properties": {
                "objectid": 84,
                "addressobjectid": "133049040",
                "parcel_id_num": "217992",
                "casenumber": "CF-2025-100465",
                "casecreateddate": "2025-09-14T17:45:53Z",
                "casecompleteddate": null,
                "violationnumber": "VI-2025-071866",
                "violationdate": "2025-09-14T18:02:50Z",
                "violationcode": "PM15-110.1",
                "violationcodetitle": "ID STRUCTURE",
                "violationresolutiondate": null,
                "violationresolutioncode": null,
                "mostrecentinvestigation": "2025-09-14T18:24:46Z",
                "novinitialreinvestigationdate": "2025-09-25T04:00:00Z",
                "finalnovissuedate": null,
                "opa_account_num": "365330300",
                "address": "1616 TITAN ST",
                "unit_type": null,
                "unit_num": null,
                "zip": "19146-3032",
                "censustract": "002200",
                "opa_owner": "WOOD DENISE",
                "systemofrecord": null,
                "geocode_x": 2691540.92688697,
                "geocode_y": 229729.233947369,
                "council_district": "2",
                "posse_jobid": "914007019"
            }
        },
        {
            "type": "Feature",
            "geometry": {
                "type": "Point",
                "coordinates": [
                    -75.199479,
                    39.96595
                ]
            },
            "properties": {
                "objectid": 85,
                "addressobjectid": "133074696",
                "parcel_id_num": "234598",
                "casenumber": "CF-2022-008043",
                "casecreateddate": "2022-02-01T00:58:13Z",
                "casecompleteddate": null,
                "violationnumber": "VI-2022-006237",
                "violationdate": "2022-01-31T05:00:00Z",
                "violationcode": "PM15-110.1",
                "violationcodetitle": "ID STRUCTURE",
                "violationresolutiondate": null,
                "violationresolutioncode": null,
                "mostrecentinvestigation": "2022-02-01T01:00:27Z",
                "novinitialreinvestigationdate": "2022-02-10T05:00:00Z",
                "finalnovissuedate": null,
                "opa_account_num": "243023200",
                "address": "3858 OLIVE ST",
                "unit_type": null,
                "unit_num": null,
                "zip": "19104-1646",
                "censustract": "010800",
                "opa_owner": "OLIVE & PRESTON STREET IN",
                "systemofrecord": null,
                "geocode_x": 2683313.60054809,
                "geocode_y": 240776.4968223149,
                "council_district": "3",
                "posse_jobid": "437172436"
            }
        },
        {
            "type": "Feature",
            "geometry": {
                "type": "Point",
                "coordinates": [
                    -75.232452,
                    39.961542
                ]
            },
            "properties": {
                "objectid": 86,
                "addressobjectid": "133156604",
                "parcel_id_num": "148039",
                "casenumber": "CF-2025-097964",
                "casecreateddate": "2025-09-08T20:45:16Z",
                "casecompleteddate": null,
                "violationnumber": "VI-2025-070184",
                "violationdate": "2025-09-08T20:46:07Z",
                "violationcode": "PM15-110.1",
                "violationcodetitle": "ID STRUCTURE",
                "violationresolutiondate": null,
                "violationresolutioncode": null,
                "mostrecentinvestigation": "2025-10-01T17:50:19Z",
                "novinitialreinvestigationdate": "2025-09-20T04:00:00Z",
                "finalnovissuedate": null,
                "opa_account_num": "041205500",
                "address": "19 N 56TH ST",
                "unit_type": null,
                "unit_num": null,
                "zip": "19139-2505",
                "censustract": "009400",
                "opa_owner": "GREATER WHITE ROCK, BAPTIST CHURCH",
                "systemofrecord": null,
                "geocode_x": 2674120.60269628,
                "geocode_y": 238906.5411581,
                "council_district": "4",
                "posse_jobid": "912186209"
            }
        },
        {
            "type": "Feature",
            "geometry": {
                "type": "Point",
                "coordinates": [
                    -75.170163,
                    40.063611
                ]
            },
            "properties": {
                "objectid": 87,
                "addressobjectid": "133340309",
                "parcel_id_num": "510817",
                "casenumber": "CF-2024-121620",
                "casecreateddate": "2024-11-20T13:25:38Z",
                "casecompleteddate": null,
                "violationnumber": "VI-2024-093775",
                "violationdate": "2024-11-20T14:31:20Z",
                "violationcode": "PM15-110.1",
                "violationcodetitle": "ID STRUCTURE",
                "violationresolutiondate": null,
                "violationresolutioncode": null,
                "mostrecentinvestigation": "2025-10-11T14:57:02Z",
                "novinitialreinvestigationdate": "2024-11-30T05:00:00Z",
                "finalnovissuedate": null,
                "opa_account_num": "502309900",
                "address": "923 E UPSAL ST",
                "unit_type": null,
                "unit_num": null,
                "zip": "19150-3711",
                "censustract": "026200",
                "opa_owner": "VIRGINIA B TAYLOR S/W",
                "systemofrecord": null,
                "geocode_x": 2690488.09177222,
                "geocode_y": 276576.391315515,
                "council_district": "9",
                "posse_jobid": "813308808"
            }
        },
        {
            "type": "Feature",
            "geometry": {
                "type": "Point",
                "coordinates": [
                    -75.232514,
                    39.958082
                ]
            },
            "properties": {
                "objectid": 88,
                "addressobjectid": "133511129",
                "parcel_id_num": "465277",
                "casenumber": "CF-2024-125516",
                "casecreateddate": "2024-12-06T19:49:36Z",
                "casecompleteddate": null,
                "violationnumber": "VI-2024-097104",
                "violationdate": "2024-12-06T22:42:18Z",
                "violationcode": "PM15-110.1",
                "violationcodetitle": "ID STRUCTURE",
                "violationresolutiondate": null,
                "violationresolutioncode": null,
                "mostrecentinvestigation": "2024-12-06T22:54:02Z",
                "novinitialreinvestigationdate": "2024-12-19T05:00:00Z",
                "finalnovissuedate": null,
                "opa_account_num": "604032800",
                "address": "5529 WALNUT ST",
                "unit_type": null,
                "unit_num": null,
                "zip": "19139-3922",
                "censustract": "008400",
                "opa_owner": "BUTTS RICHARD",
                "systemofrecord": null,
                "geocode_x": 2674139.1584255695,
                "geocode_y": 237646.047064586,
                "council_district": "3",
                "posse_jobid": "818391476"
            }
        },
        {
            "type": "Feature",
            "geometry": {
                "type": "Point",
                "coordinates": [
                    -75.183297,
                    39.932251
                ]
            },
            "properties": {
                "objectid": 89,
                "addressobjectid": "133786707",
                "parcel_id_num": "529900",
                "casenumber": "CF-2023-100334",
                "casecreateddate": "2023-09-26T18:04:02Z",
                "casecompleteddate": null,
                "violationnumber": "VI-2023-074458",
                "violationdate": "2023-09-26T18:04:12Z",
                "violationcode": "PM15-110.1",
                "violationcodetitle": "ID STRUCTURE",
                "violationresolutiondate": null,
                "violationresolutioncode": null,
                "mostrecentinvestigation": "2024-07-24T14:13:29Z",
                "novinitialreinvestigationdate": "2023-10-06T04:00:00Z",
                "finalnovissuedate": null,
                "opa_account_num": "773156005",
                "address": "2300-06 TASKER ST",
                "unit_type": null,
                "unit_num": null,
                "zip": "19145-1331",
                "censustract": "003200",
                "opa_owner": "GREATER BETHLEHEM TEMPLE CHURCH OF THE A",
                "systemofrecord": null,
                "geocode_x": 2688204.2488842094,
                "geocode_y": 228637.1881322029,
                "council_district": "2",
                "posse_jobid": "646434469"
            }
        },
        {
            "type": "Feature",
            "geometry": {
                "type": "Point",
                "coordinates": [
                    -75.237211,
                    39.968177
                ]
            },
            "properties": {
                "objectid": 90,
                "addressobjectid": "133855303",
                "parcel_id_num": "69307",
                "casenumber": "CF-2022-016542",
                "casecreateddate": "2022-03-02T00:16:03Z",
                "casecompleteddate": null,
                "violationnumber": "VI-2022-013700",
                "violationdate": "2022-03-01T05:00:00Z",
                "violationcode": "PM15-110.1",
                "violationcodetitle": "ID STRUCTURE",
                "violationresolutiondate": null,
                "violationresolutioncode": null,
                "mostrecentinvestigation": "2022-03-02T00:17:08Z",
                "novinitialreinvestigationdate": "2022-03-11T05:00:00Z",
                "finalnovissuedate": null,
                "opa_account_num": "042239800",
                "address": "413 N 59TH ST",
                "unit_type": null,
                "unit_num": null,
                "zip": "19151-4302",
                "censustract": "009500",
                "opa_owner": "L STEWART HAYWARD, MILDRED",
                "systemofrecord": null,
                "geocode_x": 2672718.50448755,
                "geocode_y": 241284.302508653,
                "council_district": "4",
                "posse_jobid": "448670166"
            }
        },
        {
            "type": "Feature",
            "geometry": {
                "type": "Point",
                "coordinates": [
                    -75.156816,
                    39.997562
                ]
            },
            "properties": {
                "objectid": 91,
                "addressobjectid": "133917496",
                "parcel_id_num": "530479",
                "casenumber": "CF-2021-024778",
                "casecreateddate": "2021-04-06T13:12:14Z",
                "casecompleteddate": null,
                "violationnumber": "VI-2021-018721",
                "violationdate": "2021-04-06T04:00:00Z",
                "violationcode": "PM15-110.1",
                "violationcodetitle": "ID STRUCTURE",
                "violationresolutiondate": null,
                "violationresolutioncode": null,
                "mostrecentinvestigation": "2025-08-16T13:05:20Z",
                "novinitialreinvestigationdate": "2023-07-17T04:00:00Z",
                "finalnovissuedate": null,
                "opa_account_num": "884341735",
                "address": "2905 N 16TH ST",
                "unit_type": null,
                "unit_num": null,
                "zip": "19132-2226",
                "censustract": "017300",
                "opa_owner": "NORTH DISTRICT OWNER LLC",
                "systemofrecord": null,
                "geocode_x": 2694928.69111981,
                "geocode_y": 252635.596094732,
                "council_district": "8",
                "posse_jobid": "335926688"
            }
        },
        {
            "type": "Feature",
            "geometry": {
                "type": "Point",
                "coordinates": [
                    -75.16809,
                    39.942462
                ]
            },
            "properties": {
                "objectid": 92,
                "addressobjectid": "134020446",
                "parcel_id_num": "172465",
                "casenumber": "CF-2021-100133",
                "casecreateddate": "2021-10-13T11:14:39Z",
                "casecompleteddate": null,
                "violationnumber": "VI-2021-072239",
                "violationdate": "2021-10-13T04:00:00Z",
                "violationcode": "PM15-110.1",
                "violationcodetitle": "ID STRUCTURE",
                "violationresolutiondate": null,
                "violationresolutioncode": null,
                "mostrecentinvestigation": "2025-06-11T14:33:39Z",
                "novinitialreinvestigationdate": "2021-10-23T04:00:00Z",
                "finalnovissuedate": null,
                "opa_account_num": "301283600",
                "address": "724 S HICKS ST",
                "unit_type": null,
                "unit_num": null,
                "zip": "19146-2116",
                "censustract": "001400",
                "opa_owner": "CAMPBELL MICHAEL, CAMPBELL OLIVIA",
                "systemofrecord": null,
                "geocode_x": 2692358.23469543,
                "geocode_y": 232479.8571238329,
                "council_district": "2",
                "posse_jobid": "402102929"
            }
        },
        {
            "type": "Feature",
            "geometry": {
                "type": "Point",
                "coordinates": [
                    -75.177918,
                    39.993338
                ]
            },
            "properties": {
                "objectid": 93,
                "addressobjectid": "134024299",
                "parcel_id_num": "475876",
                "casenumber": "CF-2022-025150",
                "casecreateddate": "2022-03-26T18:58:49Z",
                "casecompleteddate": null,
                "violationnumber": "VI-2022-020530",
                "violationdate": "2022-03-26T04:00:00Z",
                "violationcode": "PM15-110.1",
                "violationcodetitle": "ID STRUCTURE",
                "violationresolutiondate": null,
                "violationresolutioncode": null,
                "mostrecentinvestigation": "2022-03-26T19:00:25Z",
                "novinitialreinvestigationdate": "2022-04-05T04:00:00Z",
                "finalnovissuedate": null,
                "opa_account_num": "281109900",
                "address": "2448 N 28TH ST",
                "unit_type": null,
                "unit_num": null,
                "zip": "19132-3504",
                "censustract": "016901",
                "opa_owner": "ALFRED M HAMMOND, CORAL",
                "systemofrecord": null,
                "geocode_x": 2689064.06181747,
                "geocode_y": 250924.552262177,
                "council_district": "5",
                "posse_jobid": "458541382"
            }
        },
        {
            "type": "Feature",
            "geometry": {
                "type": "Point",
                "coordinates": [
                    -75.183672,
                    39.986822
                ]
            },
            "properties": {
                "objectid": 94,
                "addressobjectid": "134167425",
                "parcel_id_num": "177436",
                "casenumber": "CF-2025-112481",
                "casecreateddate": "2025-10-11T14:13:02Z",
                "casecompleteddate": null,
                "violationnumber": "VI-2025-081138",
                "violationdate": "2025-10-11T14:13:20Z",
                "violationcode": "PM15-110.1",
                "violationcodetitle": "ID STRUCTURE",
                "violationresolutiondate": null,
                "violationresolutioncode": null,
                "mostrecentinvestigation": "2025-10-14T15:04:24Z",
                "novinitialreinvestigationdate": "2025-10-21T04:00:00Z",
                "finalnovissuedate": null,
                "opa_account_num": "323080200",
                "address": "3039 W NORRIS ST",
                "unit_type": null,
                "unit_num": null,
                "zip": "19121-1826",
                "censustract": "015102",
                "opa_owner": "HERBERT CARLISA, RICHARDSON CARLY",
                "systemofrecord": null,
                "geocode_x": 2687521.53270016,
                "geocode_y": 248504.9795903709,
                "council_district": "5",
                "posse_jobid": "922983489"
            }
        },
        {
            "type": "Feature",
            "geometry": {
                "type": "Point",
                "coordinates": [
                    -75.186217,
                    39.99676
                ]
            },
            "properties": {
                "objectid": 95,
                "addressobjectid": "134176279",
                "parcel_id_num": "306090",
                "casenumber": "CF-2025-026791",
                "casecreateddate": "2025-04-08T18:24:35Z",
                "casecompleteddate": null,
                "violationnumber": "VI-2025-020279",
                "violationdate": "2025-04-08T18:26:06Z",
                "violationcode": "PM15-110.1",
                "violationcodetitle": "ID STRUCTURE",
                "violationresolutiondate": null,
                "violationresolutioncode": null,
                "mostrecentinvestigation": "2025-09-05T12:22:03Z",
                "novinitialreinvestigationdate": "2025-04-19T04:00:00Z",
                "finalnovissuedate": null,
                "opa_account_num": "282369900",
                "address": "3326 W HAROLD ST",
                "unit_type": null,
                "unit_num": null,
                "zip": "19132-2826",
                "censustract": "016902",
                "opa_owner": "LOUIS PICKNEY & RUTH",
                "systemofrecord": null,
                "geocode_x": 2686703.4843500997,
                "geocode_y": 252103.08100752,
                "council_district": "4",
                "posse_jobid": "861878504"
            }
        },
        {
            "type": "Feature",
            "geometry": {
                "type": "Point",
                "coordinates": [
                    -75.159109,
                    39.987415
                ]
            },
            "properties": {
                "objectid": 96,
                "addressobjectid": "134267140",
                "parcel_id_num": "281487",
                "casenumber": "CF-2024-006369",
                "casecreateddate": "2024-01-26T17:22:05Z",
                "casecompleteddate": null,
                "violationnumber": "VI-2024-005302",
                "violationdate": "2024-01-26T17:22:22Z",
                "violationcode": "PM15-110.1",
                "violationcodetitle": "ID STRUCTURE",
                "violationresolutiondate": null,
                "violationresolutioncode": null,
                "mostrecentinvestigation": "2025-08-11T18:58:55Z",
                "novinitialreinvestigationdate": "2024-02-05T05:00:00Z",
                "finalnovissuedate": null,
                "opa_account_num": "161066800",
                "address": "2231 N 16TH ST",
                "unit_type": null,
                "unit_num": null,
                "zip": "19132-4419",
                "censustract": "016702",
                "opa_owner": "SUTTON RICKY F, SUTTON LINDA D",
                "systemofrecord": null,
                "geocode_x": 2694394.96797733,
                "geocode_y": 248922.002934147,
                "council_district": "5",
                "posse_jobid": "683545378"
            }
        },
        {
            "type": "Feature",
            "geometry": {
                "type": "Point",
                "coordinates": [
                    -75.170755,
                    40.001726
                ]
            },
            "properties": {
                "objectid": 97,
                "addressobjectid": "134271528",
                "parcel_id_num": "346671",
                "casenumber": "CF-2025-084651",
                "casecreateddate": "2025-08-12T12:25:15Z",
                "casecompleteddate": null,
                "violationnumber": "VI-2025-060475",
                "violationdate": "2025-08-12T12:25:24Z",
                "violationcode": "PM15-110.1",
                "violationcodetitle": "ID STRUCTURE",
                "violationresolutiondate": null,
                "violationresolutioncode": null,
                "mostrecentinvestigation": "2025-08-12T12:36:08Z",
                "novinitialreinvestigationdate": "2025-10-04T04:00:00Z",
                "finalnovissuedate": null,
                "opa_account_num": "381314700",
                "address": "2442 W TORONTO ST",
                "unit_type": null,
                "unit_num": null,
                "zip": "19132-1332",
                "censustract": "017100",
                "opa_owner": "CAPITALIZE ENTERPRISES WORLDWIDE INC",
                "systemofrecord": null,
                "geocode_x": 2690980.98251009,
                "geocode_y": 254037.3857823139,
                "council_district": "4",
                "posse_jobid": "903975149"
            }
        },
        {
            "type": "Feature",
            "geometry": {
                "type": "Point",
                "coordinates": [
                    -75.136834,
                    40.022176
                ]
            },
            "properties": {
                "objectid": 98,
                "addressobjectid": "134775352",
                "parcel_id_num": "351101",
                "casenumber": "CF-2025-008955",
                "casecreateddate": "2025-02-10T19:25:12Z",
                "casecompleteddate": null,
                "violationnumber": "VI-2025-007093",
                "violationdate": "2025-02-10T19:26:07Z",
                "violationcode": "PM15-110.1",
                "violationcodetitle": "ID STRUCTURE",
                "violationresolutiondate": null,
                "violationresolutioncode": null,
                "mostrecentinvestigation": "2025-02-10T19:28:08Z",
                "novinitialreinvestigationdate": "2025-02-20T05:00:00Z",
                "finalnovissuedate": null,
                "opa_account_num": "491076200",
                "address": "624 W ROOSEVELT BLVD",
                "unit_type": null,
                "unit_num": null,
                "zip": "19140-1417",
                "censustract": "028400",
                "opa_owner": "MCAFEE KEVIN M, MCAFEE EILEEN I",
                "systemofrecord": null,
                "geocode_x": 2700259.36194677,
                "geocode_y": 261763.068307243,
                "council_district": "8",
                "posse_jobid": "839686393"
            }
        },
        {
            "type": "Feature",
            "geometry": {
                "type": "Point",
                "coordinates": [
                    -75.185094,
                    39.976427
                ]
            },
            "properties": {
                "objectid": 99,
                "addressobjectid": "134922489",
                "parcel_id_num": "15312",
                "casenumber": "CF-2025-096124",
                "casecreateddate": "2025-09-04T14:31:20Z",
                "casecompleteddate": null,
                "violationnumber": "VI-2025-068794",
                "violationdate": "2025-09-04T14:50:17Z",
                "violationcode": "PM15-110.1",
                "violationcodetitle": "ID STRUCTURE",
                "violationresolutiondate": null,
                "violationresolutioncode": null,
                "mostrecentinvestigation": "2025-09-24T11:14:14Z",
                "novinitialreinvestigationdate": "2025-09-19T04:00:00Z",
                "finalnovissuedate": null,
                "opa_account_num": "292206400",
                "address": "3008 W THOMPSON ST",
                "unit_type": null,
                "unit_num": null,
                "zip": "19121-4412",
                "censustract": "013700",
                "opa_owner": "CREWS LINDA",
                "systemofrecord": null,
                "geocode_x": 2687233.06713838,
                "geocode_y": 244708.268624082,
                "council_district": "4",
                "posse_jobid": "911048155"
            }
        },
        {
            "type": "Feature",
            "geometry": {
                "type": "Point",
                "coordinates": [
                    -75.229645,
                    39.961994
                ]
            },
            "properties": {
                "objectid": 100,
                "addressobjectid": "134978049",
                "parcel_id_num": "492713",
                "casenumber": "CF-2025-094387",
                "casecreateddate": "2025-09-01T04:48:26Z",
                "casecompleteddate": null,
                "violationnumber": "VI-2025-067705",
                "violationdate": "2025-09-01T04:50:29Z",
                "violationcode": "PM15-110.1",
                "violationcodetitle": "ID STRUCTURE",
                "violationresolutiondate": null,
                "violationresolutioncode": null,
                "mostrecentinvestigation": "2025-09-01T04:59:59Z",
                "novinitialreinvestigationdate": "2025-09-14T04:00:00Z",
                "finalnovissuedate": null,
                "opa_account_num": "041141200",
                "address": "58 N CONESTOGA ST",
                "unit_type": null,
                "unit_num": null,
                "zip": "19139-2525",
                "censustract": "009400",
                "opa_owner": "MAHMOUD JALALALDIN ALZEIN",
                "systemofrecord": null,
                "geocode_x": 2674902.66334765,
                "geocode_y": 239093.580522083,
                "council_district": "4",
                "posse_jobid": "910036029"
            }
        },
        {
            "type": "Feature",
            "geometry": {
                "type": "Point",
                "coordinates": [
                    -75.202555,
                    39.95876
                ]
            },
            "properties": {
                "objectid": 101,
                "addressobjectid": "135036015",
                "parcel_id_num": "50845",
                "casenumber": "CF-2023-015019",
                "casecreateddate": "2023-02-24T12:56:49Z",
                "casecompleteddate": null,
                "violationnumber": "VI-2023-011464",
                "violationdate": "2023-02-24T05:00:00Z",
                "violationcode": "PM15-110.1",
                "violationcodetitle": "ID STRUCTURE",
                "violationresolutiondate": null,
                "violationresolutioncode": null,
                "mostrecentinvestigation": "2023-02-24T12:59:50Z",
                "novinitialreinvestigationdate": "2023-03-06T05:00:00Z",
                "finalnovissuedate": null,
                "opa_account_num": "061171500",
                "address": "63 WIOTA ST",
                "unit_type": null,
                "unit_num": null,
                "zip": "19104-2212",
                "censustract": "009200",
                "opa_owner": "KALKSTEIN ABIGAIL",
                "systemofrecord": null,
                "geocode_x": 2682527.23834536,
                "geocode_y": 238133.629861847,
                "council_district": "3",
                "posse_jobid": "571030341"
            }
        },
        {
            "type": "Feature",
            "geometry": {
                "type": "Point",
                "coordinates": [
                    -75.247175,
                    39.964768
                ]
            },
            "properties": {
                "objectid": 102,
                "addressobjectid": "135100903",
                "parcel_id_num": "282625",
                "casenumber": "CF-2023-126054",
                "casecreateddate": "2023-12-13T18:47:49Z",
                "casecompleteddate": null,
                "violationnumber": "VI-2023-096030",
                "violationdate": "2023-12-13T18:52:21Z",
                "violationcode": "PM15-110.1",
                "violationcodetitle": "ID STRUCTURE",
                "violationresolutiondate": null,
                "violationresolutioncode": null,
                "mostrecentinvestigation": "2025-02-03T13:57:02Z",
                "novinitialreinvestigationdate": "2023-12-23T05:00:00Z",
                "finalnovissuedate": null,
                "opa_account_num": "343052500",
                "address": "115 N GROSS ST",
                "unit_type": null,
                "unit_num": null,
                "zip": "19139-2203",
                "censustract": "009600",
                "opa_owner": "S & L RENTALS INC",
                "systemofrecord": null,
                "geocode_x": 2669961.98254038,
                "geocode_y": 239963.63191524,
                "council_district": "4",
                "posse_jobid": "670659395"
            }
        },
        {
            "type": "Feature",
            "geometry": {
                "type": "Point",
                "coordinates": [
                    -75.243875,
                    39.972993
                ]
            },
            "properties": {
                "objectid": 103,
                "addressobjectid": "135168990",
                "parcel_id_num": "510942",
                "casenumber": "CF-2025-024983",
                "casecreateddate": "2025-04-03T14:11:30Z",
                "casecompleteddate": null,
                "violationnumber": "VI-2025-018973",
                "violationdate": "2025-04-03T14:13:26Z",
                "violationcode": "PM15-110.1",
                "violationcodetitle": "ID STRUCTURE",
                "violationresolutiondate": null,
                "violationresolutioncode": null,
                "mostrecentinvestigation": "2025-06-09T20:04:44Z",
                "novinitialreinvestigationdate": "2025-04-13T04:00:00Z",
                "finalnovissuedate": null,
                "opa_account_num": "342328000",
                "address": "1428 N HIRST ST",
                "unit_type": null,
                "unit_num": null,
                "zip": "19151-3809",
                "censustract": "010100",
                "opa_owner": "AFRO PROPERTIES LLC",
                "systemofrecord": null,
                "geocode_x": 2670801.59995817,
                "geocode_y": 242984.8796059289,
                "council_district": "4",
                "posse_jobid": "860017512"
            }
        },
        {
            "type": "Feature",
            "geometry": {
                "type": "Point",
                "coordinates": [
                    -75.225366,
                    39.947313
                ]
            },
            "properties": {
                "objectid": 104,
                "addressobjectid": "135224009",
                "parcel_id_num": "393585",
                "casenumber": "CF-2022-072094",
                "casecreateddate": "2022-07-21T12:18:19Z",
                "casecompleteddate": null,
                "violationnumber": "VI-2022-052409",
                "violationdate": "2022-07-21T04:00:00Z",
                "violationcode": "PM15-110.1",
                "violationcodetitle": "ID STRUCTURE",
                "violationresolutiondate": null,
                "violationresolutioncode": null,
                "mostrecentinvestigation": "2025-05-14T15:45:25Z",
                "novinitialreinvestigationdate": "2023-02-02T05:00:00Z",
                "finalnovissuedate": null,
                "opa_account_num": "511101100",
                "address": "5109 HADFIELD ST",
                "unit_type": null,
                "unit_num": null,
                "zip": "19143-3220",
                "censustract": "007300",
                "opa_owner": "PRO EXCELLENCE PAINTING AND CONSTRUCTION",
                "systemofrecord": null,
                "geocode_x": 2676254.39027637,
                "geocode_y": 233781.778694464,
                "council_district": "3",
                "posse_jobid": "500518714"
            }
        },
        {
            "type": "Feature",
            "geometry": {
                "type": "Point",
                "coordinates": [
                    -75.217908,
                    39.938516
                ]
            },
            "properties": {
                "objectid": 105,
                "addressobjectid": "135235879",
                "parcel_id_num": "104283",
                "casenumber": "CF-2024-086953",
                "casecreateddate": "2024-08-09T17:51:51Z",
                "casecompleteddate": null,
                "violationnumber": "VI-2024-067225",
                "violationdate": "2024-08-09T17:53:11Z",
                "violationcode": "PM15-110.1",
                "violationcodetitle": "ID STRUCTURE",
                "violationresolutiondate": null,
                "violationresolutioncode": null,
                "mostrecentinvestigation": "2025-07-17T14:51:17Z",
                "novinitialreinvestigationdate": "2024-08-19T04:00:00Z",
                "finalnovissuedate": null,
                "opa_account_num": "512061200",
                "address": "1515 S LINDENWOOD ST",
                "unit_type": null,
                "unit_num": null,
                "zip": "19143-5029",
                "censustract": "007400",
                "opa_owner": "TEXIS FRANCISCO FLORES",
                "systemofrecord": null,
                "geocode_x": 2678436.56550636,
                "geocode_y": 230638.3072986,
                "council_district": "3",
                "posse_jobid": "779403641"
            }
        },
        {
            "type": "Feature",
            "geometry": {
                "type": "Point",
                "coordinates": [
                    -75.178129,
                    39.996782
                ]
            },
            "properties": {
                "objectid": 106,
                "addressobjectid": "135367108",
                "parcel_id_num": "97436",
                "casenumber": "CF-2024-047936",
                "casecreateddate": "2024-05-18T00:42:42Z",
                "casecompleteddate": null,
                "violationnumber": "VI-2024-039308",
                "violationdate": "2024-05-18T00:43:02Z",
                "violationcode": "PM15-110.1",
                "violationcodetitle": "ID STRUCTURE",
                "violationresolutiondate": null,
                "violationresolutioncode": null,
                "mostrecentinvestigation": "2025-01-27T15:15:48Z",
                "novinitialreinvestigationdate": "2025-03-07T05:00:00Z",
                "finalnovissuedate": null,
                "opa_account_num": "281371105",
                "address": "2836 W LEHIGH AVE",
                "unit_type": null,
                "unit_num": null,
                "zip": "19132-3130",
                "censustract": "016901",
                "opa_owner": "WEST POWER INVESTMENT LLC",
                "systemofrecord": null,
                "geocode_x": 2688968.4718520395,
                "geocode_y": 252177.17298653,
                "council_district": "5",
                "posse_jobid": "749800663"
            }
        },
        {
            "type": "Feature",
            "geometry": {
                "type": "Point",
                "coordinates": [
                    -75.160277,
                    40.012607
                ]
            },
            "properties": {
                "objectid": 107,
                "addressobjectid": "135521197",
                "parcel_id_num": "409259",
                "casenumber": "CF-2025-071270",
                "casecreateddate": "2025-07-17T01:08:32Z",
                "casecompleteddate": null,
                "violationnumber": "VI-2025-051850",
                "violationdate": "2025-07-17T01:08:49Z",
                "violationcode": "PM15-110.1",
                "violationcodetitle": "ID STRUCTURE",
                "violationresolutiondate": null,
                "violationresolutioncode": null,
                "mostrecentinvestigation": "2025-07-17T01:32:00Z",
                "novinitialreinvestigationdate": "2025-08-01T04:00:00Z",
                "finalnovissuedate": null,
                "opa_account_num": "131287400",
                "address": "3832 ARCHER ST",
                "unit_type": null,
                "unit_num": null,
                "zip": "19140-3516",
                "censustract": "020200",
                "opa_owner": "JONES PATRICIA A",
                "systemofrecord": null,
                "geocode_x": 2693798.8996794,
                "geocode_y": 258085.524647666,
                "council_district": "8",
                "posse_jobid": "895679735"
            }
        },
        {
            "type": "Feature",
            "geometry": {
                "type": "Point",
                "coordinates": [
                    -75.155836,
                    40.052538
                ]
            },
            "properties": {
                "objectid": 108,
                "addressobjectid": "135547456",
                "parcel_id_num": "511985",
                "casenumber": "CF-2025-056474",
                "casecreateddate": "2025-06-11T12:54:00Z",
                "casecompleteddate": null,
                "violationnumber": "VI-2025-042483",
                "violationdate": "2025-06-11T12:54:20Z",
                "violationcode": "PM15-110.1",
                "violationcodetitle": "ID STRUCTURE",
                "violationresolutiondate": null,
                "violationresolutioncode": null,
                "mostrecentinvestigation": "2025-10-11T15:27:30Z",
                "novinitialreinvestigationdate": "2025-06-21T04:00:00Z",
                "finalnovissuedate": null,
                "opa_account_num": "172464510",
                "address": "6422R N 21ST ST",
                "unit_type": null,
                "unit_num": null,
                "zip": "19138-3008",
                "censustract": "027700",
                "opa_owner": "BROWN FAMILY TRUST, BROWN LUTHER TR",
                "systemofrecord": null,
                "geocode_x": 2694615.14814602,
                "geocode_y": 272662.019852426,
                "council_district": "8",
                "posse_jobid": "884176825"
            }
        },
        {
            "type": "Feature",
            "geometry": {
                "type": "Point",
                "coordinates": [
                    -75.174157,
                    39.980979
                ]
            },
            "properties": {
                "objectid": 109,
                "addressobjectid": "135771217",
                "parcel_id_num": "499341",
                "casenumber": "CF-2024-042414",
                "casecreateddate": "2024-05-08T15:11:15Z",
                "casecompleteddate": null,
                "violationnumber": "VI-2024-034397",
                "violationdate": "2024-05-08T15:21:16Z",
                "violationcode": "PM15-110.1",
                "violationcodetitle": "ID STRUCTURE",
                "violationresolutiondate": null,
                "violationresolutioncode": null,
                "mostrecentinvestigation": "2025-06-25T15:42:09Z",
                "novinitialreinvestigationdate": "2025-07-17T04:00:00Z",
                "finalnovissuedate": null,
                "opa_account_num": "871538590",
                "address": "2401 CECIL B MOORE AVE",
                "unit_type": null,
                "unit_num": null,
                "zip": "19121-2928",
                "censustract": "014900",
                "opa_owner": "NEW PROPERTIES II INC",
                "systemofrecord": null,
                "geocode_x": 2690248.70482664,
                "geocode_y": 246455.2259314899,
                "council_district": "5",
                "posse_jobid": "745934127"
            }
        },
        {
            "type": "Feature",
            "geometry": {
                "type": "Point",
                "coordinates": [
                    -75.102089,
                    40.001814
                ]
            },
            "properties": {
                "objectid": 110,
                "addressobjectid": "135771338",
                "parcel_id_num": "654262",
                "casenumber": "CF-2021-070101",
                "casecreateddate": "2021-07-28T11:30:00Z",
                "casecompleteddate": null,
                "violationnumber": "VI-2021-050842",
                "violationdate": "2021-07-28T04:00:00Z",
                "violationcode": "PM15-110.1",
                "violationcodetitle": "ID STRUCTURE",
                "violationresolutiondate": null,
                "violationresolutioncode": null,
                "mostrecentinvestigation": "2024-11-16T13:00:42Z",
                "novinitialreinvestigationdate": "2021-08-07T04:00:00Z",
                "finalnovissuedate": null,
                "opa_account_num": "875103590",
                "address": "3635 KENSINGTON AVE",
                "unit_type": null,
                "unit_num": null,
                "zip": "19134-1513",
                "censustract": "038200",
                "opa_owner": "NATL R R PASSENGER CORP",
                "systemofrecord": null,
                "geocode_x": 2710208.39045821,
                "geocode_y": 254638.6298167379,
                "council_district": "6",
                "posse_jobid": "374512819"
            }
        },
        {
            "type": "Feature",
            "geometry": {
                "type": "Point",
                "coordinates": [
                    -75.133998,
                    39.993548
                ]
            },
            "properties": {
                "objectid": 111,
                "addressobjectid": "135915610",
                "parcel_id_num": "381288",
                "casenumber": "CF-2025-103130",
                "casecreateddate": "2025-09-19T15:43:37Z",
                "casecompleteddate": null,
                "violationnumber": "VI-2025-073712",
                "violationdate": "2025-09-19T15:46:04Z",
                "violationcode": "PM15-110.1",
                "violationcodetitle": "ID STRUCTURE",
                "violationresolutiondate": null,
                "violationresolutioncode": null,
                "mostrecentinvestigation": "2025-10-02T17:21:05Z",
                "novinitialreinvestigationdate": "2025-10-02T04:00:00Z",
                "finalnovissuedate": null,
                "opa_account_num": "071156600",
                "address": "2828 PALETHORP ST",
                "unit_type": null,
                "unit_num": null,
                "zip": "19133-3529",
                "censustract": "017601",
                "opa_owner": "SALAH MUSA M, FARAJ SIYAM",
                "systemofrecord": null,
                "geocode_x": 2701362.29091748,
                "geocode_y": 251362.3727200459,
                "council_district": "7",
                "posse_jobid": "915980882"
            }
        },
        {
            "type": "Feature",
            "geometry": {
                "type": "Point",
                "coordinates": [
                    -75.155653,
                    40.043389
                ]
            },
            "properties": {
                "objectid": 112,
                "addressobjectid": "136025633",
                "parcel_id_num": "363871",
                "casenumber": "CF-2023-058427",
                "casecreateddate": "2023-06-22T00:11:46Z",
                "casecompleteddate": null,
                "violationnumber": "VI-2023-043764",
                "violationdate": "2023-06-22T00:12:02Z",
                "violationcode": "PM15-110.1",
                "violationcodetitle": "ID STRUCTURE",
                "violationresolutiondate": null,
                "violationresolutioncode": null,
                "mostrecentinvestigation": "2025-09-03T16:59:54Z",
                "novinitialreinvestigationdate": "2024-11-05T05:00:00Z",
                "finalnovissuedate": null,
                "opa_account_num": "172440900",
                "address": "5823 N 21ST ST",
                "unit_type": null,
                "unit_num": null,
                "zip": "19138-2906",
                "censustract": "027901",
                "opa_owner": "BRONZE CAPITAL LLC",
                "systemofrecord": null,
                "geocode_x": 2694764.0947527196,
                "geocode_y": 269331.8309142949,
                "council_district": "8",
                "posse_jobid": "614128077"
            }
        },
        {
            "type": "Feature",
            "geometry": {
                "type": "Point",
                "coordinates": [
                    -75.164045,
                    40.000273
                ]
            },
            "properties": {
                "objectid": 113,
                "addressobjectid": "136069934",
                "parcel_id_num": "365441",
                "casenumber": "CF-2025-082811",
                "casecreateddate": "2025-08-07T16:11:05Z",
                "casecompleteddate": null,
                "violationnumber": "VI-2025-059393",
                "violationdate": "2025-08-07T16:11:16Z",
                "violationcode": "PM15-110.1",
                "violationcodetitle": "ID STRUCTURE",
                "violationresolutiondate": null,
                "violationresolutioncode": null,
                "mostrecentinvestigation": "2025-08-07T16:17:41Z",
                "novinitialreinvestigationdate": null,
                "finalnovissuedate": null,
                "opa_account_num": "111270200",
                "address": "3014 N WOODSTOCK ST",
                "unit_type": null,
                "unit_num": null,
                "zip": "19132-1547",
                "censustract": "017300",
                "opa_owner": "THOMAS L DEES, CARRIE E DEES",
                "systemofrecord": null,
                "geocode_x": 2692875.38706131,
                "geocode_y": 253563.229314572,
                "council_district": "8",
                "posse_jobid": "902594823"
            }
        },
        {
            "type": "Feature",
            "geometry": {
                "type": "Point",
                "coordinates": [
                    -75.140153,
                    39.969773
                ]
            },
            "properties": {
                "objectid": 114,
                "addressobjectid": "136070741",
                "parcel_id_num": "24110",
                "casenumber": "CF-2025-028456",
                "casecreateddate": "2025-04-13T02:04:25Z",
                "casecompleteddate": null,
                "violationnumber": "VI-2025-021690",
                "violationdate": "2025-04-13T02:05:16Z",
                "violationcode": "PM15-110.1",
                "violationcodetitle": "ID STRUCTURE",
                "violationresolutiondate": null,
                "violationresolutioncode": null,
                "mostrecentinvestigation": "2025-04-13T02:16:14Z",
                "novinitialreinvestigationdate": "2025-09-19T04:00:00Z",
                "finalnovissuedate": null,
                "opa_account_num": "182149010",
                "address": "211-15 W GIRARD AVE",
                "unit_type": null,
                "unit_num": null,
                "zip": "19123-1524",
                "censustract": "014400",
                "opa_owner": "BALTIC HOMES LLC",
                "systemofrecord": null,
                "geocode_x": 2699894.32214469,
                "geocode_y": 242654.6200374059,
                "council_district": "5",
                "posse_jobid": "863599998"
            }
        },
        {
            "type": "Feature",
            "geometry": {
                "type": "Point",
                "coordinates": [
                    -75.182151,
                    39.9357
                ]
            },
            "properties": {
                "objectid": 115,
                "addressobjectid": "136096785",
                "parcel_id_num": "54458",
                "casenumber": "CF-2024-109131",
                "casecreateddate": "2024-10-04T16:00:11Z",
                "casecompleteddate": null,
                "violationnumber": "VI-2024-084074",
                "violationdate": "2024-10-04T16:00:26Z",
                "violationcode": "PM15-110.1",
                "violationcodetitle": "ID STRUCTURE",
                "violationresolutiondate": null,
                "violationresolutioncode": null,
                "mostrecentinvestigation": "2024-12-05T16:36:18Z",
                "novinitialreinvestigationdate": "2024-10-14T04:00:00Z",
                "finalnovissuedate": null,
                "opa_account_num": "361336900",
                "address": "1311 S 23RD ST",
                "unit_type": null,
                "unit_num": null,
                "zip": "19146-4212",
                "censustract": "003200",
                "opa_owner": "SCURRY BYRON K",
                "systemofrecord": null,
                "geocode_x": 2688488.98929061,
                "geocode_y": 229902.4913501589,
                "council_district": "2",
                "posse_jobid": "797767583"
            }
        },
        {
            "type": "Feature",
            "geometry": {
                "type": "Point",
                "coordinates": [
                    -75.17983,
                    40.034114
                ]
            },
            "properties": {
                "objectid": 116,
                "addressobjectid": "136104391",
                "parcel_id_num": "190780",
                "casenumber": "CF-2025-093611",
                "casecreateddate": "2025-08-28T18:49:07Z",
                "casecompleteddate": null,
                "violationnumber": "VI-2025-067016",
                "violationdate": "2025-08-28T18:49:35Z",
                "violationcode": "PM15-110.1",
                "violationcodetitle": "ID STRUCTURE",
                "violationresolutiondate": null,
                "violationresolutioncode": null,
                "mostrecentinvestigation": "2025-08-28T18:53:48Z",
                "novinitialreinvestigationdate": "2025-09-14T04:00:00Z",
                "finalnovissuedate": null,
                "opa_account_num": "593178400",
                "address": "5829 KNOX ST",
                "unit_type": null,
                "unit_num": null,
                "zip": "19144-3304",
                "censustract": "024100",
                "opa_owner": "WILLIAM N HOXTER, MARION D HOXTER",
                "systemofrecord": null,
                "geocode_x": 2688096.2435081895,
                "geocode_y": 265756.655245559,
                "council_district": "8",
                "posse_jobid": "909496634"
            }
        },
        {
            "type": "Feature",
            "geometry": {
                "type": "Point",
                "coordinates": [
                    -75.21578,
                    39.942458
                ]
            },
            "properties": {
                "objectid": 117,
                "addressobjectid": "136181335",
                "parcel_id_num": "539452",
                "casenumber": "CF-2022-011677",
                "casecreateddate": "2022-02-12T12:55:55Z",
                "casecompleteddate": null,
                "violationnumber": "VI-2022-009888",
                "violationdate": "2022-02-12T05:00:00Z",
                "violationcode": "PM15-110.1",
                "violationcodetitle": "ID STRUCTURE",
                "violationresolutiondate": null,
                "violationresolutioncode": null,
                "mostrecentinvestigation": "2022-02-12T12:57:36Z",
                "novinitialreinvestigationdate": "2022-02-22T05:00:00Z",
                "finalnovissuedate": null,
                "opa_account_num": "273122100",
                "address": "4922 KINGSESSING AVE",
                "unit_type": null,
                "unit_num": null,
                "zip": "19143-4332",
                "censustract": "007400",
                "opa_owner": "GOODMAN RICHARD A, GOODMAN WILLIAM K",
                "systemofrecord": null,
                "geocode_x": 2678991.85915167,
                "geocode_y": 232090.888721238,
                "council_district": "3",
                "posse_jobid": "441258607"
            }
        },
        {
            "type": "Feature",
            "geometry": {
                "type": "Point",
                "coordinates": [
                    -75.205366,
                    40.044747
                ]
            },
            "properties": {
                "objectid": 118,
                "addressobjectid": "136200092",
                "parcel_id_num": "370579",
                "casenumber": "CF-2025-018476",
                "casecreateddate": "2025-03-17T19:01:02Z",
                "casecompleteddate": null,
                "violationnumber": "VI-2025-014009",
                "violationdate": "2025-03-17T19:01:19Z",
                "violationcode": "PM15-110.1",
                "violationcodetitle": "ID STRUCTURE",
                "violationresolutiondate": null,
                "violationresolutioncode": null,
                "mostrecentinvestigation": "2025-03-17T19:10:31Z",
                "novinitialreinvestigationdate": "2025-04-28T04:00:00Z",
                "finalnovissuedate": null,
                "opa_account_num": "213259228",
                "address": "7128 MOUNT AIRY PL",
                "unit_type": null,
                "unit_num": null,
                "zip": "19119-3333",
                "censustract": "023500",
                "opa_owner": "TERRY OTIS W JR ESTATE OF, TERRY PATRICIA A",
                "systemofrecord": null,
                "geocode_x": 2680837.17855006,
                "geocode_y": 269421.5533486029,
                "council_district": "4",
                "posse_jobid": "853302699"
            }
        },
        {
            "type": "Feature",
            "geometry": {
                "type": "Point",
                "coordinates": [
                    -75.172376,
                    40.048487
                ]
            },
            "properties": {
                "objectid": 119,
                "addressobjectid": "136232045",
                "parcel_id_num": "55349",
                "casenumber": "CF-2025-010080",
                "casecreateddate": "2025-02-17T08:20:06Z",
                "casecompleteddate": null,
                "violationnumber": "VI-2025-008041",
                "violationdate": "2025-02-17T08:21:06Z",
                "violationcode": "PM15-110.1",
                "violationcodetitle": "ID STRUCTURE",
                "violationresolutiondate": null,
                "violationresolutioncode": null,
                "mostrecentinvestigation": "2025-09-13T14:12:46Z",
                "novinitialreinvestigationdate": "2025-02-28T05:00:00Z",
                "finalnovissuedate": null,
                "opa_account_num": "884351015",
                "address": "6122-24 BELFIELD AVE",
                "unit_type": null,
                "unit_num": null,
                "zip": "19144-1013",
                "censustract": "025200",
                "opa_owner": "POWELL CLARENCE",
                "systemofrecord": null,
                "geocode_x": 2690029.73849519,
                "geocode_y": 271051.0479050519,
                "council_district": "8",
                "posse_jobid": "841850121"
            }
        },
        {
            "type": "Feature",
            "geometry": {
                "type": "Point",
                "coordinates": [
                    -75.22017,
                    39.961453
                ]
            },
            "properties": {
                "objectid": 120,
                "addressobjectid": "136243309",
                "parcel_id_num": "491926",
                "casenumber": "CF-2022-023193",
                "casecreateddate": "2022-03-21T23:26:30Z",
                "casecompleteddate": null,
                "violationnumber": "VI-2022-019029",
                "violationdate": "2022-03-21T04:00:00Z",
                "violationcode": "PM15-110.1",
                "violationcodetitle": "ID STRUCTURE",
                "violationresolutiondate": null,
                "violationresolutioncode": null,
                "mostrecentinvestigation": "2022-03-21T23:27:52Z",
                "novinitialreinvestigationdate": "2022-03-31T04:00:00Z",
                "finalnovissuedate": null,
                "opa_account_num": "441058200",
                "address": "111 N 50TH ST",
                "unit_type": null,
                "unit_num": null,
                "zip": "19139-2722",
                "censustract": "009300",
                "opa_owner": "HAYWARD STEWART I, MYLDRED G",
                "systemofrecord": null,
                "geocode_x": 2677563.15522319,
                "geocode_y": 238972.267879653,
                "council_district": "3",
                "posse_jobid": "456390047"
            }
        },
        {
            "type": "Feature",
            "geometry": {
                "type": "Point",
                "coordinates": [
                    -75.067573,
                    40.092423
                ]
            },
            "properties": {
                "objectid": 121,
                "addressobjectid": "136381321",
                "parcel_id_num": "158329",
                "casenumber": "CF-2025-004492",
                "casecreateddate": "2025-01-23T12:01:21Z",
                "casecompleteddate": null,
                "violationnumber": "VI-2025-003427",
                "violationdate": "2025-01-23T12:01:37Z",
                "violationcode": "PM15-110.1",
                "violationcodetitle": "ID STRUCTURE",
                "violationresolutiondate": null,
                "violationresolutioncode": null,
                "mostrecentinvestigation": "2025-01-23T12:15:03Z",
                "novinitialreinvestigationdate": "2025-02-02T00:00:00Z",
                "finalnovissuedate": null,
                "opa_account_num": "632044156",
                "address": "110 PHEASANT HILL DR",
                "unit_type": null,
                "unit_num": null,
                "zip": "19115-4420",
                "censustract": "980200",
                "opa_owner": "BARZILAY NIR, BARZILAY YEKATERINA A",
                "systemofrecord": null,
                "geocode_x": 2718871.56331498,
                "geocode_y": 287922.7998523009,
                "council_district": "10",
                "posse_jobid": "832546762"
            }
        },
        {
            "type": "Feature",
            "geometry": {
                "type": "Point",
                "coordinates": [
                    -75.177173,
                    39.975332
                ]
            },
            "properties": {
                "objectid": 122,
                "addressobjectid": "136759568",
                "parcel_id_num": "203043",
                "casenumber": "CF-2025-010125",
                "casecreateddate": "2025-02-18T13:23:09Z",
                "casecompleteddate": null,
                "violationnumber": "VI-2025-008165",
                "violationdate": "2025-02-18T13:23:53Z",
                "violationcode": "PM15-110.1",
                "violationcodetitle": "ID STRUCTURE",
                "violationresolutiondate": null,
                "violationresolutioncode": null,
                "mostrecentinvestigation": "2025-08-25T12:21:32Z",
                "novinitialreinvestigationdate": "2025-02-28T05:00:00Z",
                "finalnovissuedate": null,
                "opa_account_num": "772335000",
                "address": "1254-64 N 25TH ST",
                "unit_type": null,
                "unit_num": null,
                "zip": "19121-4823",
                "censustract": "013800",
                "opa_owner": "UNITED BAPTIST CHURCH, INC",
                "systemofrecord": null,
                "geocode_x": 2689463.62240097,
                "geocode_y": 244374.306238402,
                "council_district": "5",
                "posse_jobid": "842144278"
            }
        },
        {
            "type": "Feature",
            "geometry": {
                "type": "Point",
                "coordinates": [
                    -75.168495,
                    40.009929
                ]
            },
            "properties": {
                "objectid": 123,
                "addressobjectid": "136789343",
                "parcel_id_num": "58054",
                "casenumber": "CF-2022-040918",
                "casecreateddate": "2022-05-07T16:57:32Z",
                "casecompleteddate": null,
                "violationnumber": "VI-2022-031467",
                "violationdate": "2022-05-07T04:00:00Z",
                "violationcode": "PM15-110.1",
                "violationcodetitle": "ID STRUCTURE",
                "violationresolutiondate": null,
                "violationresolutioncode": null,
                "mostrecentinvestigation": "2025-04-04T15:32:43Z",
                "novinitialreinvestigationdate": "2022-05-19T04:00:00Z",
                "finalnovissuedate": null,
                "opa_account_num": "884127500",
                "address": "2301 W HUNTING PARK AVE",
                "unit_type": null,
                "unit_num": null,
                "zip": "19140",
                "censustract": "020500",
                "opa_owner": "PA OPPORTUNITY PARK QOF 4",
                "systemofrecord": null,
                "geocode_x": 2691526.46412249,
                "geocode_y": 257042.997639614,
                "council_district": "4",
                "posse_jobid": "474275379"
            }
        },
        {
            "type": "Feature",
            "geometry": {
                "type": "Point",
                "coordinates": [
                    -75.078784,
                    40.012579
                ]
            },
            "properties": {
                "objectid": 124,
                "addressobjectid": "136874078",
                "parcel_id_num": "124075",
                "casenumber": "CF-2025-102624",
                "casecreateddate": "2025-09-18T16:26:04Z",
                "casecompleteddate": null,
                "violationnumber": "VI-2025-073222",
                "violationdate": "2025-09-18T16:26:19Z",
                "violationcode": "PM15-110.1",
                "violationcodetitle": "ID STRUCTURE",
                "violationresolutiondate": null,
                "violationresolutioncode": null,
                "mostrecentinvestigation": "2025-10-02T17:42:29Z",
                "novinitialreinvestigationdate": "2025-09-28T04:00:00Z",
                "finalnovissuedate": null,
                "opa_account_num": "884344730",
                "address": "4658-60 DITMAN ST",
                "unit_type": null,
                "unit_num": null,
                "zip": "19124-3446",
                "censustract": "029900",
                "opa_owner": "PRO PROPERTY MANAGEMENT L",
                "systemofrecord": null,
                "geocode_x": 2716615.98820632,
                "geocode_y": 258755.132972304,
                "council_district": "7",
                "posse_jobid": "915633254"
            }
        },
        {
            "type": "Feature",
            "geometry": {
                "type": "Point",
                "coordinates": [
                    -75.147605,
                    40.002923
                ]
            },
            "properties": {
                "objectid": 125,
                "addressobjectid": "136879315",
                "parcel_id_num": "105958",
                "casenumber": "CF-2022-022717",
                "casecreateddate": "2022-03-19T19:31:46Z",
                "casecompleteddate": null,
                "violationnumber": "VI-2022-018677",
                "violationdate": "2022-03-19T04:00:00Z",
                "violationcode": "PM15-110.1",
                "violationcodetitle": "ID STRUCTURE",
                "violationresolutiondate": null,
                "violationresolutioncode": null,
                "mostrecentinvestigation": "2022-03-19T19:45:28Z",
                "novinitialreinvestigationdate": "2022-03-29T04:00:00Z",
                "finalnovissuedate": null,
                "opa_account_num": "885000172",
                "address": "1111 W WESTMORELAND ST",
                "unit_type": null,
                "unit_num": null,
                "zip": "19140-5310",
                "censustract": "019900",
                "opa_owner": "SYED REFRIGERATION COMPAN",
                "systemofrecord": null,
                "geocode_x": 2697450.8502274,
                "geocode_y": 254663.585063869,
                "council_district": "5",
                "posse_jobid": "455741594"
            }
        },
        {
            "type": "Feature",
            "geometry": {
                "type": "Point",
                "coordinates": [
                    -75.136801,
                    39.994985
                ]
            },
            "properties": {
                "objectid": 126,
                "addressobjectid": "137032101",
                "parcel_id_num": "152949",
                "casenumber": "CF-2024-054076",
                "casecreateddate": "2024-05-31T15:16:50Z",
                "casecompleteddate": null,
                "violationnumber": "VI-2024-043756",
                "violationdate": "2024-05-31T15:23:19Z",
                "violationcode": "PM15-110.1",
                "violationcodetitle": "ID STRUCTURE",
                "violationresolutiondate": null,
                "violationresolutioncode": null,
                "mostrecentinvestigation": "2025-01-27T13:18:10Z",
                "novinitialreinvestigationdate": "2024-06-10T04:00:00Z",
                "finalnovissuedate": null,
                "opa_account_num": "192338500",
                "address": "303 W CAMBRIA ST",
                "unit_type": null,
                "unit_num": null,
                "zip": "19133-3130",
                "censustract": "017601",
                "opa_owner": "RAMIRES ERNESTO, CANDELARIA ISABEL",
                "systemofrecord": null,
                "geocode_x": 2700561.76066015,
                "geocode_y": 251862.572333034,
                "council_district": "7",
                "posse_jobid": "754268438"
            }
        },
        {
            "type": "Feature",
            "geometry": {
                "type": "Point",
                "coordinates": [
                    -75.146866,
                    40.045641
                ]
            },
            "properties": {
                "objectid": 127,
                "addressobjectid": "137047370",
                "parcel_id_num": "540097",
                "casenumber": "CF-2024-067934",
                "casecreateddate": "2024-06-27T13:14:56Z",
                "casecompleteddate": null,
                "violationnumber": "VI-2024-053129",
                "violationdate": "2024-06-27T04:00:00Z",
                "violationcode": "PM15-110.1",
                "violationcodetitle": "ID STRUCTURE",
                "violationresolutiondate": null,
                "violationresolutioncode": null,
                "mostrecentinvestigation": "2025-09-20T15:06:09Z",
                "novinitialreinvestigationdate": "2024-08-15T04:00:00Z",
                "finalnovissuedate": null,
                "opa_account_num": "172145200",
                "address": "6024 N 16TH ST",
                "unit_type": null,
                "unit_num": null,
                "zip": "19141-1908",
                "censustract": "027800",
                "opa_owner": "MORRIS CAROLE SKINNER, ATKINSON JOANNE A",
                "systemofrecord": null,
                "geocode_x": 2697199.25019301,
                "geocode_y": 270224.3671234279,
                "council_district": "8",
                "posse_jobid": "764225044"
            }
        },
        {
            "type": "Feature",
            "geometry": {
                "type": "Point",
                "coordinates": [
                    -75.181629,
                    39.987798
                ]
            },
            "properties": {
                "objectid": 128,
                "addressobjectid": "137110757",
                "parcel_id_num": "471719",
                "casenumber": "CF-2023-113169",
                "casecreateddate": "2023-10-30T16:30:33Z",
                "casecompleteddate": null,
                "violationnumber": "VI-2023-084894",
                "violationdate": "2023-10-30T16:30:54Z",
                "violationcode": "PM15-110.1",
                "violationcodetitle": "ID STRUCTURE",
                "violationresolutiondate": null,
                "violationresolutioncode": null,
                "mostrecentinvestigation": "2025-10-06T18:24:35Z",
                "novinitialreinvestigationdate": "2023-11-09T05:00:00Z",
                "finalnovissuedate": null,
                "opa_account_num": "323117400",
                "address": "2924 DIAMOND ST",
                "unit_type": null,
                "unit_num": null,
                "zip": "19121-1210",
                "censustract": "015102",
                "opa_owner": "BOND AMANDA ODESSA",
                "systemofrecord": null,
                "geocode_x": 2688083.22622767,
                "geocode_y": 248877.287696772,
                "council_district": "5",
                "posse_jobid": "657485060"
            }
        },
        {
            "type": "Feature",
            "geometry": {
                "type": "Point",
                "coordinates": [
                    -75.11744,
                    39.999336
                ]
            },
            "properties": {
                "objectid": 129,
                "addressobjectid": "137253937",
                "parcel_id_num": "542814",
                "casenumber": "CF-2022-078071",
                "casecreateddate": "2022-08-03T17:48:00Z",
                "casecompleteddate": null,
                "violationnumber": "VI-2022-057022",
                "violationdate": "2022-08-03T17:48:35Z",
                "violationcode": "PM15-110.1",
                "violationcodetitle": "ID STRUCTURE",
                "violationresolutiondate": null,
                "violationresolutioncode": null,
                "mostrecentinvestigation": "2024-03-21T15:05:42Z",
                "novinitialreinvestigationdate": "2022-12-08T05:00:00Z",
                "finalnovissuedate": null,
                "opa_account_num": "331130200",
                "address": "652 E WENSLEY ST",
                "unit_type": null,
                "unit_num": null,
                "zip": "19134-1828",
                "censustract": "019200",
                "opa_owner": "COLON IVETTE",
                "systemofrecord": null,
                "geocode_x": 2705936.63598192,
                "geocode_y": 253607.998740513,
                "council_district": "7",
                "posse_jobid": "505019474"
            }
        },
        {
            "type": "Feature",
            "geometry": {
                "type": "Point",
                "coordinates": [
                    -75.140429,
                    40.049869
                ]
            },
            "properties": {
                "objectid": 130,
                "addressobjectid": "137449986",
                "parcel_id_num": "85261",
                "casenumber": "CF-2025-045922",
                "casecreateddate": "2025-05-20T18:13:48Z",
                "casecompleteddate": null,
                "violationnumber": "VI-2025-034464",
                "violationdate": "2025-05-20T18:19:15Z",
                "violationcode": "PM15-110.1",
                "violationcodetitle": "ID STRUCTURE",
                "violationresolutiondate": null,
                "violationresolutioncode": null,
                "mostrecentinvestigation": "2025-07-21T11:09:50Z",
                "novinitialreinvestigationdate": "2025-05-30T04:00:00Z",
                "finalnovissuedate": null,
                "opa_account_num": "493222900",
                "address": "6334 N 13TH ST",
                "unit_type": null,
                "unit_num": null,
                "zip": "19141-3310",
                "censustract": "026800",
                "opa_owner": "CLEARFIELD INVESTMENT LLC",
                "systemofrecord": null,
                "geocode_x": 2698955.02152998,
                "geocode_y": 271817.1782496969,
                "council_district": "9",
                "posse_jobid": "876788454"
            }
        },
        {
            "type": "Feature",
            "geometry": {
                "type": "Point",
                "coordinates": [
                    -75.224524,
                    39.950428
                ]
            },
            "properties": {
                "objectid": 131,
                "addressobjectid": "137625435",
                "parcel_id_num": "233953",
                "casenumber": "CF-2024-124830",
                "casecreateddate": "2024-12-05T12:45:58Z",
                "casecompleteddate": null,
                "violationnumber": "VI-2024-096372",
                "violationdate": "2024-12-05T12:46:41Z",
                "violationcode": "PM15-110.1",
                "violationcodetitle": "ID STRUCTURE",
                "violationresolutiondate": null,
                "violationresolutioncode": null,
                "mostrecentinvestigation": "2025-08-05T18:13:12Z",
                "novinitialreinvestigationdate": "2024-12-15T05:00:00Z",
                "finalnovissuedate": null,
                "opa_account_num": "462043300",
                "address": "5035 CEDAR AVE",
                "unit_type": null,
                "unit_num": null,
                "zip": "19143-1620",
                "censustract": "008000",
                "opa_owner": "FREEMAN JERRY",
                "systemofrecord": null,
                "geocode_x": 2676457.99283115,
                "geocode_y": 234922.705947062,
                "council_district": "3",
                "posse_jobid": "817699368"
            }
        },
        {
            "type": "Feature",
            "geometry": {
                "type": "Point",
                "coordinates": [
                    -75.236123,
                    39.926551
                ]
            },
            "properties": {
                "objectid": 132,
                "addressobjectid": "137767971",
                "parcel_id_num": "456456",
                "casenumber": "CF-2023-097350",
                "casecreateddate": "2023-09-19T17:49:34Z",
                "casecompleteddate": null,
                "violationnumber": "VI-2023-086504",
                "violationdate": "2023-11-02T17:55:05Z",
                "violationcode": "PM15-110.1",
                "violationcodetitle": "ID STRUCTURE",
                "violationresolutiondate": null,
                "violationresolutioncode": null,
                "mostrecentinvestigation": "2025-01-27T16:36:42Z",
                "novinitialreinvestigationdate": "2024-12-17T05:00:00Z",
                "finalnovissuedate": null,
                "opa_account_num": "403126100",
                "address": "6513 GREENWAY AVE",
                "unit_type": null,
                "unit_num": null,
                "zip": "19142-1905",
                "censustract": "006400",
                "opa_owner": "RIAZ SAEEDA, RIAZ AHMAD",
                "systemofrecord": null,
                "geocode_x": 2673455.03728907,
                "geocode_y": 226135.829294602,
                "council_district": "2",
                "posse_jobid": "644191316"
            }
        },
        {
            "type": "Feature",
            "geometry": {
                "type": "Point",
                "coordinates": [
                    -75.166169,
                    39.990553
                ]
            },
            "properties": {
                "objectid": 133,
                "addressobjectid": "137887178",
                "parcel_id_num": "124409",
                "casenumber": "CF-2025-048220",
                "casecreateddate": "2025-05-26T17:15:59Z",
                "casecompleteddate": null,
                "violationnumber": "VI-2025-036183",
                "violationdate": "2025-05-26T17:16:12Z",
                "violationcode": "PM15-110.1",
                "violationcodetitle": "ID STRUCTURE",
                "violationresolutiondate": null,
                "violationresolutioncode": null,
                "mostrecentinvestigation": "2025-08-26T17:33:09Z",
                "novinitialreinvestigationdate": "2025-06-07T04:00:00Z",
                "finalnovissuedate": null,
                "opa_account_num": "162167500",
                "address": "2361 N LAMBERT ST",
                "unit_type": null,
                "unit_num": null,
                "zip": "19132-4819",
                "censustract": "016800",
                "opa_owner": "NEWSOME INDIA",
                "systemofrecord": null,
                "geocode_x": 2692384.19458839,
                "geocode_y": 250006.817972173,
                "council_district": "5",
                "posse_jobid": "878387645"
            }
        },
        {
            "type": "Feature",
            "geometry": {
                "type": "Point",
                "coordinates": [
                    -75.170521,
                    39.983304
                ]
            },
            "properties": {
                "objectid": 134,
                "addressobjectid": "156759430",
                "parcel_id_num": "295051",
                "casenumber": "CF-2025-076157",
                "casecreateddate": "2025-07-26T02:19:46Z",
                "casecompleteddate": null,
                "violationnumber": "VI-2025-055170",
                "violationdate": "2025-07-26T02:24:23Z",
                "violationcode": "PM15-110.1",
                "violationcodetitle": "ID STRUCTURE",
                "violationresolutiondate": null,
                "violationresolutioncode": null,
                "mostrecentinvestigation": "2025-07-26T02:26:43Z",
                "novinitialreinvestigationdate": "2025-08-21T04:00:00Z",
                "finalnovissuedate": null,
                "opa_account_num": "772321000",
                "address": "1854-56 N 22ND ST",
                "unit_type": null,
                "unit_num": null,
                "zip": "19121-2111",
                "censustract": "015200",
                "opa_owner": "GREATER ENON MISSIONARY B",
                "systemofrecord": null,
                "geocode_x": 2691242.31994864,
                "geocode_y": 247331.309347878,
                "council_district": "5",
                "posse_jobid": "898616914"
            }
        },
        {
            "type": "Feature",
            "geometry": {
                "type": "Point",
                "coordinates": [
                    -75.217544,
                    39.954526
                ]
            },
            "properties": {
                "objectid": 135,
                "addressobjectid": "165804747",
                "parcel_id_num": "249133",
                "casenumber": "CF-2025-054947",
                "casecreateddate": "2025-06-08T16:14:04Z",
                "casecompleteddate": null,
                "violationnumber": "VI-2025-041270",
                "violationdate": "2025-06-08T16:16:23Z",
                "violationcode": "PM15-110.1",
                "violationcodetitle": "ID STRUCTURE",
                "violationresolutiondate": null,
                "violationresolutioncode": null,
                "mostrecentinvestigation": "2025-06-08T16:19:13Z",
                "novinitialreinvestigationdate": "2025-07-20T04:00:00Z",
                "finalnovissuedate": null,
                "opa_account_num": "881144050",
                "address": "237 S 48TH ST",
                "unit_type": null,
                "unit_num": null,
                "zip": "19139-4217",
                "censustract": "008601",
                "opa_owner": "ADMIRAL COURT REALTY CO L",
                "systemofrecord": null,
                "geocode_x": 2678371.20430462,
                "geocode_y": 236471.2484768729,
                "council_district": "3",
                "posse_jobid": "882992990"
            }
        },
        {
            "type": "Feature",
            "geometry": {
                "type": "Point",
                "coordinates": [
                    -75.234518,
                    39.939335
                ]
            },
            "properties": {
                "objectid": 136,
                "addressobjectid": "166540918",
                "parcel_id_num": "136903",
                "casenumber": "CF-2024-098003",
                "casecreateddate": "2024-09-05T03:18:47Z",
                "casecompleteddate": null,
                "violationnumber": "VI-2024-075603",
                "violationdate": "2024-09-05T03:19:30Z",
                "violationcode": "PM15-110.1",
                "violationcodetitle": "ID STRUCTURE",
                "violationresolutiondate": null,
                "violationresolutioncode": null,
                "mostrecentinvestigation": "2025-08-28T15:03:18Z",
                "novinitialreinvestigationdate": "2024-09-15T04:00:00Z",
                "finalnovissuedate": null,
                "opa_account_num": "034060100",
                "address": "5844 WILLOWS AVE",
                "unit_type": null,
                "unit_num": null,
                "zip": "19143-4519",
                "censustract": "006500",
                "opa_owner": "ELIZABETH B WALTERS",
                "systemofrecord": null,
                "geocode_x": 2673772.12094539,
                "geocode_y": 230803.4634335429,
                "council_district": "3",
                "posse_jobid": "787659704"
            }
        },
        {
            "type": "Feature",
            "geometry": {
                "type": "Point",
                "coordinates": [
                    -75.234558,
                    39.939308
                ]
            },
            "properties": {
                "objectid": 137,
                "addressobjectid": "166543702",
                "parcel_id_num": "490199",
                "casenumber": "CF-2023-105602",
                "casecreateddate": "2023-10-11T11:57:54Z",
                "casecompleteddate": null,
                "violationnumber": "VI-2023-078594",
                "violationdate": "2023-10-11T11:58:20Z",
                "violationcode": "PM15-110.1",
                "violationcodetitle": "ID STRUCTURE",
                "violationresolutiondate": null,
                "violationresolutioncode": null,
                "mostrecentinvestigation": "2025-08-28T15:22:25Z",
                "novinitialreinvestigationdate": "2023-10-21T04:00:00Z",
                "finalnovissuedate": null,
                "opa_account_num": "034060200",
                "address": "5846 WILLOWS AVE",
                "unit_type": null,
                "unit_num": null,
                "zip": "19143-4519",
                "censustract": "006500",
                "opa_owner": "SIMMONS AARON LEWIS",
                "systemofrecord": null,
                "geocode_x": 2673761.27588018,
                "geocode_y": 230793.518915288,
                "council_district": "3",
                "posse_jobid": "650861918"
            }
        },
        {
            "type": "Feature",
            "geometry": {
                "type": "Point",
                "coordinates": [
                    -75.160817,
                    40.003977
                ]
            },
            "properties": {
                "objectid": 138,
                "addressobjectid": "167482847",
                "parcel_id_num": "27064",
                "casenumber": "CF-2025-025904",
                "casecreateddate": "2025-04-06T20:35:20Z",
                "casecompleteddate": null,
                "violationnumber": "VI-2025-019700",
                "violationdate": "2025-04-06T20:36:59Z",
                "violationcode": "PM15-110.1",
                "violationcodetitle": "ID STRUCTURE",
                "violationresolutiondate": null,
                "violationresolutioncode": null,
                "mostrecentinvestigation": "2025-04-06T20:43:47Z",
                "novinitialreinvestigationdate": "2025-04-17T04:00:00Z",
                "finalnovissuedate": null,
                "opa_account_num": "884341930",
                "address": "3236-98 N 19TH ST",
                "unit_type": null,
                "unit_num": null,
                "zip": "19140",
                "censustract": "020200",
                "opa_owner": "PATTERSON MICHAEL",
                "systemofrecord": null,
                "geocode_x": 2693739.77095644,
                "geocode_y": 254938.7116699409,
                "council_district": "8",
                "posse_jobid": "861011389"
            }
        },
        {
            "type": "Feature",
            "geometry": {
                "type": "Point",
                "coordinates": [
                    -75.114144,
                    39.996976
                ]
            },
            "properties": {
                "objectid": 139,
                "addressobjectid": "175303891",
                "parcel_id_num": "524114",
                "casenumber": "CF-2025-092241",
                "casecreateddate": "2025-08-26T19:22:19Z",
                "casecompleteddate": null,
                "violationnumber": "VI-2025-065938",
                "violationdate": "2025-08-26T19:24:08Z",
                "violationcode": "PM15-110.1",
                "violationcodetitle": "ID STRUCTURE",
                "violationresolutiondate": null,
                "violationresolutioncode": null,
                "mostrecentinvestigation": "2025-10-03T15:15:52Z",
                "novinitialreinvestigationdate": "2025-09-06T04:00:00Z",
                "finalnovissuedate": null,
                "opa_account_num": "331054700",
                "address": "844 E HILTON ST",
                "unit_type": null,
                "unit_num": null,
                "zip": "19134-1916",
                "censustract": "017701",
                "opa_owner": "SCS08 LLC",
                "systemofrecord": null,
                "geocode_x": 2706885.37289388,
                "geocode_y": 252776.0751380739,
                "council_district": "7",
                "posse_jobid": "908729192"
            }
        },
        {
            "type": "Feature",
            "geometry": {
                "type": "Point",
                "coordinates": [
                    -75.147005,
                    39.9909
                ]
            },
            "properties": {
                "objectid": 140,
                "addressobjectid": "317016575",
                "parcel_id_num": "168485",
                "casenumber": "CF-2022-105185",
                "casecreateddate": "2022-10-13T15:25:54Z",
                "casecompleteddate": null,
                "violationnumber": "VI-2022-077607",
                "violationdate": "2022-10-13T04:00:00Z",
                "violationcode": "PM15-110.1",
                "violationcodetitle": "ID STRUCTURE",
                "violationresolutiondate": null,
                "violationresolutioncode": null,
                "mostrecentinvestigation": "2022-10-13T15:27:04Z",
                "novinitialreinvestigationdate": "2022-10-23T04:00:00Z",
                "finalnovissuedate": null,
                "opa_account_num": "371146600",
                "address": "2555 N HUTCHINSON ST",
                "unit_type": null,
                "unit_num": null,
                "zip": "19133-1937",
                "censustract": "016400",
                "opa_owner": "BCM SECOND INVESTMENT LLC",
                "systemofrecord": null,
                "geocode_x": 2697748.02698292,
                "geocode_y": 250290.645133756,
                "council_district": "5",
                "posse_jobid": "527814011"
            }
        },
        {
            "type": "Feature",
            "geometry": {
                "type": "Point",
                "coordinates": [
                    -75.224863,
                    39.970254
                ]
            },
            "properties": {
                "objectid": 141,
                "addressobjectid": "383541015",
                "parcel_id_num": "535416",
                "casenumber": "CF-2024-098836",
                "casecreateddate": "2024-09-06T17:22:27Z",
                "casecompleteddate": null,
                "violationnumber": "VI-2024-076097",
                "violationdate": "2024-09-06T17:24:26Z",
                "violationcode": "PM15-110.1",
                "violationcodetitle": "ID STRUCTURE",
                "violationresolutiondate": null,
                "violationresolutioncode": null,
                "mostrecentinvestigation": "2025-10-08T14:07:45Z",
                "novinitialreinvestigationdate": "2024-09-16T04:00:00Z",
                "finalnovissuedate": null,
                "opa_account_num": "442265700",
                "address": "631 N CREIGHTON ST",
                "unit_type": null,
                "unit_num": null,
                "zip": "19131-5108",
                "censustract": "011100",
                "opa_owner": "MIDDLETON WILLIAM CURTIS",
                "systemofrecord": null,
                "geocode_x": 2676156.56735146,
                "geocode_y": 242139.597946394,
                "council_district": "3",
                "posse_jobid": "788359612"
            }
        },
        {
            "type": "Feature",
            "geometry": {
                "type": "Point",
                "coordinates": [
                    -75.191946,
                    40.04497
                ]
            },
            "properties": {
                "objectid": 142,
                "addressobjectid": "391190023",
                "parcel_id_num": "118141",
                "casenumber": "CF-2025-045689",
                "casecreateddate": "2025-05-20T15:27:16Z",
                "casecompleteddate": null,
                "violationnumber": "VI-2025-034255",
                "violationdate": "2025-05-20T15:27:31Z",
                "violationcode": "PM15-110.1",
                "violationcodetitle": "ID STRUCTURE",
                "violationresolutiondate": null,
                "violationresolutioncode": null,
                "mostrecentinvestigation": "2025-09-18T18:32:06Z",
                "novinitialreinvestigationdate": "2025-06-26T04:00:00Z",
                "finalnovissuedate": null,
                "opa_account_num": "223233900",
                "address": "6630 MCCALLUM ST",
                "unit_type": null,
                "unit_num": null,
                "zip": "19119-3121",
                "censustract": "023700",
                "opa_owner": "MCCALLUM STREET PARTNERS LLC",
                "systemofrecord": null,
                "geocode_x": 2684590.47458342,
                "geocode_y": 269611.425101324,
                "council_district": "8",
                "posse_jobid": "876651372"
            }
        },
        {
            "type": "Feature",
            "geometry": {
                "type": "Point",
                "coordinates": [
                    -75.143894,
                    40.029856
                ]
            },
            "properties": {
                "objectid": 143,
                "addressobjectid": "487026182",
                "parcel_id_num": "59294",
                "casenumber": "CF-2022-094607",
                "casecreateddate": "2022-09-14T17:06:31Z",
                "casecompleteddate": null,
                "violationnumber": "VI-2022-069567",
                "violationdate": "2022-09-14T17:06:52Z",
                "violationcode": "PM15-110.1",
                "violationcodetitle": "ID STRUCTURE",
                "violationresolutiondate": null,
                "violationresolutioncode": null,
                "mostrecentinvestigation": "2024-06-24T14:45:46Z",
                "novinitialreinvestigationdate": "2022-10-03T04:00:00Z",
                "finalnovissuedate": null,
                "opa_account_num": "881150650",
                "address": "1220 LINDLEY AVE",
                "unit_type": null,
                "unit_num": null,
                "zip": "19141-3534",
                "censustract": "028300",
                "opa_owner": "LINDLEY TOWER REALTY CO L.P.",
                "systemofrecord": null,
                "geocode_x": 2698200.45294279,
                "geocode_y": 264501.371862557,
                "council_district": "9",
                "posse_jobid": "518616617"
            }
        },
        {
            "type": "Feature",
            "geometry": {
                "type": "Point",
                "coordinates": [
                    -75.109383,
                    39.998927
                ]
            },
            "properties": {
                "objectid": 144,
                "addressobjectid": "487098660",
                "parcel_id_num": "925007",
                "casenumber": "CF-2023-126186",
                "casecreateddate": "2023-12-14T11:54:22Z",
                "casecompleteddate": null,
                "violationnumber": "VI-2023-096179",
                "violationdate": "2023-12-14T11:54:54Z",
                "violationcode": "PM15-110.1",
                "violationcodetitle": "ID STRUCTURE",
                "violationresolutiondate": null,
                "violationresolutioncode": null,
                "mostrecentinvestigation": "2025-01-28T13:29:05Z",
                "novinitialreinvestigationdate": "2024-05-13T04:00:00Z",
                "finalnovissuedate": null,
                "opa_account_num": "882006407",
                "address": "3360-70 KENSINGTON AVE",
                "unit_type": null,
                "unit_num": null,
                "zip": "19134-1402",
                "censustract": "019200",
                "opa_owner": "KCT PROPERTIES I LLC",
                "systemofrecord": null,
                "geocode_x": 2708197.46639637,
                "geocode_y": 253526.481148917,
                "council_district": "7",
                "posse_jobid": "670806211"
            }
        },
        {
            "type": "Feature",
            "geometry": {
                "type": "Point",
                "coordinates": [
                    -75.176956,
                    40.002791
                ]
            },
            "properties": {
                "objectid": 145,
                "addressobjectid": "487148847",
                "parcel_id_num": "172743",
                "casenumber": "CF-2025-000201",
                "casecreateddate": "2025-01-02T17:41:35Z",
                "casecompleteddate": null,
                "violationnumber": "VI-2025-000100",
                "violationdate": "2025-01-02T17:42:12Z",
                "violationcode": "PM15-110.1",
                "violationcodetitle": "ID STRUCTURE",
                "violationresolutiondate": null,
                "violationresolutioncode": null,
                "mostrecentinvestigation": "2025-01-02T17:46:46Z",
                "novinitialreinvestigationdate": "2025-01-12T05:00:00Z",
                "finalnovissuedate": null,
                "opa_account_num": "884321207",
                "address": "2830-34 W CLEARFIELD ST",
                "unit_type": null,
                "unit_num": null,
                "zip": "19132-1248",
                "censustract": "017100",
                "opa_owner": "BERGEN ELIZABETH, BERGEN MICHAEL",
                "systemofrecord": null,
                "geocode_x": 2689232.98623343,
                "geocode_y": 254374.477161911,
                "council_district": "4",
                "posse_jobid": "825520798"
            }
        },
        {
            "type": "Feature",
            "geometry": {
                "type": "Point",
                "coordinates": [
                    -75.119858,
                    39.993459
                ]
            },
            "properties": {
                "objectid": 146,
                "addressobjectid": "487193449",
                "parcel_id_num": "71249",
                "casenumber": "CF-2025-010090",
                "casecreateddate": "2025-02-17T20:54:39Z",
                "casecompleteddate": null,
                "violationnumber": "VI-2025-008060",
                "violationdate": "2025-02-17T20:55:42Z",
                "violationcode": "PM15-110.1",
                "violationcodetitle": "ID STRUCTURE",
                "violationresolutiondate": null,
                "violationresolutioncode": null,
                "mostrecentinvestigation": "2025-02-17T20:58:52Z",
                "novinitialreinvestigationdate": "2025-02-28T05:00:00Z",
                "finalnovissuedate": null,
                "opa_account_num": "882966990",
                "address": "2914 KENSINGTON AVE",
                "unit_type": null,
                "unit_num": null,
                "zip": "19134-3017",
                "censustract": "017701",
                "opa_owner": "STANISH PETER L, STANISH CYNTHIA P",
                "systemofrecord": null,
                "geocode_x": 2705323.37059944,
                "geocode_y": 251447.644302829,
                "council_district": "7",
                "posse_jobid": "842049788"
            }
        },
        {
            "type": "Feature",
            "geometry": {
                "type": "Point",
                "coordinates": [
                    -75.245115,
                    39.97734
                ]
            },
            "properties": {
                "objectid": 147,
                "addressobjectid": "501310090",
                "parcel_id_num": "-342352400",
                "casenumber": "CF-2023-030900",
                "casecreateddate": "2023-04-14T14:17:57Z",
                "casecompleteddate": null,
                "violationnumber": "VI-2023-023474",
                "violationdate": "2023-04-14T14:18:23Z",
                "violationcode": "PM15-110.1",
                "violationcodetitle": "ID STRUCTURE",
                "violationresolutiondate": null,
                "violationresolutioncode": null,
                "mostrecentinvestigation": "2025-08-04T16:17:49Z",
                "novinitialreinvestigationdate": "2025-08-11T04:00:00Z",
                "finalnovissuedate": null,
                "opa_account_num": "342352400",
                "address": "1704 N FELTON ST",
                "unit_type": null,
                "unit_num": null,
                "zip": "19151-3440",
                "censustract": "011400",
                "opa_owner": "HILL PROPERTIES & LAND DEVELOPMENT",
                "systemofrecord": null,
                "geocode_x": 2670409.1657762,
                "geocode_y": 244558.1594903539,
                "council_district": "4",
                "posse_jobid": "589800560"
            }
        },
        {
            "type": "Feature",
            "geometry": {
                "type": "Point",
                "coordinates": [
                    -75.245115,
                    39.97734
                ]
            },
            "properties": {
                "objectid": 148,
                "addressobjectid": "501310090",
                "parcel_id_num": "-342352400",
                "casenumber": "CF-2023-051657",
                "casecreateddate": "2023-06-02T18:39:43Z",
                "casecompleteddate": null,
                "violationnumber": "VI-2023-038965",
                "violationdate": "2023-06-02T18:40:26Z",
                "violationcode": "PM15-110.1",
                "violationcodetitle": "ID STRUCTURE",
                "violationresolutiondate": null,
                "violationresolutioncode": null,
                "mostrecentinvestigation": "2025-08-04T16:04:21Z",
                "novinitialreinvestigationdate": "2025-08-11T04:00:00Z",
                "finalnovissuedate": null,
                "opa_account_num": "342352400",
                "address": "1704 N FELTON ST",
                "unit_type": null,
                "unit_num": null,
                "zip": "19151-3440",
                "censustract": "011400",
                "opa_owner": "HILL PROPERTIES & LAND DEVELOPMENT",
                "systemofrecord": null,
                "geocode_x": 2670409.1657762,
                "geocode_y": 244558.1594903539,
                "council_district": "4",
                "posse_jobid": "607347626"
            }
        },
        {
            "type": "Feature",
            "geometry": {
                "type": "Point",
                "coordinates": [
                    -75.080762,
                    40.01628
                ]
            },
            "properties": {
                "objectid": 149,
                "addressobjectid": "513093493",
                "parcel_id_num": "213664",
                "casenumber": "CF-2024-129601",
                "casecreateddate": "2024-12-26T17:17:59Z",
                "casecompleteddate": null,
                "violationnumber": "VI-2024-100423",
                "violationdate": "2024-12-26T17:21:04Z",
                "violationcode": "PM15-110.1",
                "violationcodetitle": "ID STRUCTURE",
                "violationresolutiondate": null,
                "violationresolutioncode": null,
                "mostrecentinvestigation": "2024-12-26T17:28:47Z",
                "novinitialreinvestigationdate": "2025-01-13T05:00:00Z",
                "finalnovissuedate": null,
                "opa_account_num": "884465795",
                "address": "1688-98 FOULKROD ST",
                "unit_type": null,
                "unit_num": null,
                "zip": "19124-2740",
                "censustract": "030000",
                "opa_owner": "2201 NORTH AMERICAN STREET LLC",
                "systemofrecord": null,
                "geocode_x": 2716021.5030597993,
                "geocode_y": 260085.942966464,
                "council_district": "7",
                "posse_jobid": "824036657"
            }
        },
        {
            "type": "Feature",
            "geometry": {
                "type": "Point",
                "coordinates": [
                    -75.165085,
                    40.002692
                ]
            },
            "properties": {
                "objectid": 150,
                "addressobjectid": "513126865",
                "parcel_id_num": "295245",
                "casenumber": "CF-2024-058337",
                "casecreateddate": "2024-06-07T14:38:00Z",
                "casecompleteddate": null,
                "violationnumber": "VI-2024-046747",
                "violationdate": "2024-06-07T15:13:37Z",
                "violationcode": "PM15-110.1",
                "violationcodetitle": "ID STRUCTURE",
                "violationresolutiondate": null,
                "violationresolutioncode": null,
                "mostrecentinvestigation": "2025-01-29T14:15:47Z",
                "novinitialreinvestigationdate": "2024-07-12T04:00:00Z",
                "finalnovissuedate": "2025-01-29T14:15:47Z",
                "opa_account_num": "884557110",
                "address": "2100-20 W ALLEGHENY AVE",
                "unit_type": null,
                "unit_num": null,
                "zip": "19132-1554",
                "censustract": "017300",
                "opa_owner": "STEEL HEDDLE QOZB LLC",
                "systemofrecord": null,
                "geocode_x": 2692558.33099512,
                "geocode_y": 254435.547282655,
                "council_district": "8",
                "posse_jobid": "757219362"
            }
        },
        {
            "type": "Feature",
            "geometry": {
                "type": "Point",
                "coordinates": [
                    -75.161944,
                    39.94883
                ]
            },
            "properties": {
                "objectid": 151,
                "addressobjectid": "519695435",
                "parcel_id_num": "79100",
                "casenumber": "CF-2023-010752",
                "casecreateddate": "2023-02-08T15:44:21Z",
                "casecompleteddate": null,
                "violationnumber": "VI-2023-008327",
                "violationdate": "2023-02-08T15:44:43Z",
                "violationcode": "PM15-110.1",
                "violationcodetitle": "ID STRUCTURE",
                "violationresolutiondate": null,
                "violationresolutioncode": null,
                "mostrecentinvestigation": "2025-04-09T14:15:28Z",
                "novinitialreinvestigationdate": "2023-02-18T05:00:00Z",
                "finalnovissuedate": null,
                "opa_account_num": "881011501",
                "address": "201 S 13TH ST",
                "unit_type": null,
                "unit_num": null,
                "zip": "19107-5463",
                "censustract": "000901",
                "opa_owner": "WALNUT SQUARE PARTNERS, LTD",
                "systemofrecord": null,
                "geocode_x": 2694012.9050663,
                "geocode_y": 234848.894116283,
                "council_district": "1",
                "posse_jobid": "564864483"
            }
        },
        {
            "type": "Feature",
            "geometry": {
                "type": "Point",
                "coordinates": [
                    -75.161944,
                    39.94883
                ]
            },
            "properties": {
                "objectid": 152,
                "addressobjectid": "519695435",
                "parcel_id_num": "79100",
                "casenumber": "CF-2023-066220",
                "casecreateddate": "2023-07-13T13:19:23Z",
                "casecompleteddate": null,
                "violationnumber": "VI-2023-049850",
                "violationdate": "2023-07-13T04:00:00Z",
                "violationcode": "PM15-110.1",
                "violationcodetitle": "ID STRUCTURE",
                "violationresolutiondate": null,
                "violationresolutioncode": null,
                "mostrecentinvestigation": "2025-04-09T14:21:39Z",
                "novinitialreinvestigationdate": "2023-07-23T04:00:00Z",
                "finalnovissuedate": null,
                "opa_account_num": "881011501",
                "address": "201 S 13TH ST",
                "unit_type": null,
                "unit_num": null,
                "zip": "19107-5463",
                "censustract": "000901",
                "opa_owner": "WALNUT SQUARE PARTNERS, LTD",
                "systemofrecord": null,
                "geocode_x": 2694012.9050663,
                "geocode_y": 234848.894116283,
                "council_district": "1",
                "posse_jobid": "620921203"
            }
        },
        {
            "type": "Feature",
            "geometry": {
                "type": "Point",
                "coordinates": []
            },
            "properties": {
                "objectid": 153,
                "addressobjectid": "529870018",
                "parcel_id_num": "-1081625",
                "casenumber": "CF-2023-037453",
                "casecreateddate": "2023-05-01T11:44:54Z",
                "casecompleteddate": null,
                "violationnumber": "VI-2023-028610",
                "violationdate": "2023-05-01T04:00:00Z",
                "violationcode": "PM15-110.1",
                "violationcodetitle": "ID STRUCTURE",
                "violationresolutiondate": null,
                "violationresolutioncode": null,
                "mostrecentinvestigation": "2025-10-09T17:19:09Z",
                "novinitialreinvestigationdate": "2023-05-11T04:00:00Z",
                "finalnovissuedate": null,
                "opa_account_num": null,
                "address": "1120 CALLOWHILL ST",
                "unit_type": null,
                "unit_num": null,
                "zip": null,
                "censustract": null,
                "opa_owner": null,
                "systemofrecord": null,
                "geocode_x": null,
                "geocode_y": null,
                "council_district": null,
                "posse_jobid": "595339317"
            }
        },
        {
            "type": "Feature",
            "geometry": {
                "type": "Point",
                "coordinates": [
                    -75.125955,
                    40.000785
                ]
            },
            "properties": {
                "objectid": 154,
                "addressobjectid": "539502895",
                "parcel_id_num": "389365",
                "casenumber": "CF-2025-098306",
                "casecreateddate": "2025-09-09T16:21:32Z",
                "casecompleteddate": null,
                "violationnumber": "VI-2025-070321",
                "violationdate": "2025-09-09T16:22:19Z",
                "violationcode": "PM15-110.1",
                "violationcodetitle": "ID STRUCTURE",
                "violationresolutiondate": null,
                "violationresolutioncode": null,
                "mostrecentinvestigation": "2025-09-19T11:24:24Z",
                "novinitialreinvestigationdate": "2025-09-19T04:00:00Z",
                "finalnovissuedate": null,
                "opa_account_num": "073077010",
                "address": "3343 ELLA ST",
                "unit_type": null,
                "unit_num": null,
                "zip": "19134-1609",
                "censustract": "019501",
                "opa_owner": "MONSOLINO JOHN",
                "systemofrecord": null,
                "geocode_x": 2703536.48140925,
                "geocode_y": 254064.52566788,
                "council_district": "7",
                "posse_jobid": "912475942"
            }
        },
        {
            "type": "Feature",
            "geometry": {
                "type": "Point",
                "coordinates": [
                    -75.130524,
                    40.004356
                ]
            },
            "properties": {
                "objectid": 155,
                "addressobjectid": "539517851",
                "parcel_id_num": "320247",
                "casenumber": "CF-2023-024039",
                "casecreateddate": "2023-03-24T12:56:05Z",
                "casecompleteddate": null,
                "violationnumber": "VI-2023-018201",
                "violationdate": "2023-03-24T12:56:57Z",
                "violationcode": "PM15-110.1",
                "violationcodetitle": "ID STRUCTURE",
                "violationresolutiondate": null,
                "violationresolutioncode": null,
                "mostrecentinvestigation": "2025-06-28T12:21:04Z",
                "novinitialreinvestigationdate": "2023-04-03T04:00:00Z",
                "finalnovissuedate": null,
                "opa_account_num": "884523600",
                "address": "3532-44 MASCHER ST",
                "unit_type": null,
                "unit_num": null,
                "zip": "19140-4632",
                "censustract": "019502",
                "opa_owner": "SHEGDA JOHN",
                "systemofrecord": null,
                "geocode_x": 2702218.3532729,
                "geocode_y": 255326.6810670059,
                "council_district": "7",
                "posse_jobid": "582100644"
            }
        },
        {
            "type": "Feature",
            "geometry": {
                "type": "Point",
                "coordinates": [
                    -75.165911,
                    39.968074
                ]
            },
            "properties": {
                "objectid": 156,
                "addressobjectid": "559887309",
                "parcel_id_num": "39919",
                "casenumber": "CF-2024-109558",
                "casecreateddate": "2024-10-07T03:25:53Z",
                "casecompleteddate": null,
                "violationnumber": "VI-2024-084471",
                "violationdate": "2024-10-07T03:26:16Z",
                "violationcode": "PM15-110.1",
                "violationcodetitle": "ID STRUCTURE",
                "violationresolutiondate": null,
                "violationresolutioncode": null,
                "mostrecentinvestigation": "2025-08-27T13:20:18Z",
                "novinitialreinvestigationdate": "2025-08-25T04:00:00Z",
                "finalnovissuedate": null,
                "opa_account_num": "881146268",
                "address": "718-26 N 17TH ST",
                "unit_type": null,
                "unit_num": null,
                "zip": "19130-2840",
                "censustract": "013500",
                "opa_owner": "DARRAH SCHOOL REALTY CO LP",
                "systemofrecord": null,
                "geocode_x": 2692696.0388576095,
                "geocode_y": 241823.390040039,
                "council_district": "5",
                "posse_jobid": "798140616"
            }
        },
        {
            "type": "Feature",
            "geometry": {
                "type": "Point",
                "coordinates": [
                    -75.150751,
                    40.01441
                ]
            },
            "properties": {
                "objectid": 157,
                "addressobjectid": "600248124",
                "parcel_id_num": "516611",
                "casenumber": "CF-2025-005711",
                "casecreateddate": "2025-01-28T17:19:18Z",
                "casecompleteddate": null,
                "violationnumber": "VI-2025-004509",
                "violationdate": "2025-01-28T17:30:32Z",
                "violationcode": "PM15-110.1",
                "violationcodetitle": "ID STRUCTURE",
                "violationresolutiondate": null,
                "violationresolutioncode": null,
                "mostrecentinvestigation": "2025-01-28T17:32:59Z",
                "novinitialreinvestigationdate": "2025-02-07T05:00:00Z",
                "finalnovissuedate": null,
                "opa_account_num": "884342335",
                "address": "3955-57 ELSER ST",
                "unit_type": null,
                "unit_num": null,
                "zip": "19140-3003",
                "censustract": "020300",
                "opa_owner": "ABOU ASHER B, ABOU ODED B",
                "systemofrecord": null,
                "geocode_x": 2696446.58684042,
                "geocode_y": 258820.367408918,
                "council_district": "8",
                "posse_jobid": "834600561"
            }
        },
        {
            "type": "Feature",
            "geometry": {
                "type": "Point",
                "coordinates": [
                    -75.154954,
                    40.001399
                ]
            },
            "properties": {
                "objectid": 158,
                "addressobjectid": "652085485",
                "parcel_id_num": "515713",
                "casenumber": "CF-2025-096941",
                "casecreateddate": "2025-09-05T16:03:10Z",
                "casecompleteddate": null,
                "violationnumber": "VI-2025-069427",
                "violationdate": "2025-09-05T16:08:41Z",
                "violationcode": "PM15-110.1",
                "violationcodetitle": "ID STRUCTURE",
                "violationresolutiondate": null,
                "violationresolutioncode": null,
                "mostrecentinvestigation": "2025-09-05T16:15:02Z",
                "novinitialreinvestigationdate": "2025-09-19T04:00:00Z",
                "finalnovissuedate": null,
                "opa_account_num": "776523000",
                "address": "1502 W ALLEGHENY AVE",
                "unit_type": null,
                "unit_num": null,
                "zip": "19132-1715",
                "censustract": "020101",
                "opa_owner": "AGAPE TABERNACLE HOUSHOLD, MAIN BIBLE INSTITUTE",
                "systemofrecord": null,
                "geocode_x": 2695409.21773821,
                "geocode_y": 254047.914202426,
                "council_district": "8",
                "posse_jobid": "911508545"
            }
        },
        {
            "type": "Feature",
            "geometry": {
                "type": "Point",
                "coordinates": [
                    -75.172822,
                    39.973752
                ]
            },
            "properties": {
                "objectid": 159,
                "addressobjectid": "667443980",
                "parcel_id_num": "413449",
                "casenumber": "CF-2025-032650",
                "casecreateddate": "2025-04-24T13:01:28Z",
                "casecompleteddate": null,
                "violationnumber": "VI-2025-024642",
                "violationdate": "2025-04-24T13:03:23Z",
                "violationcode": "PM15-110.1",
                "violationcodetitle": "ID STRUCTURE",
                "violationresolutiondate": null,
                "violationresolutioncode": null,
                "mostrecentinvestigation": "2025-04-24T13:08:33Z",
                "novinitialreinvestigationdate": "2025-05-04T04:00:00Z",
                "finalnovissuedate": null,
                "opa_account_num": "772510000",
                "address": "2035 S COLLEGE AVE",
                "unit_type": null,
                "unit_num": null,
                "zip": "19121-4810",
                "censustract": "013900",
                "opa_owner": "THE TRUSTEES OF THE, EST OF STEPHEN GIRARD",
                "systemofrecord": null,
                "geocode_x": 2690699.50015351,
                "geocode_y": 243834.363158952,
                "council_district": "5",
                "posse_jobid": "867431211"
            }
        },
        {
            "type": "Feature",
            "geometry": {
                "type": "Point",
                "coordinates": [
                    -75.138222,
                    40.021522
                ]
            },
            "properties": {
                "objectid": 160,
                "addressobjectid": "691867761",
                "parcel_id_num": "166885",
                "casenumber": "CF-2025-089451",
                "casecreateddate": "2025-08-20T17:53:45Z",
                "casecompleteddate": null,
                "violationnumber": "VI-2025-063804",
                "violationdate": "2025-08-20T18:16:07Z",
                "violationcode": "PM15-110.1",
                "violationcodetitle": "ID STRUCTURE",
                "violationresolutiondate": null,
                "violationresolutioncode": null,
                "mostrecentinvestigation": "2025-10-02T17:30:13Z",
                "novinitialreinvestigationdate": "2025-09-02T04:00:00Z",
                "finalnovissuedate": null,
                "opa_account_num": "491077500",
                "address": "720 W ROOSEVELT BLVD",
                "unit_type": null,
                "unit_num": null,
                "zip": "19140-1344",
                "censustract": "028400",
                "opa_owner": "FAJARDO JOAQUIN",
                "systemofrecord": null,
                "geocode_x": 2699878.08678508,
                "geocode_y": 261513.5681949649,
                "council_district": "8",
                "posse_jobid": "906863851"
            }
        },
        {
            "type": "Feature",
            "geometry": {
                "type": "Point",
                "coordinates": [
                    -75.056258,
                    40.045043
                ]
            },
            "properties": {
                "objectid": 161,
                "addressobjectid": "741934118",
                "parcel_id_num": "498412",
                "casenumber": "CF-2025-007057",
                "casecreateddate": "2025-02-01T21:17:28Z",
                "casecompleteddate": null,
                "violationnumber": "VI-2025-005719",
                "violationdate": "2025-02-01T21:18:53Z",
                "violationcode": "PM15-110.1",
                "violationcodetitle": "ID STRUCTURE",
                "violationresolutiondate": null,
                "violationresolutioncode": null,
                "mostrecentinvestigation": "2025-08-26T17:52:58Z",
                "novinitialreinvestigationdate": "2025-02-13T05:00:00Z",
                "finalnovissuedate": null,
                "opa_account_num": "542503900",
                "address": "7270 CALVERT ST",
                "unit_type": null,
                "unit_num": null,
                "zip": "19149-1319",
                "censustract": "031402",
                "opa_owner": "CHEN HAO",
                "systemofrecord": null,
                "geocode_x": 2722561.95026648,
                "geocode_y": 270767.2451318189,
                "council_district": "6",
                "posse_jobid": "836420677"
            }
        },
        {
            "type": "Feature",
            "geometry": {
                "type": "Point",
                "coordinates": [
                    -75.227421,
                    39.964064
                ]
            },
            "properties": {
                "objectid": 162,
                "addressobjectid": "757623402",
                "parcel_id_num": "249766",
                "casenumber": "CF-2025-040825",
                "casecreateddate": "2025-05-10T08:21:44Z",
                "casecompleteddate": null,
                "violationnumber": "VI-2025-030896",
                "violationdate": "2025-05-10T08:23:12Z",
                "violationcode": "PM15-110.1",
                "violationcodetitle": "ID STRUCTURE",
                "violationresolutiondate": null,
                "violationresolutioncode": null,
                "mostrecentinvestigation": "2025-06-10T17:34:59Z",
                "novinitialreinvestigationdate": "2025-05-23T04:00:00Z",
                "finalnovissuedate": null,
                "opa_account_num": "441205200",
                "address": "224 N RUBY ST",
                "unit_type": null,
                "unit_num": null,
                "zip": "19139-1411",
                "censustract": "009300",
                "opa_owner": "MAKRIS ROBERT, MITSAS STEFANOS",
                "systemofrecord": null,
                "geocode_x": 2675504.27025765,
                "geocode_y": 239865.017188519,
                "council_district": "3",
                "posse_jobid": "873232484"
            }
        },
        {
            "type": "Feature",
            "geometry": {
                "type": "Point",
                "coordinates": [
                    -75.228614,
                    39.969004
                ]
            },
            "properties": {
                "objectid": 163,
                "addressobjectid": "760166481",
                "parcel_id_num": "233100",
                "casenumber": "CF-2024-101453",
                "casecreateddate": "2024-09-13T22:33:51Z",
                "casecompleteddate": null,
                "violationnumber": "VI-2024-077946",
                "violationdate": "2024-09-13T22:36:20Z",
                "violationcode": "PM15-110.1",
                "violationcodetitle": "ID STRUCTURE",
                "violationresolutiondate": null,
                "violationresolutioncode": null,
                "mostrecentinvestigation": "2025-04-09T20:04:23Z",
                "novinitialreinvestigationdate": "2025-09-01T04:00:00Z",
                "finalnovissuedate": null,
                "opa_account_num": "041106300",
                "address": "552 N 54TH ST",
                "unit_type": null,
                "unit_num": null,
                "zip": "19131-4928",
                "censustract": "010200",
                "opa_owner": "MILES JOANNE",
                "systemofrecord": null,
                "geocode_x": 2675118.4500675597,
                "geocode_y": 241654.371505556,
                "council_district": "4",
                "posse_jobid": "790874766"
            }
        },
        {
            "type": "Feature",
            "geometry": {
                "type": "Point",
                "coordinates": [
                    -75.207789,
                    39.955736
                ]
            },
            "properties": {
                "objectid": 164,
                "addressobjectid": "840957705",
                "parcel_id_num": "1475106",
                "casenumber": "CF-2024-121162",
                "casecreateddate": "2024-11-19T12:26:11Z",
                "casecompleteddate": null,
                "violationnumber": "VI-2024-093441",
                "violationdate": "2024-11-19T05:00:00Z",
                "violationcode": "PM15-110.1",
                "violationcodetitle": "ID STRUCTURE",
                "violationresolutiondate": null,
                "violationresolutioncode": null,
                "mostrecentinvestigation": "2024-11-19T13:07:49Z",
                "novinitialreinvestigationdate": "2024-11-29T05:00:00Z",
                "finalnovissuedate": null,
                "opa_account_num": "881000427",
                "address": "4245 SANSOM ST",
                "unit_type": null,
                "unit_num": null,
                "zip": "19104-3023",
                "censustract": "008702",
                "opa_owner": "INTERCULTURAL FAMILY SERV",
                "systemofrecord": null,
                "geocode_x": 2681092.15667646,
                "geocode_y": 236990.2177074529,
                "council_district": "3",
                "posse_jobid": "812830413"
            }
        }
    ]
}